  [1m[35m (271.4ms)[0m  [1m[35mCREATE DATABASE "meeting_rails_development" ENCODING = 'unicode' /*application='MeetingRails'*/[0m
  [1m[35mSQL (0.1ms)[0m  [1m[35mSET search_path TO public /*application='MeetingRails'*/[0m
  [1m[35m (466.0ms)[0m  [1m[35mCREATE DATABASE "meeting_rails_development" ENCODING = 'unicode' /*application='MeetingRails'*/[0m
  [1m[35mSQL (0.1ms)[0m  [1m[35mSET search_path TO public /*application='MeetingRails'*/[0m
  [1m[35m (388.2ms)[0m  [1m[35mCREATE DATABASE "meeting_rails_test" ENCODING = 'unicode' /*application='MeetingRails'*/[0m
  [1m[35m (51.5ms)[0m  [1m[35mCREATE TABLE "schema_migrations" ("version" character varying NOT NULL PRIMARY KEY) /*application='MeetingRails'*/[0m
  [1m[35m (4.1ms)[0m  [1m[35mCREATE TABLE "ar_internal_metadata" ("key" character varying NOT NULL PRIMARY KEY, "value" character varying, "created_at" timestamp(6) NOT NULL, "updated_at" timestamp(6) NOT NULL) /*application='MeetingRails'*/[0m
  [1m[35m (0.1ms)[0m  [1m[34mSELECT pg_try_advisory_lock(3859203788928044970) /*application='MeetingRails'*/[0m
  [1m[36mActiveRecord::SchemaMigration Load (1.3ms)[0m  [1m[34mSELECT "schema_migrations"."version" FROM "schema_migrations" ORDER BY "schema_migrations"."version" ASC /*application='MeetingRails'*/[0m
  [1m[36mActiveRecord::InternalMetadata Load (1.3ms)[0m  [1m[34mSELECT * FROM "ar_internal_metadata" WHERE "ar_internal_metadata"."key" = 'environment' ORDER BY "ar_internal_metadata"."key" ASC LIMIT 1 /*application='MeetingRails'*/[0m
  [1m[36mActiveRecord::InternalMetadata Create (1.2ms)[0m  [1m[32mINSERT INTO "ar_internal_metadata" ("key", "value", "created_at", "updated_at") VALUES ('environment', 'development', '2026-02-28 08:22:25.244750', '2026-02-28 08:22:25.244753') RETURNING "key" /*application='MeetingRails'*/[0m
Migrating to CreateOrganizations (20260228081751)
  [1m[36mTRANSACTION (0.2ms)[0m  [1m[35mBEGIN /*application='MeetingRails'*/[0m
  [1m[35m (13.0ms)[0m  [1m[35mCREATE TABLE "organizations" ("id" bigserial primary key, "name" character varying NOT NULL, "subdomain" character varying NOT NULL, "stripe_customer_id" character varying, "active" boolean DEFAULT TRUE NOT NULL, "plan_id" bigint, "created_at" timestamp(6) NOT NULL, "updated_at" timestamp(6) NOT NULL, CONSTRAINT "fk_rails_7d8d2861ef"
FOREIGN KEY ("plan_id")
  REFERENCES "plans" ("id")
) /*application='MeetingRails'*/[0m
  [1m[36mTRANSACTION (0.2ms)[0m  [1m[31mROLLBACK /*application='MeetingRails'*/[0m
  [1m[35m (0.2ms)[0m  [1m[34mSELECT pg_advisory_unlock(3859203788928044970) /*application='MeetingRails'*/[0m
  [1m[35m (0.1ms)[0m  [1m[34mSELECT pg_try_advisory_lock(3859203788928044970) /*application='MeetingRails'*/[0m
  [1m[36mActiveRecord::SchemaMigration Load (1.4ms)[0m  [1m[34mSELECT "schema_migrations"."version" FROM "schema_migrations" ORDER BY "schema_migrations"."version" ASC /*application='MeetingRails'*/[0m
  [1m[36mActiveRecord::InternalMetadata Load (1.6ms)[0m  [1m[34mSELECT * FROM "ar_internal_metadata" WHERE "ar_internal_metadata"."key" = 'environment' ORDER BY "ar_internal_metadata"."key" ASC LIMIT 1 /*application='MeetingRails'*/[0m
Migrating to CreateOrganizations (20260228081751)
  [1m[36mTRANSACTION (0.2ms)[0m  [1m[35mBEGIN /*application='MeetingRails'*/[0m
  [1m[35m (9.5ms)[0m  [1m[35mCREATE TABLE "organizations" ("id" bigserial primary key, "name" character varying NOT NULL, "subdomain" character varying NOT NULL, "stripe_customer_id" character varying, "active" boolean DEFAULT TRUE NOT NULL, "plan_id" bigint, "created_at" timestamp(6) NOT NULL, "updated_at" timestamp(6) NOT NULL) /*application='MeetingRails'*/[0m
  [1m[35m (1.7ms)[0m  [1m[35mCREATE UNIQUE INDEX "index_organizations_on_subdomain" ON "organizations" ("subdomain") /*application='MeetingRails'*/[0m
  [1m[35m (1.4ms)[0m  [1m[35mCREATE INDEX "index_organizations_on_plan_id" ON "organizations" ("plan_id") /*application='MeetingRails'*/[0m
  [1m[36mActiveRecord::SchemaMigration Create (0.8ms)[0m  [1m[32mINSERT INTO "schema_migrations" ("version") VALUES ('20260228081751') RETURNING "version" /*application='MeetingRails'*/[0m
  [1m[36mTRANSACTION (0.9ms)[0m  [1m[35mCOMMIT /*application='MeetingRails'*/[0m
Migrating to CreatePlans (20260228081758)
  [1m[36mTRANSACTION (0.3ms)[0m  [1m[35mBEGIN /*application='MeetingRails'*/[0m
  [1m[35m (8.2ms)[0m  [1m[35mCREATE TABLE "plans" ("id" bigserial primary key, "name" character varying, "price_cents" integer, "room_limit" integer, "stripe_price_id" character varying, "created_at" timestamp(6) NOT NULL, "updated_at" timestamp(6) NOT NULL) /*application='MeetingRails'*/[0m
  [1m[36mActiveRecord::SchemaMigration Create (0.3ms)[0m  [1m[32mINSERT INTO "schema_migrations" ("version") VALUES ('20260228081758') RETURNING "version" /*application='MeetingRails'*/[0m
  [1m[36mTRANSACTION (0.3ms)[0m  [1m[35mCOMMIT /*application='MeetingRails'*/[0m
Migrating to CreateSubscriptions (20260228081804)
  [1m[36mTRANSACTION (0.4ms)[0m  [1m[35mBEGIN /*application='MeetingRails'*/[0m
  [1m[35m (11.9ms)[0m  [1m[35mCREATE TABLE "subscriptions" ("id" bigserial primary key, "organization_id" bigint NOT NULL, "plan_id" bigint NOT NULL, "stripe_subscription_id" character varying, "status" character varying, "current_period_end" timestamp(6), "created_at" timestamp(6) NOT NULL, "updated_at" timestamp(6) NOT NULL, CONSTRAINT "fk_rails_364213cc3e"
FOREIGN KEY ("organization_id")
  REFERENCES "organizations" ("id")
, CONSTRAINT "fk_rails_63d3df128b"
FOREIGN KEY ("plan_id")
  REFERENCES "plans" ("id")
) /*application='MeetingRails'*/[0m
  [1m[35m (1.8ms)[0m  [1m[35mCREATE INDEX "index_subscriptions_on_organization_id" ON "subscriptions" ("organization_id") /*application='MeetingRails'*/[0m
  [1m[35m (2.1ms)[0m  [1m[35mCREATE INDEX "index_subscriptions_on_plan_id" ON "subscriptions" ("plan_id") /*application='MeetingRails'*/[0m
  [1m[36mActiveRecord::SchemaMigration Create (0.3ms)[0m  [1m[32mINSERT INTO "schema_migrations" ("version") VALUES ('20260228081804') RETURNING "version" /*application='MeetingRails'*/[0m
  [1m[36mTRANSACTION (0.4ms)[0m  [1m[35mCOMMIT /*application='MeetingRails'*/[0m
Migrating to DeviseCreateUsers (20260228082013)
  [1m[36mTRANSACTION (0.4ms)[0m  [1m[35mBEGIN /*application='MeetingRails'*/[0m
  [1m[35m (5.2ms)[0m  [1m[35mCREATE TABLE "users" ("id" bigserial primary key, "email" character varying DEFAULT '' NOT NULL, "encrypted_password" character varying DEFAULT '' NOT NULL, "reset_password_token" character varying, "reset_password_sent_at" timestamp(6), "remember_created_at" timestamp(6), "created_at" timestamp(6) NOT NULL, "updated_at" timestamp(6) NOT NULL) /*application='MeetingRails'*/[0m
  [1m[35m (2.4ms)[0m  [1m[35mCREATE UNIQUE INDEX "index_users_on_email" ON "users" ("email") /*application='MeetingRails'*/[0m
  [1m[35m (1.7ms)[0m  [1m[35mCREATE UNIQUE INDEX "index_users_on_reset_password_token" ON "users" ("reset_password_token") /*application='MeetingRails'*/[0m
  [1m[36mActiveRecord::SchemaMigration Create (0.3ms)[0m  [1m[32mINSERT INTO "schema_migrations" ("version") VALUES ('20260228082013') RETURNING "version" /*application='MeetingRails'*/[0m
  [1m[36mTRANSACTION (0.3ms)[0m  [1m[35mCOMMIT /*application='MeetingRails'*/[0m
Migrating to AddOrganizationAndRoleToUsers (20260228082038)
  [1m[36mTRANSACTION (0.4ms)[0m  [1m[35mBEGIN /*application='MeetingRails'*/[0m
  [1m[35m (3.4ms)[0m  [1m[35mALTER TABLE "users" ADD "organization_id" bigint NOT NULL /*application='MeetingRails'*/[0m
  [1m[35m (1.9ms)[0m  [1m[35mCREATE INDEX "index_users_on_organization_id" ON "users" ("organization_id") /*application='MeetingRails'*/[0m
  [1m[35m (4.1ms)[0m  [1m[35mALTER TABLE "users" ADD CONSTRAINT "fk_rails_d7b9ff90af"
FOREIGN KEY ("organization_id")
  REFERENCES "organizations" ("id")
 /*application='MeetingRails'*/[0m
  [1m[35m (0.4ms)[0m  [1m[35mALTER TABLE "users" ADD "role" integer /*application='MeetingRails'*/[0m
  [1m[36mActiveRecord::SchemaMigration Create (0.2ms)[0m  [1m[32mINSERT INTO "schema_migrations" ("version") VALUES ('20260228082038') RETURNING "version" /*application='MeetingRails'*/[0m
  [1m[36mTRANSACTION (0.3ms)[0m  [1m[35mCOMMIT /*application='MeetingRails'*/[0m
Migrating to CreateRooms (20260228082044)
  [1m[36mTRANSACTION (0.3ms)[0m  [1m[35mBEGIN /*application='MeetingRails'*/[0m
  [1m[35m (5.4ms)[0m  [1m[35mCREATE TABLE "rooms" ("id" bigserial primary key, "organization_id" bigint NOT NULL, "floor" character varying, "name" character varying, "capacity" integer, "active" boolean DEFAULT TRUE NOT NULL, "created_at" timestamp(6) NOT NULL, "updated_at" timestamp(6) NOT NULL, CONSTRAINT "fk_rails_c2da7dc036"
FOREIGN KEY ("organization_id")
  REFERENCES "organizations" ("id")
) /*application='MeetingRails'*/[0m
  [1m[35m (1.8ms)[0m  [1m[35mCREATE INDEX "index_rooms_on_organization_id" ON "rooms" ("organization_id") /*application='MeetingRails'*/[0m
  [1m[35m (1.4ms)[0m  [1m[35mCREATE INDEX "index_rooms_on_organization_id_and_floor" ON "rooms" ("organization_id", "floor") /*application='MeetingRails'*/[0m
  [1m[36mActiveRecord::SchemaMigration Create (0.3ms)[0m  [1m[32mINSERT INTO "schema_migrations" ("version") VALUES ('20260228082044') RETURNING "version" /*application='MeetingRails'*/[0m
  [1m[36mTRANSACTION (0.4ms)[0m  [1m[35mCOMMIT /*application='MeetingRails'*/[0m
Migrating to CreateReservations (20260228082050)
  [1m[36mTRANSACTION (0.3ms)[0m  [1m[35mBEGIN /*application='MeetingRails'*/[0m
  [1m[35m (9.3ms)[0m  [1m[35mCREATE TABLE "reservations" ("id" bigserial primary key, "room_id" bigint NOT NULL, "organization_id" bigint NOT NULL, "date" date, "start_time" time, "end_time" time, "organizer" character varying, "purpose" character varying, "password_digest" character varying, "created_at" timestamp(6) NOT NULL, "updated_at" timestamp(6) NOT NULL, CONSTRAINT "fk_rails_78d1025283"
FOREIGN KEY ("room_id")
  REFERENCES "rooms" ("id")
, CONSTRAINT "fk_rails_bf8a5a02cd"
FOREIGN KEY ("organization_id")
  REFERENCES "organizations" ("id")
) /*application='MeetingRails'*/[0m
  [1m[35m (1.6ms)[0m  [1m[35mCREATE INDEX "index_reservations_on_room_id" ON "reservations" ("room_id") /*application='MeetingRails'*/[0m
  [1m[35m (1.5ms)[0m  [1m[35mCREATE INDEX "index_reservations_on_organization_id" ON "reservations" ("organization_id") /*application='MeetingRails'*/[0m
  [1m[35m (1.5ms)[0m  [1m[35mCREATE INDEX "index_reservations_on_room_id_and_date" ON "reservations" ("room_id", "date") /*application='MeetingRails'*/[0m
  [1m[35m (9.0ms)[0m  [1m[35mCREATE INDEX "index_reservations_on_organization_id" ON "reservations" ("organization_id") /*application='MeetingRails'*/[0m
  [1m[36mTRANSACTION (0.2ms)[0m  [1m[31mROLLBACK /*application='MeetingRails'*/[0m
  [1m[35m (0.3ms)[0m  [1m[34mSELECT pg_advisory_unlock(3859203788928044970) /*application='MeetingRails'*/[0m
  [1m[36mActiveRecord::SchemaMigration Load (1.9ms)[0m  [1m[34mSELECT "schema_migrations"."version" FROM "schema_migrations" ORDER BY "schema_migrations"."version" ASC /*application='MeetingRails'*/[0m
  [1m[36mActiveRecord::InternalMetadata Load (1.6ms)[0m  [1m[34mSELECT * FROM "ar_internal_metadata" WHERE "ar_internal_metadata"."key" = 'environment' ORDER BY "ar_internal_metadata"."key" ASC LIMIT 1 /*application='MeetingRails'*/[0m
  [1m[36mActiveRecord::SchemaMigration Load (0.2ms)[0m  [1m[34mSELECT "schema_migrations"."version" FROM "schema_migrations" ORDER BY "schema_migrations"."version" ASC /*application='MeetingRails'*/[0m
  [1m[36mActiveRecord::InternalMetadata Load (0.2ms)[0m  [1m[34mSELECT * FROM "ar_internal_metadata" WHERE "ar_internal_metadata"."key" = 'environment' ORDER BY "ar_internal_metadata"."key" ASC LIMIT 1 /*application='MeetingRails'*/[0m
  [1m[36mActiveRecord::SchemaMigration Load (0.1ms)[0m  [1m[34mSELECT "schema_migrations"."version" FROM "schema_migrations" ORDER BY "schema_migrations"."version" ASC /*application='MeetingRails'*/[0m
  [1m[36mActiveRecord::InternalMetadata Load (0.3ms)[0m  [1m[34mSELECT * FROM "ar_internal_metadata" WHERE "ar_internal_metadata"."key" = 'environment' ORDER BY "ar_internal_metadata"."key" ASC LIMIT 1 /*application='MeetingRails'*/[0m
  [1m[35mSQL (0.1ms)[0m  [1m[35mSET search_path TO public /*application='MeetingRails'*/[0m
  [1m[35m (641.6ms)[0m  [1m[35mDROP DATABASE IF EXISTS "meeting_rails_development" /*application='MeetingRails'*/[0m
  [1m[35mSQL (0.1ms)[0m  [1m[35mSET search_path TO public /*application='MeetingRails'*/[0m
  [1m[35m (169.8ms)[0m  [1m[35mDROP DATABASE IF EXISTS "meeting_rails_test" /*application='MeetingRails'*/[0m
  [1m[35mSQL (0.1ms)[0m  [1m[35mSET search_path TO public /*application='MeetingRails'*/[0m
  [1m[35m (319.7ms)[0m  [1m[35mCREATE DATABASE "meeting_rails_development" ENCODING = 'unicode' /*application='MeetingRails'*/[0m
  [1m[35mSQL (0.1ms)[0m  [1m[35mSET search_path TO public /*application='MeetingRails'*/[0m
  [1m[35m (314.9ms)[0m  [1m[35mCREATE DATABASE "meeting_rails_test" ENCODING = 'unicode' /*application='MeetingRails'*/[0m
  [1m[35m (38.6ms)[0m  [1m[35mCREATE TABLE "schema_migrations" ("version" character varying NOT NULL PRIMARY KEY) /*application='MeetingRails'*/[0m
  [1m[35m (3.3ms)[0m  [1m[35mCREATE TABLE "ar_internal_metadata" ("key" character varying NOT NULL PRIMARY KEY, "value" character varying, "created_at" timestamp(6) NOT NULL, "updated_at" timestamp(6) NOT NULL) /*application='MeetingRails'*/[0m
  [1m[35m (0.1ms)[0m  [1m[34mSELECT pg_try_advisory_lock(3859203788928044970) /*application='MeetingRails'*/[0m
  [1m[36mActiveRecord::SchemaMigration Load (0.8ms)[0m  [1m[34mSELECT "schema_migrations"."version" FROM "schema_migrations" ORDER BY "schema_migrations"."version" ASC /*application='MeetingRails'*/[0m
  [1m[36mActiveRecord::InternalMetadata Load (0.9ms)[0m  [1m[34mSELECT * FROM "ar_internal_metadata" WHERE "ar_internal_metadata"."key" = 'environment' ORDER BY "ar_internal_metadata"."key" ASC LIMIT 1 /*application='MeetingRails'*/[0m
  [1m[36mActiveRecord::InternalMetadata Create (1.0ms)[0m  [1m[32mINSERT INTO "ar_internal_metadata" ("key", "value", "created_at", "updated_at") VALUES ('environment', 'development', '2026-02-28 08:23:14.083851', '2026-02-28 08:23:14.083853') RETURNING "key" /*application='MeetingRails'*/[0m
Migrating to CreateOrganizations (20260228081751)
  [1m[36mTRANSACTION (0.2ms)[0m  [1m[35mBEGIN /*application='MeetingRails'*/[0m
  [1m[35m (7.2ms)[0m  [1m[35mCREATE TABLE "organizations" ("id" bigserial primary key, "name" character varying NOT NULL, "subdomain" character varying NOT NULL, "stripe_customer_id" character varying, "active" boolean DEFAULT TRUE NOT NULL, "plan_id" bigint, "created_at" timestamp(6) NOT NULL, "updated_at" timestamp(6) NOT NULL) /*application='MeetingRails'*/[0m
  [1m[35m (1.2ms)[0m  [1m[35mCREATE UNIQUE INDEX "index_organizations_on_subdomain" ON "organizations" ("subdomain") /*application='MeetingRails'*/[0m
  [1m[35m (1.3ms)[0m  [1m[35mCREATE INDEX "index_organizations_on_plan_id" ON "organizations" ("plan_id") /*application='MeetingRails'*/[0m
  [1m[36mActiveRecord::SchemaMigration Create (0.6ms)[0m  [1m[32mINSERT INTO "schema_migrations" ("version") VALUES ('20260228081751') RETURNING "version" /*application='MeetingRails'*/[0m
  [1m[36mTRANSACTION (0.4ms)[0m  [1m[35mCOMMIT /*application='MeetingRails'*/[0m
Migrating to CreatePlans (20260228081758)
  [1m[36mTRANSACTION (0.3ms)[0m  [1m[35mBEGIN /*application='MeetingRails'*/[0m
  [1m[35m (7.8ms)[0m  [1m[35mCREATE TABLE "plans" ("id" bigserial primary key, "name" character varying, "price_cents" integer, "room_limit" integer, "stripe_price_id" character varying, "created_at" timestamp(6) NOT NULL, "updated_at" timestamp(6) NOT NULL) /*application='MeetingRails'*/[0m
  [1m[36mActiveRecord::SchemaMigration Create (0.2ms)[0m  [1m[32mINSERT INTO "schema_migrations" ("version") VALUES ('20260228081758') RETURNING "version" /*application='MeetingRails'*/[0m
  [1m[36mTRANSACTION (0.3ms)[0m  [1m[35mCOMMIT /*application='MeetingRails'*/[0m
Migrating to CreateSubscriptions (20260228081804)
  [1m[36mTRANSACTION (0.2ms)[0m  [1m[35mBEGIN /*application='MeetingRails'*/[0m
  [1m[35m (7.3ms)[0m  [1m[35mCREATE TABLE "subscriptions" ("id" bigserial primary key, "organization_id" bigint NOT NULL, "plan_id" bigint NOT NULL, "stripe_subscription_id" character varying, "status" character varying, "current_period_end" timestamp(6), "created_at" timestamp(6) NOT NULL, "updated_at" timestamp(6) NOT NULL, CONSTRAINT "fk_rails_364213cc3e"
FOREIGN KEY ("organization_id")
  REFERENCES "organizations" ("id")
, CONSTRAINT "fk_rails_63d3df128b"
FOREIGN KEY ("plan_id")
  REFERENCES "plans" ("id")
) /*application='MeetingRails'*/[0m
  [1m[35m (1.3ms)[0m  [1m[35mCREATE INDEX "index_subscriptions_on_organization_id" ON "subscriptions" ("organization_id") /*application='MeetingRails'*/[0m
  [1m[35m (1.1ms)[0m  [1m[35mCREATE INDEX "index_subscriptions_on_plan_id" ON "subscriptions" ("plan_id") /*application='MeetingRails'*/[0m
  [1m[36mActiveRecord::SchemaMigration Create (0.2ms)[0m  [1m[32mINSERT INTO "schema_migrations" ("version") VALUES ('20260228081804') RETURNING "version" /*application='MeetingRails'*/[0m
  [1m[36mTRANSACTION (0.3ms)[0m  [1m[35mCOMMIT /*application='MeetingRails'*/[0m
Migrating to DeviseCreateUsers (20260228082013)
  [1m[36mTRANSACTION (0.2ms)[0m  [1m[35mBEGIN /*application='MeetingRails'*/[0m
  [1m[35m (4.5ms)[0m  [1m[35mCREATE TABLE "users" ("id" bigserial primary key, "email" character varying DEFAULT '' NOT NULL, "encrypted_password" character varying DEFAULT '' NOT NULL, "reset_password_token" character varying, "reset_password_sent_at" timestamp(6), "remember_created_at" timestamp(6), "created_at" timestamp(6) NOT NULL, "updated_at" timestamp(6) NOT NULL) /*application='MeetingRails'*/[0m
  [1m[35m (1.1ms)[0m  [1m[35mCREATE UNIQUE INDEX "index_users_on_email" ON "users" ("email") /*application='MeetingRails'*/[0m
  [1m[35m (1.1ms)[0m  [1m[35mCREATE UNIQUE INDEX "index_users_on_reset_password_token" ON "users" ("reset_password_token") /*application='MeetingRails'*/[0m
  [1m[36mActiveRecord::SchemaMigration Create (0.2ms)[0m  [1m[32mINSERT INTO "schema_migrations" ("version") VALUES ('20260228082013') RETURNING "version" /*application='MeetingRails'*/[0m
  [1m[36mTRANSACTION (0.3ms)[0m  [1m[35mCOMMIT /*application='MeetingRails'*/[0m
Migrating to AddOrganizationAndRoleToUsers (20260228082038)
  [1m[36mTRANSACTION (0.2ms)[0m  [1m[35mBEGIN /*application='MeetingRails'*/[0m
  [1m[35m (2.1ms)[0m  [1m[35mALTER TABLE "users" ADD "organization_id" bigint NOT NULL /*application='MeetingRails'*/[0m
  [1m[35m (1.2ms)[0m  [1m[35mCREATE INDEX "index_users_on_organization_id" ON "users" ("organization_id") /*application='MeetingRails'*/[0m
  [1m[35m (3.1ms)[0m  [1m[35mALTER TABLE "users" ADD CONSTRAINT "fk_rails_d7b9ff90af"
FOREIGN KEY ("organization_id")
  REFERENCES "organizations" ("id")
 /*application='MeetingRails'*/[0m
  [1m[35m (0.3ms)[0m  [1m[35mALTER TABLE "users" ADD "role" integer /*application='MeetingRails'*/[0m
  [1m[36mActiveRecord::SchemaMigration Create (0.2ms)[0m  [1m[32mINSERT INTO "schema_migrations" ("version") VALUES ('20260228082038') RETURNING "version" /*application='MeetingRails'*/[0m
  [1m[36mTRANSACTION (0.2ms)[0m  [1m[35mCOMMIT /*application='MeetingRails'*/[0m
Migrating to CreateRooms (20260228082044)
  [1m[36mTRANSACTION (0.2ms)[0m  [1m[35mBEGIN /*application='MeetingRails'*/[0m
  [1m[35m (10.5ms)[0m  [1m[35mCREATE TABLE "rooms" ("id" bigserial primary key, "organization_id" bigint NOT NULL, "floor" character varying, "name" character varying, "capacity" integer, "active" boolean DEFAULT TRUE NOT NULL, "created_at" timestamp(6) NOT NULL, "updated_at" timestamp(6) NOT NULL, CONSTRAINT "fk_rails_c2da7dc036"
FOREIGN KEY ("organization_id")
  REFERENCES "organizations" ("id")
) /*application='MeetingRails'*/[0m
  [1m[35m (1.1ms)[0m  [1m[35mCREATE INDEX "index_rooms_on_organization_id" ON "rooms" ("organization_id") /*application='MeetingRails'*/[0m
  [1m[35m (1.5ms)[0m  [1m[35mCREATE INDEX "index_rooms_on_organization_id_and_floor" ON "rooms" ("organization_id", "floor") /*application='MeetingRails'*/[0m
  [1m[36mActiveRecord::SchemaMigration Create (0.3ms)[0m  [1m[32mINSERT INTO "schema_migrations" ("version") VALUES ('20260228082044') RETURNING "version" /*application='MeetingRails'*/[0m
  [1m[36mTRANSACTION (0.3ms)[0m  [1m[35mCOMMIT /*application='MeetingRails'*/[0m
Migrating to CreateReservations (20260228082050)
  [1m[36mTRANSACTION (0.4ms)[0m  [1m[35mBEGIN /*application='MeetingRails'*/[0m
  [1m[35m (8.5ms)[0m  [1m[35mCREATE TABLE "reservations" ("id" bigserial primary key, "room_id" bigint NOT NULL, "organization_id" bigint NOT NULL, "date" date, "start_time" time, "end_time" time, "organizer" character varying, "purpose" character varying, "password_digest" character varying, "created_at" timestamp(6) NOT NULL, "updated_at" timestamp(6) NOT NULL, CONSTRAINT "fk_rails_78d1025283"
FOREIGN KEY ("room_id")
  REFERENCES "rooms" ("id")
, CONSTRAINT "fk_rails_bf8a5a02cd"
FOREIGN KEY ("organization_id")
  REFERENCES "organizations" ("id")
) /*application='MeetingRails'*/[0m
  [1m[35m (1.2ms)[0m  [1m[35mCREATE INDEX "index_reservations_on_room_id" ON "reservations" ("room_id") /*application='MeetingRails'*/[0m
  [1m[35m (1.2ms)[0m  [1m[35mCREATE INDEX "index_reservations_on_organization_id" ON "reservations" ("organization_id") /*application='MeetingRails'*/[0m
  [1m[35m (1.8ms)[0m  [1m[35mCREATE INDEX "index_reservations_on_room_id_and_date" ON "reservations" ("room_id", "date") /*application='MeetingRails'*/[0m
  [1m[36mActiveRecord::SchemaMigration Create (0.4ms)[0m  [1m[32mINSERT INTO "schema_migrations" ("version") VALUES ('20260228082050') RETURNING "version" /*application='MeetingRails'*/[0m
  [1m[36mTRANSACTION (0.4ms)[0m  [1m[35mCOMMIT /*application='MeetingRails'*/[0m
  [1m[35m (0.5ms)[0m  [1m[34mSELECT pg_advisory_unlock(3859203788928044970) /*application='MeetingRails'*/[0m
  [1m[36mActiveRecord::SchemaMigration Load (0.3ms)[0m  [1m[34mSELECT "schema_migrations"."version" FROM "schema_migrations" ORDER BY "schema_migrations"."version" ASC /*application='MeetingRails'*/[0m
  [1m[35mSQL (0.1ms)[0m  [1m[35mSET search_path TO public /*application='MeetingRails'*/[0m
  [1m[35mSQL (0.2ms)[0m  [1m[35mSET search_path TO "$user", public /*application='MeetingRails'*/[0m
  [1m[35mSQL (0.2ms)[0m  [1m[35mSET search_path TO public /*application='MeetingRails'*/[0m
  [1m[35mSQL (0.1ms)[0m  [1m[35mSET search_path TO "$user", public /*application='MeetingRails'*/[0m
  [1m[36mActiveRecord::SchemaMigration Load (1.8ms)[0m  [1m[34mSELECT "schema_migrations"."version" FROM "schema_migrations" ORDER BY "schema_migrations"."version" ASC /*application='MeetingRails'*/[0m
  [1m[36mPlan Load (1.3ms)[0m  [1m[34mSELECT "plans".* FROM "plans" WHERE "plans"."name" = 'free' LIMIT 1 /*application='MeetingRails'*/[0m
  [1m[36mTRANSACTION (0.2ms)[0m  [1m[35mBEGIN /*application='MeetingRails'*/[0m
  [1m[36mPlan Exists? (0.3ms)[0m  [1m[34mSELECT 1 AS one FROM "plans" WHERE "plans"."name" = 'free' LIMIT 1 /*application='MeetingRails'*/[0m
  [1m[36mPlan Create (0.9ms)[0m  [1m[32mINSERT INTO "plans" ("name", "price_cents", "room_limit", "stripe_price_id", "created_at", "updated_at") VALUES ('free', 0, 2, NULL, '2026-02-28 08:29:21.745402', '2026-02-28 08:29:21.745402') RETURNING "id" /*application='MeetingRails'*/[0m
  [1m[36mTRANSACTION (0.8ms)[0m  [1m[35mCOMMIT /*application='MeetingRails'*/[0m
  [1m[36mPlan Load (0.3ms)[0m  [1m[34mSELECT "plans".* FROM "plans" WHERE "plans"."name" = 'basic' LIMIT 1 /*application='MeetingRails'*/[0m
  [1m[36mTRANSACTION (0.1ms)[0m  [1m[35mBEGIN /*application='MeetingRails'*/[0m
  [1m[36mPlan Exists? (2.6ms)[0m  [1m[34mSELECT 1 AS one FROM "plans" WHERE "plans"."name" = 'basic' LIMIT 1 /*application='MeetingRails'*/[0m
  [1m[36mPlan Create (0.3ms)[0m  [1m[32mINSERT INTO "plans" ("name", "price_cents", "room_limit", "stripe_price_id", "created_at", "updated_at") VALUES ('basic', 29000, 10, NULL, '2026-02-28 08:29:21.759125', '2026-02-28 08:29:21.759125') RETURNING "id" /*application='MeetingRails'*/[0m
  [1m[36mTRANSACTION (0.3ms)[0m  [1m[35mCOMMIT /*application='MeetingRails'*/[0m
  [1m[36mPlan Load (0.3ms)[0m  [1m[34mSELECT "plans".* FROM "plans" WHERE "plans"."name" = 'pro' LIMIT 1 /*application='MeetingRails'*/[0m
  [1m[36mTRANSACTION (0.1ms)[0m  [1m[35mBEGIN /*application='MeetingRails'*/[0m
  [1m[36mPlan Exists? (2.6ms)[0m  [1m[34mSELECT 1 AS one FROM "plans" WHERE "plans"."name" = 'pro' LIMIT 1 /*application='MeetingRails'*/[0m
  [1m[36mPlan Create (0.3ms)[0m  [1m[32mINSERT INTO "plans" ("name", "price_cents", "room_limit", "stripe_price_id", "created_at", "updated_at") VALUES ('pro', 99000, NULL, NULL, '2026-02-28 08:29:21.771381', '2026-02-28 08:29:21.771381') RETURNING "id" /*application='MeetingRails'*/[0m
  [1m[36mTRANSACTION (0.3ms)[0m  [1m[35mCOMMIT /*application='MeetingRails'*/[0m
  [1m[36mPlan Count (0.3ms)[0m  [1m[34mSELECT COUNT(*) FROM "plans" /*application='MeetingRails'*/[0m
  [1m[36mOrganization Load (1.9ms)[0m  [1m[34mSELECT "organizations".* FROM "organizations" WHERE "organizations"."subdomain" = 'demo' LIMIT 1 /*application='MeetingRails'*/[0m
  [1m[36mTRANSACTION (0.1ms)[0m  [1m[35mBEGIN /*application='MeetingRails'*/[0m
  [1m[36mOrganization Exists? (0.4ms)[0m  [1m[34mSELECT 1 AS one FROM "organizations" WHERE "organizations"."subdomain" = 'demo' LIMIT 1 /*application='MeetingRails'*/[0m
  [1m[36mOrganization Create (1.4ms)[0m  [1m[32mINSERT INTO "organizations" ("name", "subdomain", "stripe_customer_id", "active", "plan_id", "created_at", "updated_at") VALUES ('데모 병원', 'demo', NULL, TRUE, 1, '2026-02-28 08:29:21.840377', '2026-02-28 08:29:21.840377') RETURNING "id" /*application='MeetingRails'*/[0m
  [1m[36mTRANSACTION (0.5ms)[0m  [1m[35mCOMMIT /*application='MeetingRails'*/[0m
  [1m[36mUser Load (2.4ms)[0m  [1m[34mSELECT "users".* FROM "users" WHERE "users"."email" = 'admin@demo.com' LIMIT 1 /*application='MeetingRails'*/[0m
  [1m[36mTRANSACTION (0.2ms)[0m  [1m[35mBEGIN /*application='MeetingRails'*/[0m
  [1m[36mUser Exists? (0.4ms)[0m  [1m[34mSELECT 1 AS one FROM "users" WHERE "users"."email" = 'admin@demo.com' LIMIT 1 /*application='MeetingRails'*/[0m
  [1m[36mUser Create (2.1ms)[0m  [1m[32mINSERT INTO "users" ("email", "encrypted_password", "reset_password_token", "reset_password_sent_at", "remember_created_at", "created_at", "updated_at", "organization_id", "role") VALUES ('admin@demo.com', '$2a$12$4ZVCyNy5SmbjlQ9WW5rBUO4Ws44cFViF0L1iJTIRsrRo/Ep4HALRW', NULL, NULL, NULL, '2026-02-28 08:29:22.137513', '2026-02-28 08:29:22.137513', 1, 1) RETURNING "id" /*application='MeetingRails'*/[0m
  [1m[36mTRANSACTION (0.4ms)[0m  [1m[35mCOMMIT /*application='MeetingRails'*/[0m
  [1m[36mSubscription Load (2.6ms)[0m  [1m[34mSELECT "subscriptions".* FROM "subscriptions" WHERE "subscriptions"."organization_id" = 1 LIMIT 1 /*application='MeetingRails'*/[0m
  [1m[36mTRANSACTION (0.2ms)[0m  [1m[35mBEGIN /*application='MeetingRails'*/[0m
  [1m[36mSubscription Create (7.4ms)[0m  [1m[32mINSERT INTO "subscriptions" ("organization_id", "plan_id", "stripe_subscription_id", "status", "current_period_end", "created_at", "updated_at") VALUES (1, 1, NULL, 'active', '2126-02-28 08:29:22.198809', '2026-02-28 08:29:22.208611', '2026-02-28 08:29:22.208611') RETURNING "id" /*application='MeetingRails'*/[0m
  [1m[36mTRANSACTION (0.4ms)[0m  [1m[35mCOMMIT /*application='MeetingRails'*/[0m
  [1m[36mRoom Load (2.2ms)[0m  [1m[34mSELECT "rooms".* FROM "rooms" WHERE "rooms"."organization_id" = 1 AND "rooms"."name" = '소회의실 A' LIMIT 1 /*application='MeetingRails'*/[0m
  [1m[36mTRANSACTION (0.2ms)[0m  [1m[35mBEGIN /*application='MeetingRails'*/[0m
  [1m[36mRoom Create (1.7ms)[0m  [1m[32mINSERT INTO "rooms" ("organization_id", "floor", "name", "capacity", "active", "created_at", "updated_at") VALUES (1, '1층', '소회의실 A', 6, TRUE, '2026-02-28 08:29:22.264622', '2026-02-28 08:29:22.264622') RETURNING "id" /*application='MeetingRails'*/[0m
  [1m[36mTRANSACTION (0.4ms)[0m  [1m[35mCOMMIT /*application='MeetingRails'*/[0m
  [1m[36mRoom Load (0.4ms)[0m  [1m[34mSELECT "rooms".* FROM "rooms" WHERE "rooms"."organization_id" = 1 AND "rooms"."name" = '소회의실 B' LIMIT 1 /*application='MeetingRails'*/[0m
  [1m[36mTRANSACTION (0.1ms)[0m  [1m[35mBEGIN /*application='MeetingRails'*/[0m
  [1m[36mRoom Create (3.2ms)[0m  [1m[32mINSERT INTO "rooms" ("organization_id", "floor", "name", "capacity", "active", "created_at", "updated_at") VALUES (1, '1층', '소회의실 B', 8, TRUE, '2026-02-28 08:29:22.274387', '2026-02-28 08:29:22.274387') RETURNING "id" /*application='MeetingRails'*/[0m
  [1m[36mTRANSACTION (0.4ms)[0m  [1m[35mCOMMIT /*application='MeetingRails'*/[0m
  [1m[36mRoom Count (0.4ms)[0m  [1m[34mSELECT COUNT(*) FROM "rooms" WHERE "rooms"."organization_id" = 1 /*application='MeetingRails'*/[0m
  [1m[36mOrganization Load (2.0ms)[0m  [1m[34mSELECT "organizations".* FROM "organizations" ORDER BY "organizations"."id" ASC LIMIT 1 /*application='MeetingRails'*/[0m
Started GET "/up" for ::1 at 2026-02-28 17:31:33 +0900
  [1m[36mActiveRecord::SchemaMigration Load (1.8ms)[0m  [1m[34mSELECT "schema_migrations"."version" FROM "schema_migrations" ORDER BY "schema_migrations"."version" ASC /*application='MeetingRails'*/[0m
Processing by Rails::HealthController#show as */*
  Rendering html template
  Rendered html template (Duration: 0.0ms | GC: 0.0ms)
Completed 200 OK in 57ms (Views: 28.5ms | ActiveRecord: 0.0ms (0 queries, 0 cached) | GC: 0.0ms)


Started GET "/" for ::1 at 2026-02-28 17:32:04 +0900
Processing by LandingController#index as */*
  Rendering layout layouts/application.html.erb
  Rendering landing/index.html.erb within layouts/application
  Rendered landing/index.html.erb within layouts/application (Duration: 0.9ms | GC: 0.0ms)
  Rendered layout layouts/application.html.erb (Duration: 22.5ms | GC: 0.0ms)
Completed 200 OK in 216ms (Views: 30.4ms | ActiveRecord: 0.0ms (0 queries, 0 cached) | GC: 0.0ms)


Started GET "/" for ::1 at 2026-02-28 17:32:05 +0900
Processing by LandingController#index as */*
  Rendering layout layouts/application.html.erb
  Rendering landing/index.html.erb within layouts/application
  Rendered landing/index.html.erb within layouts/application (Duration: 0.2ms | GC: 0.0ms)
  Rendered layout layouts/application.html.erb (Duration: 1.3ms | GC: 0.0ms)
Completed 200 OK in 11ms (Views: 1.9ms | ActiveRecord: 0.0ms (0 queries, 0 cached) | GC: 0.0ms)


Started GET "/" for ::1 at 2026-02-28 17:34:34 +0900
Processing by LandingController#index as HTML
  Rendering layout layouts/application.html.erb
  Rendering landing/index.html.erb within layouts/application
  Rendered landing/index.html.erb within layouts/application (Duration: 0.2ms | GC: 0.0ms)
  Rendered layout layouts/application.html.erb (Duration: 1.2ms | GC: 0.0ms)
Completed 200 OK in 8ms (Views: 1.6ms | ActiveRecord: 0.0ms (0 queries, 0 cached) | GC: 0.0ms)


Started GET "/sw.js" for ::1 at 2026-02-28 17:34:36 +0900
  
ActionController::RoutingError (No route matches [GET] "/sw.js"):
  
Started GET "/users/sign_in" for ::1 at 2026-02-28 17:34:39 +0900
Processing by Devise::SessionsController#new as HTML
  Rendering layout layouts/application.html.erb
  Rendering C:/Ruby34-x64/lib/ruby/gems/3.4.0/gems/devise-5.0.2/app/views/devise/sessions/new.html.erb within layouts/application
  Rendered C:/Ruby34-x64/lib/ruby/gems/3.4.0/gems/devise-5.0.2/app/views/devise/shared/_links.html.erb (Duration: 0.8ms | GC: 0.0ms)
  Rendered C:/Ruby34-x64/lib/ruby/gems/3.4.0/gems/devise-5.0.2/app/views/devise/sessions/new.html.erb within layouts/application (Duration: 43.1ms | GC: 0.0ms)
  Rendered layout layouts/application.html.erb (Duration: 44.1ms | GC: 0.0ms)
Completed 200 OK in 235ms (Views: 57.3ms | ActiveRecord: 27.5ms (0 queries, 0 cached) | GC: 0.0ms)


Started GET "/" for ::1 at 2026-02-28 17:34:39 +0900
Processing by LandingController#index as HTML
  Rendering layout layouts/application.html.erb
  Rendering landing/index.html.erb within layouts/application
  Rendered landing/index.html.erb within layouts/application (Duration: 0.2ms | GC: 0.0ms)
  Rendered layout layouts/application.html.erb (Duration: 2.2ms | GC: 0.0ms)
Completed 200 OK in 12ms (Views: 2.8ms | ActiveRecord: 0.0ms (0 queries, 0 cached) | GC: 0.0ms)


Started GET "/users/sign_in" for ::1 at 2026-02-28 17:34:40 +0900
Processing by Devise::SessionsController#new as HTML
  Rendering layout layouts/application.html.erb
  Rendering C:/Ruby34-x64/lib/ruby/gems/3.4.0/gems/devise-5.0.2/app/views/devise/sessions/new.html.erb within layouts/application
  Rendered C:/Ruby34-x64/lib/ruby/gems/3.4.0/gems/devise-5.0.2/app/views/devise/shared/_links.html.erb (Duration: 0.1ms | GC: 0.0ms)
  Rendered C:/Ruby34-x64/lib/ruby/gems/3.4.0/gems/devise-5.0.2/app/views/devise/sessions/new.html.erb within layouts/application (Duration: 1.1ms | GC: 0.0ms)
  Rendered layout layouts/application.html.erb (Duration: 1.6ms | GC: 0.0ms)
Completed 200 OK in 10ms (Views: 2.1ms | ActiveRecord: 0.0ms (0 queries, 0 cached) | GC: 0.0ms)


Started GET "/users/password/new" for ::1 at 2026-02-28 17:34:42 +0900
Processing by Devise::PasswordsController#new as HTML
  Rendering layout layouts/application.html.erb
  Rendering C:/Ruby34-x64/lib/ruby/gems/3.4.0/gems/devise-5.0.2/app/views/devise/passwords/new.html.erb within layouts/application
  Rendered C:/Ruby34-x64/lib/ruby/gems/3.4.0/gems/devise-5.0.2/app/views/devise/shared/_error_messages.html.erb (Duration: 0.5ms | GC: 0.0ms)
  Rendered C:/Ruby34-x64/lib/ruby/gems/3.4.0/gems/devise-5.0.2/app/views/devise/shared/_links.html.erb (Duration: 0.2ms | GC: 0.0ms)
  Rendered C:/Ruby34-x64/lib/ruby/gems/3.4.0/gems/devise-5.0.2/app/views/devise/passwords/new.html.erb within layouts/application (Duration: 5.4ms | GC: 0.0ms)
  Rendered layout layouts/application.html.erb (Duration: 6.2ms | GC: 0.0ms)
Completed 200 OK in 25ms (Views: 11.7ms | ActiveRecord: 0.0ms (0 queries, 0 cached) | GC: 0.0ms)


Started GET "/registrations/new.user" for ::1 at 2026-02-28 17:34:43 +0900
Processing by RegistrationsController#new as */*
  Rendering layout layouts/application.html.erb
  Rendering registrations/new.html.erb within layouts/application
  Rendered registrations/new.html.erb within layouts/application (Duration: 1.5ms | GC: 0.0ms)
  Rendered layout layouts/application.html.erb (Duration: 3.3ms | GC: 0.0ms)
Completed 200 OK in 34ms (Views: 9.3ms | ActiveRecord: 1.3ms (0 queries, 0 cached) | GC: 0.0ms)


Started GET "/" for ::1 at 2026-02-28 17:34:53 +0900
Processing by LandingController#index as HTML
  Rendering layout layouts/application.html.erb
  Rendering landing/index.html.erb within layouts/application
  Rendered landing/index.html.erb within layouts/application (Duration: 0.2ms | GC: 0.0ms)
  Rendered layout layouts/application.html.erb (Duration: 1.0ms | GC: 0.0ms)
Completed 200 OK in 12ms (Views: 1.5ms | ActiveRecord: 0.0ms (0 queries, 0 cached) | GC: 0.0ms)


Started GET "/users/sign_in" for ::1 at 2026-02-28 17:34:55 +0900
Processing by Devise::SessionsController#new as HTML
  Rendering layout layouts/application.html.erb
  Rendering C:/Ruby34-x64/lib/ruby/gems/3.4.0/gems/devise-5.0.2/app/views/devise/sessions/new.html.erb within layouts/application
  Rendered C:/Ruby34-x64/lib/ruby/gems/3.4.0/gems/devise-5.0.2/app/views/devise/shared/_links.html.erb (Duration: 0.1ms | GC: 0.0ms)
  Rendered C:/Ruby34-x64/lib/ruby/gems/3.4.0/gems/devise-5.0.2/app/views/devise/sessions/new.html.erb within layouts/application (Duration: 1.0ms | GC: 0.0ms)
  Rendered layout layouts/application.html.erb (Duration: 1.6ms | GC: 0.0ms)
Completed 200 OK in 10ms (Views: 2.1ms | ActiveRecord: 0.0ms (0 queries, 0 cached) | GC: 0.0ms)


Started GET "/" for ::1 at 2026-02-28 17:34:58 +0900
Processing by LandingController#index as HTML
  Rendering layout layouts/application.html.erb
  Rendering landing/index.html.erb within layouts/application
  Rendered landing/index.html.erb within layouts/application (Duration: 0.2ms | GC: 0.0ms)
  Rendered layout layouts/application.html.erb (Duration: 1.6ms | GC: 0.0ms)
Completed 200 OK in 18ms (Views: 2.2ms | ActiveRecord: 0.0ms (0 queries, 0 cached) | GC: 0.0ms)


Started GET "/users/sign_in" for ::1 at 2026-02-28 17:35:01 +0900
Processing by Devise::SessionsController#new as HTML
  Rendering layout layouts/application.html.erb
  Rendering C:/Ruby34-x64/lib/ruby/gems/3.4.0/gems/devise-5.0.2/app/views/devise/sessions/new.html.erb within layouts/application
  Rendered C:/Ruby34-x64/lib/ruby/gems/3.4.0/gems/devise-5.0.2/app/views/devise/shared/_links.html.erb (Duration: 0.1ms | GC: 0.0ms)
  Rendered C:/Ruby34-x64/lib/ruby/gems/3.4.0/gems/devise-5.0.2/app/views/devise/sessions/new.html.erb within layouts/application (Duration: 1.1ms | GC: 0.0ms)
  Rendered layout layouts/application.html.erb (Duration: 1.6ms | GC: 0.0ms)
Completed 200 OK in 11ms (Views: 2.1ms | ActiveRecord: 0.0ms (0 queries, 0 cached) | GC: 0.0ms)


Started GET "/registrations/new" for ::1 at 2026-02-28 17:35:02 +0900
Processing by RegistrationsController#new as HTML
  Rendering layout layouts/application.html.erb
  Rendering registrations/new.html.erb within layouts/application
  Rendered registrations/new.html.erb within layouts/application (Duration: 0.7ms | GC: 0.0ms)
  Rendered layout layouts/application.html.erb (Duration: 2.7ms | GC: 0.0ms)
Completed 200 OK in 11ms (Views: 3.3ms | ActiveRecord: 0.0ms (0 queries, 0 cached) | GC: 0.0ms)


Started GET "/registrations/new" for ::1 at 2026-02-28 17:35:02 +0900
Processing by RegistrationsController#new as HTML
  Rendering layout layouts/application.html.erb
  Rendering registrations/new.html.erb within layouts/application
  Rendered registrations/new.html.erb within layouts/application (Duration: 0.7ms | GC: 0.0ms)
  Rendered layout layouts/application.html.erb (Duration: 1.6ms | GC: 0.0ms)
Completed 200 OK in 9ms (Views: 2.1ms | ActiveRecord: 0.0ms (0 queries, 0 cached) | GC: 0.0ms)


Started GET "/" for ::1 at 2026-02-28 17:35:05 +0900
Processing by LandingController#index as HTML
  Rendering layout layouts/application.html.erb
  Rendering landing/index.html.erb within layouts/application
  Rendered landing/index.html.erb within layouts/application (Duration: 0.2ms | GC: 0.0ms)
  Rendered layout layouts/application.html.erb (Duration: 1.6ms | GC: 0.0ms)
Completed 200 OK in 11ms (Views: 2.2ms | ActiveRecord: 0.0ms (0 queries, 0 cached) | GC: 0.0ms)


Started GET "/admin" for ::1 at 2026-02-28 17:35:15 +0900
Processing by Admin::DashboardController#index as HTML
  [1m[36mOrganization Load (2.1ms)[0m  [1m[34mSELECT "organizations".* FROM "organizations" WHERE "organizations"."subdomain" = 'demo' AND "organizations"."active" = TRUE LIMIT 1 /*action='index',application='MeetingRails',controller='dashboard'*/[0m
  ↳ app/controllers/application_controller.rb:20:in 'ApplicationController#set_current_tenant'
Completed 401 Unauthorized in 31ms (ActiveRecord: 2.1ms (1 query, 0 cached) | GC: 0.0ms)


Started GET "/users/sign_in" for ::1 at 2026-02-28 17:35:16 +0900
Processing by Devise::SessionsController#new as HTML
  Rendering layout layouts/application.html.erb
  Rendering C:/Ruby34-x64/lib/ruby/gems/3.4.0/gems/devise-5.0.2/app/views/devise/sessions/new.html.erb within layouts/application
  Rendered C:/Ruby34-x64/lib/ruby/gems/3.4.0/gems/devise-5.0.2/app/views/devise/shared/_links.html.erb (Duration: 0.3ms | GC: 0.0ms)
  Rendered C:/Ruby34-x64/lib/ruby/gems/3.4.0/gems/devise-5.0.2/app/views/devise/sessions/new.html.erb within layouts/application (Duration: 3.1ms | GC: 0.0ms)
  Rendered layout layouts/application.html.erb (Duration: 4.8ms | GC: 0.0ms)
Completed 200 OK in 18ms (Views: 5.9ms | ActiveRecord: 0.0ms (0 queries, 0 cached) | GC: 0.0ms)


Started GET "/registrations/new.user" for ::1 at 2026-02-28 17:35:24 +0900
Processing by RegistrationsController#new as */*
  Rendering layout layouts/application.html.erb
  Rendering registrations/new.html.erb within layouts/application
  Rendered registrations/new.html.erb within layouts/application (Duration: 1.0ms | GC: 0.0ms)
  Rendered layout layouts/application.html.erb (Duration: 2.1ms | GC: 0.0ms)
Completed 200 OK in 9ms (Views: 2.6ms | ActiveRecord: 0.0ms (0 queries, 0 cached) | GC: 0.0ms)


Started GET "/users/password/new" for ::1 at 2026-02-28 17:35:24 +0900
Processing by Devise::PasswordsController#new as HTML
  Rendering layout layouts/application.html.erb
  Rendering C:/Ruby34-x64/lib/ruby/gems/3.4.0/gems/devise-5.0.2/app/views/devise/passwords/new.html.erb within layouts/application
  Rendered C:/Ruby34-x64/lib/ruby/gems/3.4.0/gems/devise-5.0.2/app/views/devise/shared/_error_messages.html.erb (Duration: 0.0ms | GC: 0.0ms)
  Rendered C:/Ruby34-x64/lib/ruby/gems/3.4.0/gems/devise-5.0.2/app/views/devise/shared/_links.html.erb (Duration: 0.1ms | GC: 0.0ms)
  Rendered C:/Ruby34-x64/lib/ruby/gems/3.4.0/gems/devise-5.0.2/app/views/devise/passwords/new.html.erb within layouts/application (Duration: 1.5ms | GC: 0.0ms)
  Rendered layout layouts/application.html.erb (Duration: 3.2ms | GC: 0.0ms)
Completed 200 OK in 11ms (Views: 4.2ms | ActiveRecord: 0.0ms (0 queries, 0 cached) | GC: 0.0ms)


[dotenv] Set [36mDB_PASSWORD[0m, [36mDB_USERNAME[0m, [36mSTRIPE_SECRET_KEY[0m, [36mSTRIPE_WEBHOOK_SECRET[0m, [36mSUPER_ADMIN_PASSWORD[0m
[dotenv] Loaded [33m.env[0m
[dotenv] Set [36mDB_USERNAME[0m, [36mSTRIPE_SECRET_KEY[0m, [36mSTRIPE_WEBHOOK_SECRET[0m, [36mSUPER_ADMIN_PASSWORD[0m
[dotenv] Loaded [33m.env[0m
[dotenv] Set [36mDB_USERNAME[0m, [36mSTRIPE_SECRET_KEY[0m, [36mSTRIPE_WEBHOOK_SECRET[0m, [36mSUPER_ADMIN_PASSWORD[0m
[dotenv] Loaded [33m.env[0m
  [1m[36mOrganization Load (2.6ms)[0m  [1m[34mSELECT "organizations".* FROM "organizations" WHERE "organizations"."subdomain" = 'demo' LIMIT 1 /*application='MeetingRails'*/[0m
  [1m[36mRoom Load (2.4ms)[0m  [1m[34mSELECT "rooms".* FROM "rooms" WHERE "rooms"."organization_id" = 1 ORDER BY "rooms"."id" ASC LIMIT 1 /*application='MeetingRails'*/[0m
  [1m[36mTRANSACTION (0.2ms)[0m  [1m[35mBEGIN /*application='MeetingRails'*/[0m
  [1m[36mOrganization Load (3.2ms)[0m  [1m[34mSELECT "organizations".* FROM "organizations" WHERE "organizations"."id" = 1 LIMIT 1 /*application='MeetingRails'*/[0m
  [1m[36mReservation Exists? (2.9ms)[0m  [1m[37mSELECT 1 AS one FROM "reservations" WHERE "reservations"."room_id" = 1 AND "reservations"."date" = '2026-03-01' AND "reservations"."id" IS NOT NULL AND (start_time < '2000-01-01 02:00:00' AND end_time > '2000-01-01 01:00:00') LIMIT 1 FOR UPDATE /*application='MeetingRails'*/[0m
  ↳ app/models/reservation.rb:32:in 'Reservation#no_time_overlap'
  [1m[36mReservation Create (1.9ms)[0m  [1m[32mINSERT INTO "reservations" ("room_id", "organization_id", "date", "start_time", "end_time", "organizer", "purpose", "password_digest", "created_at", "updated_at") VALUES (1, 1, '2026-03-01', '01:00:00', '02:00:00', '테스트', '검증용', '$2a$12$7dkv5zNNG1Z7y/aAMYDaY.wZck/35B0s6inwz/XtQ3NH01qaZJBBu', '2026-02-28 08:42:14.171550', '2026-02-28 08:42:14.171550') RETURNING "id" /*application='MeetingRails'*/[0m
  [1m[36mTRANSACTION (0.9ms)[0m  [1m[35mCOMMIT /*application='MeetingRails'*/[0m
  [1m[36mTRANSACTION (0.2ms)[0m  [1m[35mBEGIN /*application='MeetingRails'*/[0m
  [1m[36mReservation Destroy (2.0ms)[0m  [1m[31mDELETE FROM "reservations" WHERE "reservations"."id" = 1 /*application='MeetingRails'*/[0m
  [1m[36mTRANSACTION (0.4ms)[0m  [1m[35mCOMMIT /*application='MeetingRails'*/[0m
[dotenv] Set [36mDB_USERNAME[0m, [36mSTRIPE_SECRET_KEY[0m, [36mSTRIPE_WEBHOOK_SECRET[0m, [36mSUPER_ADMIN_PASSWORD[0m
[dotenv] Loaded [33m.env[0m
  [1m[36mUser Count (145.0ms)[0m  [1m[34mSELECT COUNT(*) FROM "users" /*application='MeetingRails'*/[0m
  [1m[36mOrganization Count (2.1ms)[0m  [1m[34mSELECT COUNT(*) FROM "organizations" /*application='MeetingRails'*/[0m
  [1m[36mRoom Count (2.4ms)[0m  [1m[34mSELECT COUNT(*) FROM "rooms" /*application='MeetingRails'*/[0m
  [1m[36mPlan Count (1.3ms)[0m  [1m[34mSELECT COUNT(*) FROM "plans" /*application='MeetingRails'*/[0m
Started GET "/" for ::1 at 2026-02-28 17:42:42 +0900
Processing by LandingController#index as */*
  Rendering layout layouts/application.html.erb
  Rendering landing/index.html.erb within layouts/application
  Rendered landing/index.html.erb within layouts/application (Duration: 0.5ms | GC: 0.0ms)
  Rendered layout layouts/application.html.erb (Duration: 13.7ms | GC: 0.0ms)
Completed 200 OK in 31ms (Views: 20.0ms | ActiveRecord: 0.0ms (0 queries, 0 cached) | GC: 0.0ms)


Started GET "/" for ::1 at 2026-02-28 17:42:42 +0900
Processing by LandingController#index as */*
  Rendering layout layouts/application.html.erb
  Rendering landing/index.html.erb within layouts/application
  Rendered landing/index.html.erb within layouts/application (Duration: 0.1ms | GC: 0.0ms)
  Rendered layout layouts/application.html.erb (Duration: 0.9ms | GC: 0.0ms)
Completed 200 OK in 9ms (Views: 1.3ms | ActiveRecord: 0.0ms (0 queries, 0 cached) | GC: 0.0ms)


Started GET "/reservations" for ::1 at 2026-02-28 17:42:42 +0900
Processing by ReservationsController#index as */*
  [1m[36mOrganization Load (2.7ms)[0m  [1m[34mSELECT "organizations".* FROM "organizations" WHERE "organizations"."subdomain" = 'demo' AND "organizations"."active" = TRUE LIMIT 1 /*action='index',application='MeetingRails',controller='reservations'*/[0m
  ↳ app/controllers/application_controller.rb:20:in 'ApplicationController#set_current_tenant'
  [1m[36mRoom Pluck (2.2ms)[0m  [1m[34mSELECT DISTINCT "rooms"."floor" FROM "rooms" WHERE "rooms"."organization_id" = 1 AND "rooms"."active" = TRUE /*action='index',application='MeetingRails',controller='reservations'*/[0m
  ↳ app/controllers/reservations_controller.rb:7:in 'ReservationsController#index'
  Rendering layout layouts/application.html.erb
  Rendering reservations/index.html.erb within layouts/application
  [1m[36mRoom Exists? (0.5ms)[0m  [1m[34mSELECT 1 AS one FROM "rooms" WHERE "rooms"."organization_id" = 1 AND "rooms"."active" = TRUE AND "rooms"."floor" = '1층' LIMIT 1 /*action='index',application='MeetingRails',controller='reservations'*/[0m
  ↳ app/views/reservations/index.html.erb:28
  [1m[36mRoom Load (0.4ms)[0m  [1m[34mSELECT "rooms".* FROM "rooms" WHERE "rooms"."organization_id" = 1 AND "rooms"."active" = TRUE AND "rooms"."floor" = '1층' /*action='index',application='MeetingRails',controller='reservations'*/[0m
  ↳ app/views/reservations/_timeline.html.erb:3
  [1m[36mReservation Load (3.1ms)[0m  [1m[34mSELECT "reservations".* FROM "reservations" WHERE "reservations"."room_id" IN (SELECT "rooms"."id" FROM "rooms" WHERE "rooms"."organization_id" = 1 AND "rooms"."active" = TRUE AND "rooms"."floor" = '1층') AND "reservations"."date" = '2026-02-28' ORDER BY "reservations"."start_time" ASC /*action='index',application='MeetingRails',controller='reservations'*/[0m
  ↳ app/views/reservations/_timeline.html.erb:18
  Rendered reservations/_timeline.html.erb (Duration: 33.1ms | GC: 0.0ms)
  Rendered reservations/index.html.erb within layouts/application (Duration: 61.5ms | GC: 0.0ms)
  Rendered layout layouts/application.html.erb (Duration: 62.6ms | GC: 0.0ms)
Completed 200 OK in 265ms (Views: 64.0ms | ActiveRecord: 26.0ms (5 queries, 0 cached) | GC: 0.0ms)


Started GET "/admin" for ::1 at 2026-02-28 17:42:43 +0900
Processing by Admin::DashboardController#index as */*
  [1m[36mOrganization Load (0.4ms)[0m  [1m[34mSELECT "organizations".* FROM "organizations" WHERE "organizations"."subdomain" = 'demo' AND "organizations"."active" = TRUE LIMIT 1 /*action='index',application='MeetingRails',controller='dashboard'*/[0m
  ↳ app/controllers/application_controller.rb:20:in 'ApplicationController#set_current_tenant'
Completed 401 Unauthorized in 13ms (ActiveRecord: 0.4ms (1 query, 0 cached) | GC: 0.0ms)


Started GET "/webhooks/stripe" for ::1 at 2026-02-28 21:15:14 +0900
  [1m[36mActiveRecord::SchemaMigration Load (1.1ms)[0m  [1m[34mSELECT "schema_migrations"."version" FROM "schema_migrations" ORDER BY "schema_migrations"."version" ASC /*application='MeetingRails'*/[0m
  
ActiveRecord::PendingMigrationError (

Migrations are pending. To resolve this issue, run:

        bin/rails db:migrate

You have 1 pending migration:

db/migrate/20260228120000_add_subscription_uniqueness_indexes.rb


):
  
activerecord (8.1.2) lib/active_record/migration.rb:743:in 'ActiveRecord::Migration.check_pending_migrations'
activerecord (8.1.2) lib/active_record/migration.rb:660:in 'block (2 levels) in ActiveRecord::Migration::CheckPending#call'
activesupport (8.1.2) lib/active_support/file_update_checker.rb:88:in 'ActiveSupport::FileUpdateChecker#execute'
activesupport (8.1.2) lib/active_support/file_update_checker.rb:98:in 'ActiveSupport::FileUpdateChecker#execute_if_updated'
activerecord (8.1.2) lib/active_record/migration.rb:667:in 'block in ActiveRecord::Migration::CheckPending#call'
activerecord (8.1.2) lib/active_record/migration.rb:657:in 'Thread::Mutex#synchronize'
activerecord (8.1.2) lib/active_record/migration.rb:657:in 'ActiveRecord::Migration::CheckPending#call'
actionpack (8.1.2) lib/action_dispatch/middleware/callbacks.rb:31:in 'block in ActionDispatch::Callbacks#call'
activesupport (8.1.2) lib/active_support/callbacks.rb:101:in 'ActiveSupport::Callbacks#run_callbacks'
actionpack (8.1.2) lib/action_dispatch/middleware/callbacks.rb:30:in 'ActionDispatch::Callbacks#call'
actionpack (8.1.2) lib/action_dispatch/middleware/executor.rb:20:in 'ActionDispatch::Executor#call'
actionpack (8.1.2) lib/action_dispatch/middleware/actionable_exceptions.rb:18:in 'ActionDispatch::ActionableExceptions#call'
actionpack (8.1.2) lib/action_dispatch/middleware/debug_exceptions.rb:31:in 'ActionDispatch::DebugExceptions#call'
web-console (4.3.0) lib/web_console/middleware.rb:132:in 'WebConsole::Middleware#call_app'
web-console (4.3.0) lib/web_console/middleware.rb:28:in 'block in WebConsole::Middleware#call'
web-console (4.3.0) lib/web_console/middleware.rb:17:in 'Kernel#catch'
web-console (4.3.0) lib/web_console/middleware.rb:17:in 'WebConsole::Middleware#call'
actionpack (8.1.2) lib/action_dispatch/middleware/show_exceptions.rb:32:in 'ActionDispatch::ShowExceptions#call'
railties (8.1.2) lib/rails/rack/logger.rb:41:in 'Rails::Rack::Logger#call_app'
railties (8.1.2) lib/rails/rack/logger.rb:29:in 'Rails::Rack::Logger#call'
propshaft (1.3.1) lib/propshaft/quiet_assets.rb:11:in 'Propshaft::QuietAssets#call'
actionpack (8.1.2) lib/action_dispatch/middleware/remote_ip.rb:98:in 'ActionDispatch::RemoteIp#call'
actionpack (8.1.2) lib/action_dispatch/middleware/request_id.rb:34:in 'ActionDispatch::RequestId#call'
rack (3.2.5) lib/rack/method_override.rb:28:in 'Rack::MethodOverride#call'
rack (3.2.5) lib/rack/runtime.rb:24:in 'Rack::Runtime#call'
activesupport (8.1.2) lib/active_support/cache/strategy/local_cache_middleware.rb:30:in 'ActiveSupport::Cache::Strategy::LocalCache::Middleware#call'
actionpack (8.1.2) lib/action_dispatch/middleware/server_timing.rb:61:in 'block in ActionDispatch::ServerTiming#call'
actionpack (8.1.2) lib/action_dispatch/middleware/server_timing.rb:26:in 'ActionDispatch::ServerTiming::Subscriber#collect_events'
actionpack (8.1.2) lib/action_dispatch/middleware/server_timing.rb:60:in 'ActionDispatch::ServerTiming#call'
actionpack (8.1.2) lib/action_dispatch/middleware/executor.rb:20:in 'ActionDispatch::Executor#call'
propshaft (1.3.1) lib/propshaft/server.rb:37:in 'Propshaft::Server#call'
actionpack (8.1.2) lib/action_dispatch/middleware/static.rb:27:in 'ActionDispatch::Static#call'
rack (3.2.5) lib/rack/sendfile.rb:131:in 'Rack::Sendfile#call'
actionpack (8.1.2) lib/action_dispatch/middleware/host_authorization.rb:143:in 'ActionDispatch::HostAuthorization#call'
railties (8.1.2) lib/rails/engine.rb:534:in 'Rails::Engine#call'
puma (7.2.0) lib/puma/configuration.rb:296:in 'Puma::Configuration::ConfigMiddleware#call'
puma (7.2.0) lib/puma/request.rb:103:in 'block in Puma::Request#handle_request'
puma (7.2.0) lib/puma/thread_pool.rb:355:in 'Puma::ThreadPool#with_force_shutdown'
puma (7.2.0) lib/puma/request.rb:102:in 'Puma::Request#handle_request'
puma (7.2.0) lib/puma/server.rb:503:in 'Puma::Server#process_client'
puma (7.2.0) lib/puma/server.rb:262:in 'block in Puma::Server#run'
puma (7.2.0) lib/puma/thread_pool.rb:182:in 'block in Puma::ThreadPool#spawn_thread'
Started GET "/favicon.ico" for ::1 at 2026-02-28 21:15:15 +0900
  [1m[36mActiveRecord::SchemaMigration Load (1.2ms)[0m  [1m[34mSELECT "schema_migrations"."version" FROM "schema_migrations" ORDER BY "schema_migrations"."version" ASC /*application='MeetingRails'*/[0m
  
ActiveRecord::PendingMigrationError (

Migrations are pending. To resolve this issue, run:

        bin/rails db:migrate

You have 1 pending migration:

db/migrate/20260228120000_add_subscription_uniqueness_indexes.rb


):
  
activerecord (8.1.2) lib/active_record/migration.rb:743:in 'ActiveRecord::Migration.check_pending_migrations'
activerecord (8.1.2) lib/active_record/migration.rb:660:in 'block (2 levels) in ActiveRecord::Migration::CheckPending#call'
activesupport (8.1.2) lib/active_support/file_update_checker.rb:88:in 'ActiveSupport::FileUpdateChecker#execute'
activerecord (8.1.2) lib/active_record/migration.rb:665:in 'block in ActiveRecord::Migration::CheckPending#call'
activerecord (8.1.2) lib/active_record/migration.rb:657:in 'Thread::Mutex#synchronize'
activerecord (8.1.2) lib/active_record/migration.rb:657:in 'ActiveRecord::Migration::CheckPending#call'
actionpack (8.1.2) lib/action_dispatch/middleware/callbacks.rb:31:in 'block in ActionDispatch::Callbacks#call'
activesupport (8.1.2) lib/active_support/callbacks.rb:101:in 'ActiveSupport::Callbacks#run_callbacks'
actionpack (8.1.2) lib/action_dispatch/middleware/callbacks.rb:30:in 'ActionDispatch::Callbacks#call'
actionpack (8.1.2) lib/action_dispatch/middleware/executor.rb:20:in 'ActionDispatch::Executor#call'
actionpack (8.1.2) lib/action_dispatch/middleware/actionable_exceptions.rb:18:in 'ActionDispatch::ActionableExceptions#call'
actionpack (8.1.2) lib/action_dispatch/middleware/debug_exceptions.rb:31:in 'ActionDispatch::DebugExceptions#call'
web-console (4.3.0) lib/web_console/middleware.rb:132:in 'WebConsole::Middleware#call_app'
web-console (4.3.0) lib/web_console/middleware.rb:28:in 'block in WebConsole::Middleware#call'
web-console (4.3.0) lib/web_console/middleware.rb:17:in 'Kernel#catch'
web-console (4.3.0) lib/web_console/middleware.rb:17:in 'WebConsole::Middleware#call'
actionpack (8.1.2) lib/action_dispatch/middleware/show_exceptions.rb:32:in 'ActionDispatch::ShowExceptions#call'
railties (8.1.2) lib/rails/rack/logger.rb:41:in 'Rails::Rack::Logger#call_app'
railties (8.1.2) lib/rails/rack/logger.rb:29:in 'Rails::Rack::Logger#call'
propshaft (1.3.1) lib/propshaft/quiet_assets.rb:11:in 'Propshaft::QuietAssets#call'
actionpack (8.1.2) lib/action_dispatch/middleware/remote_ip.rb:98:in 'ActionDispatch::RemoteIp#call'
actionpack (8.1.2) lib/action_dispatch/middleware/request_id.rb:34:in 'ActionDispatch::RequestId#call'
rack (3.2.5) lib/rack/method_override.rb:28:in 'Rack::MethodOverride#call'
rack (3.2.5) lib/rack/runtime.rb:24:in 'Rack::Runtime#call'
activesupport (8.1.2) lib/active_support/cache/strategy/local_cache_middleware.rb:30:in 'ActiveSupport::Cache::Strategy::LocalCache::Middleware#call'
actionpack (8.1.2) lib/action_dispatch/middleware/server_timing.rb:61:in 'block in ActionDispatch::ServerTiming#call'
actionpack (8.1.2) lib/action_dispatch/middleware/server_timing.rb:26:in 'ActionDispatch::ServerTiming::Subscriber#collect_events'
actionpack (8.1.2) lib/action_dispatch/middleware/server_timing.rb:60:in 'ActionDispatch::ServerTiming#call'
actionpack (8.1.2) lib/action_dispatch/middleware/executor.rb:20:in 'ActionDispatch::Executor#call'
propshaft (1.3.1) lib/propshaft/server.rb:37:in 'Propshaft::Server#call'
actionpack (8.1.2) lib/action_dispatch/middleware/static.rb:27:in 'ActionDispatch::Static#call'
rack (3.2.5) lib/rack/sendfile.rb:131:in 'Rack::Sendfile#call'
actionpack (8.1.2) lib/action_dispatch/middleware/host_authorization.rb:143:in 'ActionDispatch::HostAuthorization#call'
railties (8.1.2) lib/rails/engine.rb:534:in 'Rails::Engine#call'
puma (7.2.0) lib/puma/configuration.rb:296:in 'Puma::Configuration::ConfigMiddleware#call'
puma (7.2.0) lib/puma/request.rb:103:in 'block in Puma::Request#handle_request'
puma (7.2.0) lib/puma/thread_pool.rb:355:in 'Puma::ThreadPool#with_force_shutdown'
puma (7.2.0) lib/puma/request.rb:102:in 'Puma::Request#handle_request'
puma (7.2.0) lib/puma/server.rb:503:in 'Puma::Server#process_client'
puma (7.2.0) lib/puma/server.rb:262:in 'block in Puma::Server#run'
puma (7.2.0) lib/puma/thread_pool.rb:182:in 'block in Puma::ThreadPool#spawn_thread'
Started GET "/sw.js" for ::1 at 2026-02-28 21:15:16 +0900
  [1m[36mActiveRecord::SchemaMigration Load (1.2ms)[0m  [1m[34mSELECT "schema_migrations"."version" FROM "schema_migrations" ORDER BY "schema_migrations"."version" ASC /*application='MeetingRails'*/[0m
  
ActiveRecord::PendingMigrationError (

Migrations are pending. To resolve this issue, run:

        bin/rails db:migrate

You have 1 pending migration:

db/migrate/20260228120000_add_subscription_uniqueness_indexes.rb


):
  
activerecord (8.1.2) lib/active_record/migration.rb:743:in 'ActiveRecord::Migration.check_pending_migrations'
activerecord (8.1.2) lib/active_record/migration.rb:660:in 'block (2 levels) in ActiveRecord::Migration::CheckPending#call'
activesupport (8.1.2) lib/active_support/file_update_checker.rb:88:in 'ActiveSupport::FileUpdateChecker#execute'
activerecord (8.1.2) lib/active_record/migration.rb:665:in 'block in ActiveRecord::Migration::CheckPending#call'
activerecord (8.1.2) lib/active_record/migration.rb:657:in 'Thread::Mutex#synchronize'
activerecord (8.1.2) lib/active_record/migration.rb:657:in 'ActiveRecord::Migration::CheckPending#call'
actionpack (8.1.2) lib/action_dispatch/middleware/callbacks.rb:31:in 'block in ActionDispatch::Callbacks#call'
activesupport (8.1.2) lib/active_support/callbacks.rb:101:in 'ActiveSupport::Callbacks#run_callbacks'
actionpack (8.1.2) lib/action_dispatch/middleware/callbacks.rb:30:in 'ActionDispatch::Callbacks#call'
actionpack (8.1.2) lib/action_dispatch/middleware/executor.rb:20:in 'ActionDispatch::Executor#call'
actionpack (8.1.2) lib/action_dispatch/middleware/actionable_exceptions.rb:18:in 'ActionDispatch::ActionableExceptions#call'
actionpack (8.1.2) lib/action_dispatch/middleware/debug_exceptions.rb:31:in 'ActionDispatch::DebugExceptions#call'
web-console (4.3.0) lib/web_console/middleware.rb:132:in 'WebConsole::Middleware#call_app'
web-console (4.3.0) lib/web_console/middleware.rb:28:in 'block in WebConsole::Middleware#call'
web-console (4.3.0) lib/web_console/middleware.rb:17:in 'Kernel#catch'
web-console (4.3.0) lib/web_console/middleware.rb:17:in 'WebConsole::Middleware#call'
actionpack (8.1.2) lib/action_dispatch/middleware/show_exceptions.rb:32:in 'ActionDispatch::ShowExceptions#call'
railties (8.1.2) lib/rails/rack/logger.rb:41:in 'Rails::Rack::Logger#call_app'
railties (8.1.2) lib/rails/rack/logger.rb:29:in 'Rails::Rack::Logger#call'
propshaft (1.3.1) lib/propshaft/quiet_assets.rb:11:in 'Propshaft::QuietAssets#call'
actionpack (8.1.2) lib/action_dispatch/middleware/remote_ip.rb:98:in 'ActionDispatch::RemoteIp#call'
actionpack (8.1.2) lib/action_dispatch/middleware/request_id.rb:34:in 'ActionDispatch::RequestId#call'
rack (3.2.5) lib/rack/method_override.rb:28:in 'Rack::MethodOverride#call'
rack (3.2.5) lib/rack/runtime.rb:24:in 'Rack::Runtime#call'
activesupport (8.1.2) lib/active_support/cache/strategy/local_cache_middleware.rb:30:in 'ActiveSupport::Cache::Strategy::LocalCache::Middleware#call'
actionpack (8.1.2) lib/action_dispatch/middleware/server_timing.rb:61:in 'block in ActionDispatch::ServerTiming#call'
actionpack (8.1.2) lib/action_dispatch/middleware/server_timing.rb:26:in 'ActionDispatch::ServerTiming::Subscriber#collect_events'
actionpack (8.1.2) lib/action_dispatch/middleware/server_timing.rb:60:in 'ActionDispatch::ServerTiming#call'
actionpack (8.1.2) lib/action_dispatch/middleware/executor.rb:20:in 'ActionDispatch::Executor#call'
propshaft (1.3.1) lib/propshaft/server.rb:37:in 'Propshaft::Server#call'
actionpack (8.1.2) lib/action_dispatch/middleware/static.rb:27:in 'ActionDispatch::Static#call'
rack (3.2.5) lib/rack/sendfile.rb:131:in 'Rack::Sendfile#call'
actionpack (8.1.2) lib/action_dispatch/middleware/host_authorization.rb:143:in 'ActionDispatch::HostAuthorization#call'
railties (8.1.2) lib/rails/engine.rb:534:in 'Rails::Engine#call'
puma (7.2.0) lib/puma/configuration.rb:296:in 'Puma::Configuration::ConfigMiddleware#call'
puma (7.2.0) lib/puma/request.rb:103:in 'block in Puma::Request#handle_request'
puma (7.2.0) lib/puma/thread_pool.rb:355:in 'Puma::ThreadPool#with_force_shutdown'
puma (7.2.0) lib/puma/request.rb:102:in 'Puma::Request#handle_request'
puma (7.2.0) lib/puma/server.rb:503:in 'Puma::Server#process_client'
puma (7.2.0) lib/puma/server.rb:262:in 'block in Puma::Server#run'
puma (7.2.0) lib/puma/thread_pool.rb:182:in 'block in Puma::ThreadPool#spawn_thread'
Started GET "/" for ::1 at 2026-02-28 21:15:49 +0900
  [1m[36mActiveRecord::SchemaMigration Load (1.1ms)[0m  [1m[34mSELECT "schema_migrations"."version" FROM "schema_migrations" ORDER BY "schema_migrations"."version" ASC /*application='MeetingRails'*/[0m
  
ActiveRecord::PendingMigrationError (

Migrations are pending. To resolve this issue, run:

        bin/rails db:migrate

You have 1 pending migration:

db/migrate/20260228120000_add_subscription_uniqueness_indexes.rb


):
  
activerecord (8.1.2) lib/active_record/migration.rb:743:in 'ActiveRecord::Migration.check_pending_migrations'
activerecord (8.1.2) lib/active_record/migration.rb:660:in 'block (2 levels) in ActiveRecord::Migration::CheckPending#call'
activesupport (8.1.2) lib/active_support/file_update_checker.rb:88:in 'ActiveSupport::FileUpdateChecker#execute'
activerecord (8.1.2) lib/active_record/migration.rb:665:in 'block in ActiveRecord::Migration::CheckPending#call'
activerecord (8.1.2) lib/active_record/migration.rb:657:in 'Thread::Mutex#synchronize'
activerecord (8.1.2) lib/active_record/migration.rb:657:in 'ActiveRecord::Migration::CheckPending#call'
actionpack (8.1.2) lib/action_dispatch/middleware/callbacks.rb:31:in 'block in ActionDispatch::Callbacks#call'
activesupport (8.1.2) lib/active_support/callbacks.rb:101:in 'ActiveSupport::Callbacks#run_callbacks'
actionpack (8.1.2) lib/action_dispatch/middleware/callbacks.rb:30:in 'ActionDispatch::Callbacks#call'
actionpack (8.1.2) lib/action_dispatch/middleware/executor.rb:20:in 'ActionDispatch::Executor#call'
actionpack (8.1.2) lib/action_dispatch/middleware/actionable_exceptions.rb:18:in 'ActionDispatch::ActionableExceptions#call'
actionpack (8.1.2) lib/action_dispatch/middleware/debug_exceptions.rb:31:in 'ActionDispatch::DebugExceptions#call'
web-console (4.3.0) lib/web_console/middleware.rb:132:in 'WebConsole::Middleware#call_app'
web-console (4.3.0) lib/web_console/middleware.rb:28:in 'block in WebConsole::Middleware#call'
web-console (4.3.0) lib/web_console/middleware.rb:17:in 'Kernel#catch'
web-console (4.3.0) lib/web_console/middleware.rb:17:in 'WebConsole::Middleware#call'
actionpack (8.1.2) lib/action_dispatch/middleware/show_exceptions.rb:32:in 'ActionDispatch::ShowExceptions#call'
railties (8.1.2) lib/rails/rack/logger.rb:41:in 'Rails::Rack::Logger#call_app'
railties (8.1.2) lib/rails/rack/logger.rb:29:in 'Rails::Rack::Logger#call'
propshaft (1.3.1) lib/propshaft/quiet_assets.rb:11:in 'Propshaft::QuietAssets#call'
actionpack (8.1.2) lib/action_dispatch/middleware/remote_ip.rb:98:in 'ActionDispatch::RemoteIp#call'
actionpack (8.1.2) lib/action_dispatch/middleware/request_id.rb:34:in 'ActionDispatch::RequestId#call'
rack (3.2.5) lib/rack/method_override.rb:28:in 'Rack::MethodOverride#call'
rack (3.2.5) lib/rack/runtime.rb:24:in 'Rack::Runtime#call'
activesupport (8.1.2) lib/active_support/cache/strategy/local_cache_middleware.rb:30:in 'ActiveSupport::Cache::Strategy::LocalCache::Middleware#call'
actionpack (8.1.2) lib/action_dispatch/middleware/server_timing.rb:61:in 'block in ActionDispatch::ServerTiming#call'
actionpack (8.1.2) lib/action_dispatch/middleware/server_timing.rb:26:in 'ActionDispatch::ServerTiming::Subscriber#collect_events'
actionpack (8.1.2) lib/action_dispatch/middleware/server_timing.rb:60:in 'ActionDispatch::ServerTiming#call'
actionpack (8.1.2) lib/action_dispatch/middleware/executor.rb:20:in 'ActionDispatch::Executor#call'
propshaft (1.3.1) lib/propshaft/server.rb:37:in 'Propshaft::Server#call'
actionpack (8.1.2) lib/action_dispatch/middleware/static.rb:27:in 'ActionDispatch::Static#call'
rack (3.2.5) lib/rack/sendfile.rb:131:in 'Rack::Sendfile#call'
actionpack (8.1.2) lib/action_dispatch/middleware/host_authorization.rb:143:in 'ActionDispatch::HostAuthorization#call'
railties (8.1.2) lib/rails/engine.rb:534:in 'Rails::Engine#call'
puma (7.2.0) lib/puma/configuration.rb:296:in 'Puma::Configuration::ConfigMiddleware#call'
puma (7.2.0) lib/puma/request.rb:103:in 'block in Puma::Request#handle_request'
puma (7.2.0) lib/puma/thread_pool.rb:355:in 'Puma::ThreadPool#with_force_shutdown'
puma (7.2.0) lib/puma/request.rb:102:in 'Puma::Request#handle_request'
puma (7.2.0) lib/puma/server.rb:503:in 'Puma::Server#process_client'
puma (7.2.0) lib/puma/server.rb:262:in 'block in Puma::Server#run'
puma (7.2.0) lib/puma/thread_pool.rb:182:in 'block in Puma::ThreadPool#spawn_thread'
Started GET "/favicon.ico" for ::1 at 2026-02-28 21:15:49 +0900
  [1m[36mActiveRecord::SchemaMigration Load (1.0ms)[0m  [1m[34mSELECT "schema_migrations"."version" FROM "schema_migrations" ORDER BY "schema_migrations"."version" ASC /*application='MeetingRails'*/[0m
  
ActiveRecord::PendingMigrationError (

Migrations are pending. To resolve this issue, run:

        bin/rails db:migrate

You have 1 pending migration:

db/migrate/20260228120000_add_subscription_uniqueness_indexes.rb


):
  
activerecord (8.1.2) lib/active_record/migration.rb:743:in 'ActiveRecord::Migration.check_pending_migrations'
activerecord (8.1.2) lib/active_record/migration.rb:660:in 'block (2 levels) in ActiveRecord::Migration::CheckPending#call'
activesupport (8.1.2) lib/active_support/file_update_checker.rb:88:in 'ActiveSupport::FileUpdateChecker#execute'
activerecord (8.1.2) lib/active_record/migration.rb:665:in 'block in ActiveRecord::Migration::CheckPending#call'
activerecord (8.1.2) lib/active_record/migration.rb:657:in 'Thread::Mutex#synchronize'
activerecord (8.1.2) lib/active_record/migration.rb:657:in 'ActiveRecord::Migration::CheckPending#call'
actionpack (8.1.2) lib/action_dispatch/middleware/callbacks.rb:31:in 'block in ActionDispatch::Callbacks#call'
activesupport (8.1.2) lib/active_support/callbacks.rb:101:in 'ActiveSupport::Callbacks#run_callbacks'
actionpack (8.1.2) lib/action_dispatch/middleware/callbacks.rb:30:in 'ActionDispatch::Callbacks#call'
actionpack (8.1.2) lib/action_dispatch/middleware/executor.rb:20:in 'ActionDispatch::Executor#call'
actionpack (8.1.2) lib/action_dispatch/middleware/actionable_exceptions.rb:18:in 'ActionDispatch::ActionableExceptions#call'
actionpack (8.1.2) lib/action_dispatch/middleware/debug_exceptions.rb:31:in 'ActionDispatch::DebugExceptions#call'
web-console (4.3.0) lib/web_console/middleware.rb:132:in 'WebConsole::Middleware#call_app'
web-console (4.3.0) lib/web_console/middleware.rb:28:in 'block in WebConsole::Middleware#call'
web-console (4.3.0) lib/web_console/middleware.rb:17:in 'Kernel#catch'
web-console (4.3.0) lib/web_console/middleware.rb:17:in 'WebConsole::Middleware#call'
actionpack (8.1.2) lib/action_dispatch/middleware/show_exceptions.rb:32:in 'ActionDispatch::ShowExceptions#call'
railties (8.1.2) lib/rails/rack/logger.rb:41:in 'Rails::Rack::Logger#call_app'
railties (8.1.2) lib/rails/rack/logger.rb:29:in 'Rails::Rack::Logger#call'
propshaft (1.3.1) lib/propshaft/quiet_assets.rb:11:in 'Propshaft::QuietAssets#call'
actionpack (8.1.2) lib/action_dispatch/middleware/remote_ip.rb:98:in 'ActionDispatch::RemoteIp#call'
actionpack (8.1.2) lib/action_dispatch/middleware/request_id.rb:34:in 'ActionDispatch::RequestId#call'
rack (3.2.5) lib/rack/method_override.rb:28:in 'Rack::MethodOverride#call'
rack (3.2.5) lib/rack/runtime.rb:24:in 'Rack::Runtime#call'
activesupport (8.1.2) lib/active_support/cache/strategy/local_cache_middleware.rb:30:in 'ActiveSupport::Cache::Strategy::LocalCache::Middleware#call'
actionpack (8.1.2) lib/action_dispatch/middleware/server_timing.rb:61:in 'block in ActionDispatch::ServerTiming#call'
actionpack (8.1.2) lib/action_dispatch/middleware/server_timing.rb:26:in 'ActionDispatch::ServerTiming::Subscriber#collect_events'
actionpack (8.1.2) lib/action_dispatch/middleware/server_timing.rb:60:in 'ActionDispatch::ServerTiming#call'
actionpack (8.1.2) lib/action_dispatch/middleware/executor.rb:20:in 'ActionDispatch::Executor#call'
propshaft (1.3.1) lib/propshaft/server.rb:37:in 'Propshaft::Server#call'
actionpack (8.1.2) lib/action_dispatch/middleware/static.rb:27:in 'ActionDispatch::Static#call'
rack (3.2.5) lib/rack/sendfile.rb:131:in 'Rack::Sendfile#call'
actionpack (8.1.2) lib/action_dispatch/middleware/host_authorization.rb:143:in 'ActionDispatch::HostAuthorization#call'
railties (8.1.2) lib/rails/engine.rb:534:in 'Rails::Engine#call'
puma (7.2.0) lib/puma/configuration.rb:296:in 'Puma::Configuration::ConfigMiddleware#call'
puma (7.2.0) lib/puma/request.rb:103:in 'block in Puma::Request#handle_request'
puma (7.2.0) lib/puma/thread_pool.rb:355:in 'Puma::ThreadPool#with_force_shutdown'
puma (7.2.0) lib/puma/request.rb:102:in 'Puma::Request#handle_request'
puma (7.2.0) lib/puma/server.rb:503:in 'Puma::Server#process_client'
puma (7.2.0) lib/puma/server.rb:262:in 'block in Puma::Server#run'
puma (7.2.0) lib/puma/thread_pool.rb:182:in 'block in Puma::ThreadPool#spawn_thread'
Started GET "/sw.js" for ::1 at 2026-02-28 21:15:51 +0900
  [1m[36mActiveRecord::SchemaMigration Load (1.0ms)[0m  [1m[34mSELECT "schema_migrations"."version" FROM "schema_migrations" ORDER BY "schema_migrations"."version" ASC /*application='MeetingRails'*/[0m
  
ActiveRecord::PendingMigrationError (

Migrations are pending. To resolve this issue, run:

        bin/rails db:migrate

You have 1 pending migration:

db/migrate/20260228120000_add_subscription_uniqueness_indexes.rb


):
  
activerecord (8.1.2) lib/active_record/migration.rb:743:in 'ActiveRecord::Migration.check_pending_migrations'
activerecord (8.1.2) lib/active_record/migration.rb:660:in 'block (2 levels) in ActiveRecord::Migration::CheckPending#call'
activesupport (8.1.2) lib/active_support/file_update_checker.rb:88:in 'ActiveSupport::FileUpdateChecker#execute'
activerecord (8.1.2) lib/active_record/migration.rb:665:in 'block in ActiveRecord::Migration::CheckPending#call'
activerecord (8.1.2) lib/active_record/migration.rb:657:in 'Thread::Mutex#synchronize'
activerecord (8.1.2) lib/active_record/migration.rb:657:in 'ActiveRecord::Migration::CheckPending#call'
actionpack (8.1.2) lib/action_dispatch/middleware/callbacks.rb:31:in 'block in ActionDispatch::Callbacks#call'
activesupport (8.1.2) lib/active_support/callbacks.rb:101:in 'ActiveSupport::Callbacks#run_callbacks'
actionpack (8.1.2) lib/action_dispatch/middleware/callbacks.rb:30:in 'ActionDispatch::Callbacks#call'
actionpack (8.1.2) lib/action_dispatch/middleware/executor.rb:20:in 'ActionDispatch::Executor#call'
actionpack (8.1.2) lib/action_dispatch/middleware/actionable_exceptions.rb:18:in 'ActionDispatch::ActionableExceptions#call'
actionpack (8.1.2) lib/action_dispatch/middleware/debug_exceptions.rb:31:in 'ActionDispatch::DebugExceptions#call'
web-console (4.3.0) lib/web_console/middleware.rb:132:in 'WebConsole::Middleware#call_app'
web-console (4.3.0) lib/web_console/middleware.rb:28:in 'block in WebConsole::Middleware#call'
web-console (4.3.0) lib/web_console/middleware.rb:17:in 'Kernel#catch'
web-console (4.3.0) lib/web_console/middleware.rb:17:in 'WebConsole::Middleware#call'
actionpack (8.1.2) lib/action_dispatch/middleware/show_exceptions.rb:32:in 'ActionDispatch::ShowExceptions#call'
railties (8.1.2) lib/rails/rack/logger.rb:41:in 'Rails::Rack::Logger#call_app'
railties (8.1.2) lib/rails/rack/logger.rb:29:in 'Rails::Rack::Logger#call'
propshaft (1.3.1) lib/propshaft/quiet_assets.rb:11:in 'Propshaft::QuietAssets#call'
actionpack (8.1.2) lib/action_dispatch/middleware/remote_ip.rb:98:in 'ActionDispatch::RemoteIp#call'
actionpack (8.1.2) lib/action_dispatch/middleware/request_id.rb:34:in 'ActionDispatch::RequestId#call'
rack (3.2.5) lib/rack/method_override.rb:28:in 'Rack::MethodOverride#call'
rack (3.2.5) lib/rack/runtime.rb:24:in 'Rack::Runtime#call'
activesupport (8.1.2) lib/active_support/cache/strategy/local_cache_middleware.rb:30:in 'ActiveSupport::Cache::Strategy::LocalCache::Middleware#call'
actionpack (8.1.2) lib/action_dispatch/middleware/server_timing.rb:61:in 'block in ActionDispatch::ServerTiming#call'
actionpack (8.1.2) lib/action_dispatch/middleware/server_timing.rb:26:in 'ActionDispatch::ServerTiming::Subscriber#collect_events'
actionpack (8.1.2) lib/action_dispatch/middleware/server_timing.rb:60:in 'ActionDispatch::ServerTiming#call'
actionpack (8.1.2) lib/action_dispatch/middleware/executor.rb:20:in 'ActionDispatch::Executor#call'
propshaft (1.3.1) lib/propshaft/server.rb:37:in 'Propshaft::Server#call'
actionpack (8.1.2) lib/action_dispatch/middleware/static.rb:27:in 'ActionDispatch::Static#call'
rack (3.2.5) lib/rack/sendfile.rb:131:in 'Rack::Sendfile#call'
actionpack (8.1.2) lib/action_dispatch/middleware/host_authorization.rb:143:in 'ActionDispatch::HostAuthorization#call'
railties (8.1.2) lib/rails/engine.rb:534:in 'Rails::Engine#call'
puma (7.2.0) lib/puma/configuration.rb:296:in 'Puma::Configuration::ConfigMiddleware#call'
puma (7.2.0) lib/puma/request.rb:103:in 'block in Puma::Request#handle_request'
puma (7.2.0) lib/puma/thread_pool.rb:355:in 'Puma::ThreadPool#with_force_shutdown'
puma (7.2.0) lib/puma/request.rb:102:in 'Puma::Request#handle_request'
puma (7.2.0) lib/puma/server.rb:503:in 'Puma::Server#process_client'
puma (7.2.0) lib/puma/server.rb:262:in 'block in Puma::Server#run'
puma (7.2.0) lib/puma/thread_pool.rb:182:in 'block in Puma::ThreadPool#spawn_thread'
Started GET "/" for ::1 at 2026-02-28 21:15:53 +0900
  [1m[36mActiveRecord::SchemaMigration Load (1.2ms)[0m  [1m[34mSELECT "schema_migrations"."version" FROM "schema_migrations" ORDER BY "schema_migrations"."version" ASC /*application='MeetingRails'*/[0m
  
ActiveRecord::PendingMigrationError (

Migrations are pending. To resolve this issue, run:

        bin/rails db:migrate

You have 1 pending migration:

db/migrate/20260228120000_add_subscription_uniqueness_indexes.rb


):
  
activerecord (8.1.2) lib/active_record/migration.rb:743:in 'ActiveRecord::Migration.check_pending_migrations'
activerecord (8.1.2) lib/active_record/migration.rb:660:in 'block (2 levels) in ActiveRecord::Migration::CheckPending#call'
activesupport (8.1.2) lib/active_support/file_update_checker.rb:88:in 'ActiveSupport::FileUpdateChecker#execute'
activerecord (8.1.2) lib/active_record/migration.rb:665:in 'block in ActiveRecord::Migration::CheckPending#call'
activerecord (8.1.2) lib/active_record/migration.rb:657:in 'Thread::Mutex#synchronize'
activerecord (8.1.2) lib/active_record/migration.rb:657:in 'ActiveRecord::Migration::CheckPending#call'
actionpack (8.1.2) lib/action_dispatch/middleware/callbacks.rb:31:in 'block in ActionDispatch::Callbacks#call'
activesupport (8.1.2) lib/active_support/callbacks.rb:101:in 'ActiveSupport::Callbacks#run_callbacks'
actionpack (8.1.2) lib/action_dispatch/middleware/callbacks.rb:30:in 'ActionDispatch::Callbacks#call'
actionpack (8.1.2) lib/action_dispatch/middleware/executor.rb:20:in 'ActionDispatch::Executor#call'
actionpack (8.1.2) lib/action_dispatch/middleware/actionable_exceptions.rb:18:in 'ActionDispatch::ActionableExceptions#call'
actionpack (8.1.2) lib/action_dispatch/middleware/debug_exceptions.rb:31:in 'ActionDispatch::DebugExceptions#call'
web-console (4.3.0) lib/web_console/middleware.rb:132:in 'WebConsole::Middleware#call_app'
web-console (4.3.0) lib/web_console/middleware.rb:28:in 'block in WebConsole::Middleware#call'
web-console (4.3.0) lib/web_console/middleware.rb:17:in 'Kernel#catch'
web-console (4.3.0) lib/web_console/middleware.rb:17:in 'WebConsole::Middleware#call'
actionpack (8.1.2) lib/action_dispatch/middleware/show_exceptions.rb:32:in 'ActionDispatch::ShowExceptions#call'
railties (8.1.2) lib/rails/rack/logger.rb:41:in 'Rails::Rack::Logger#call_app'
railties (8.1.2) lib/rails/rack/logger.rb:29:in 'Rails::Rack::Logger#call'
propshaft (1.3.1) lib/propshaft/quiet_assets.rb:11:in 'Propshaft::QuietAssets#call'
actionpack (8.1.2) lib/action_dispatch/middleware/remote_ip.rb:98:in 'ActionDispatch::RemoteIp#call'
actionpack (8.1.2) lib/action_dispatch/middleware/request_id.rb:34:in 'ActionDispatch::RequestId#call'
rack (3.2.5) lib/rack/method_override.rb:28:in 'Rack::MethodOverride#call'
rack (3.2.5) lib/rack/runtime.rb:24:in 'Rack::Runtime#call'
activesupport (8.1.2) lib/active_support/cache/strategy/local_cache_middleware.rb:30:in 'ActiveSupport::Cache::Strategy::LocalCache::Middleware#call'
actionpack (8.1.2) lib/action_dispatch/middleware/server_timing.rb:61:in 'block in ActionDispatch::ServerTiming#call'
actionpack (8.1.2) lib/action_dispatch/middleware/server_timing.rb:26:in 'ActionDispatch::ServerTiming::Subscriber#collect_events'
actionpack (8.1.2) lib/action_dispatch/middleware/server_timing.rb:60:in 'ActionDispatch::ServerTiming#call'
actionpack (8.1.2) lib/action_dispatch/middleware/executor.rb:20:in 'ActionDispatch::Executor#call'
propshaft (1.3.1) lib/propshaft/server.rb:37:in 'Propshaft::Server#call'
actionpack (8.1.2) lib/action_dispatch/middleware/static.rb:27:in 'ActionDispatch::Static#call'
rack (3.2.5) lib/rack/sendfile.rb:131:in 'Rack::Sendfile#call'
actionpack (8.1.2) lib/action_dispatch/middleware/host_authorization.rb:143:in 'ActionDispatch::HostAuthorization#call'
railties (8.1.2) lib/rails/engine.rb:534:in 'Rails::Engine#call'
puma (7.2.0) lib/puma/configuration.rb:296:in 'Puma::Configuration::ConfigMiddleware#call'
puma (7.2.0) lib/puma/request.rb:103:in 'block in Puma::Request#handle_request'
puma (7.2.0) lib/puma/thread_pool.rb:355:in 'Puma::ThreadPool#with_force_shutdown'
puma (7.2.0) lib/puma/request.rb:102:in 'Puma::Request#handle_request'
puma (7.2.0) lib/puma/server.rb:503:in 'Puma::Server#process_client'
puma (7.2.0) lib/puma/server.rb:262:in 'block in Puma::Server#run'
puma (7.2.0) lib/puma/thread_pool.rb:182:in 'block in Puma::ThreadPool#spawn_thread'
Started GET "/favicon.ico" for ::1 at 2026-02-28 21:15:53 +0900
  [1m[36mActiveRecord::SchemaMigration Load (1.3ms)[0m  [1m[34mSELECT "schema_migrations"."version" FROM "schema_migrations" ORDER BY "schema_migrations"."version" ASC /*application='MeetingRails'*/[0m
  
ActiveRecord::PendingMigrationError (

Migrations are pending. To resolve this issue, run:

        bin/rails db:migrate

You have 1 pending migration:

db/migrate/20260228120000_add_subscription_uniqueness_indexes.rb


):
  
activerecord (8.1.2) lib/active_record/migration.rb:743:in 'ActiveRecord::Migration.check_pending_migrations'
activerecord (8.1.2) lib/active_record/migration.rb:660:in 'block (2 levels) in ActiveRecord::Migration::CheckPending#call'
activesupport (8.1.2) lib/active_support/file_update_checker.rb:88:in 'ActiveSupport::FileUpdateChecker#execute'
activerecord (8.1.2) lib/active_record/migration.rb:665:in 'block in ActiveRecord::Migration::CheckPending#call'
activerecord (8.1.2) lib/active_record/migration.rb:657:in 'Thread::Mutex#synchronize'
activerecord (8.1.2) lib/active_record/migration.rb:657:in 'ActiveRecord::Migration::CheckPending#call'
actionpack (8.1.2) lib/action_dispatch/middleware/callbacks.rb:31:in 'block in ActionDispatch::Callbacks#call'
activesupport (8.1.2) lib/active_support/callbacks.rb:101:in 'ActiveSupport::Callbacks#run_callbacks'
actionpack (8.1.2) lib/action_dispatch/middleware/callbacks.rb:30:in 'ActionDispatch::Callbacks#call'
actionpack (8.1.2) lib/action_dispatch/middleware/executor.rb:20:in 'ActionDispatch::Executor#call'
actionpack (8.1.2) lib/action_dispatch/middleware/actionable_exceptions.rb:18:in 'ActionDispatch::ActionableExceptions#call'
actionpack (8.1.2) lib/action_dispatch/middleware/debug_exceptions.rb:31:in 'ActionDispatch::DebugExceptions#call'
web-console (4.3.0) lib/web_console/middleware.rb:132:in 'WebConsole::Middleware#call_app'
web-console (4.3.0) lib/web_console/middleware.rb:28:in 'block in WebConsole::Middleware#call'
web-console (4.3.0) lib/web_console/middleware.rb:17:in 'Kernel#catch'
web-console (4.3.0) lib/web_console/middleware.rb:17:in 'WebConsole::Middleware#call'
actionpack (8.1.2) lib/action_dispatch/middleware/show_exceptions.rb:32:in 'ActionDispatch::ShowExceptions#call'
railties (8.1.2) lib/rails/rack/logger.rb:41:in 'Rails::Rack::Logger#call_app'
railties (8.1.2) lib/rails/rack/logger.rb:29:in 'Rails::Rack::Logger#call'
propshaft (1.3.1) lib/propshaft/quiet_assets.rb:11:in 'Propshaft::QuietAssets#call'
actionpack (8.1.2) lib/action_dispatch/middleware/remote_ip.rb:98:in 'ActionDispatch::RemoteIp#call'
actionpack (8.1.2) lib/action_dispatch/middleware/request_id.rb:34:in 'ActionDispatch::RequestId#call'
rack (3.2.5) lib/rack/method_override.rb:28:in 'Rack::MethodOverride#call'
rack (3.2.5) lib/rack/runtime.rb:24:in 'Rack::Runtime#call'
activesupport (8.1.2) lib/active_support/cache/strategy/local_cache_middleware.rb:30:in 'ActiveSupport::Cache::Strategy::LocalCache::Middleware#call'
actionpack (8.1.2) lib/action_dispatch/middleware/server_timing.rb:61:in 'block in ActionDispatch::ServerTiming#call'
actionpack (8.1.2) lib/action_dispatch/middleware/server_timing.rb:26:in 'ActionDispatch::ServerTiming::Subscriber#collect_events'
actionpack (8.1.2) lib/action_dispatch/middleware/server_timing.rb:60:in 'ActionDispatch::ServerTiming#call'
actionpack (8.1.2) lib/action_dispatch/middleware/executor.rb:20:in 'ActionDispatch::Executor#call'
propshaft (1.3.1) lib/propshaft/server.rb:37:in 'Propshaft::Server#call'
actionpack (8.1.2) lib/action_dispatch/middleware/static.rb:27:in 'ActionDispatch::Static#call'
rack (3.2.5) lib/rack/sendfile.rb:131:in 'Rack::Sendfile#call'
actionpack (8.1.2) lib/action_dispatch/middleware/host_authorization.rb:143:in 'ActionDispatch::HostAuthorization#call'
railties (8.1.2) lib/rails/engine.rb:534:in 'Rails::Engine#call'
puma (7.2.0) lib/puma/configuration.rb:296:in 'Puma::Configuration::ConfigMiddleware#call'
puma (7.2.0) lib/puma/request.rb:103:in 'block in Puma::Request#handle_request'
puma (7.2.0) lib/puma/thread_pool.rb:355:in 'Puma::ThreadPool#with_force_shutdown'
puma (7.2.0) lib/puma/request.rb:102:in 'Puma::Request#handle_request'
puma (7.2.0) lib/puma/server.rb:503:in 'Puma::Server#process_client'
puma (7.2.0) lib/puma/server.rb:262:in 'block in Puma::Server#run'
puma (7.2.0) lib/puma/thread_pool.rb:182:in 'block in Puma::ThreadPool#spawn_thread'
Started GET "/sw.js" for ::1 at 2026-02-28 21:15:54 +0900
  [1m[36mActiveRecord::SchemaMigration Load (1.0ms)[0m  [1m[34mSELECT "schema_migrations"."version" FROM "schema_migrations" ORDER BY "schema_migrations"."version" ASC /*application='MeetingRails'*/[0m
  
ActiveRecord::PendingMigrationError (

Migrations are pending. To resolve this issue, run:

        bin/rails db:migrate

You have 1 pending migration:

db/migrate/20260228120000_add_subscription_uniqueness_indexes.rb


):
  
activerecord (8.1.2) lib/active_record/migration.rb:743:in 'ActiveRecord::Migration.check_pending_migrations'
activerecord (8.1.2) lib/active_record/migration.rb:660:in 'block (2 levels) in ActiveRecord::Migration::CheckPending#call'
activesupport (8.1.2) lib/active_support/file_update_checker.rb:88:in 'ActiveSupport::FileUpdateChecker#execute'
activerecord (8.1.2) lib/active_record/migration.rb:665:in 'block in ActiveRecord::Migration::CheckPending#call'
activerecord (8.1.2) lib/active_record/migration.rb:657:in 'Thread::Mutex#synchronize'
activerecord (8.1.2) lib/active_record/migration.rb:657:in 'ActiveRecord::Migration::CheckPending#call'
actionpack (8.1.2) lib/action_dispatch/middleware/callbacks.rb:31:in 'block in ActionDispatch::Callbacks#call'
activesupport (8.1.2) lib/active_support/callbacks.rb:101:in 'ActiveSupport::Callbacks#run_callbacks'
actionpack (8.1.2) lib/action_dispatch/middleware/callbacks.rb:30:in 'ActionDispatch::Callbacks#call'
actionpack (8.1.2) lib/action_dispatch/middleware/executor.rb:20:in 'ActionDispatch::Executor#call'
actionpack (8.1.2) lib/action_dispatch/middleware/actionable_exceptions.rb:18:in 'ActionDispatch::ActionableExceptions#call'
actionpack (8.1.2) lib/action_dispatch/middleware/debug_exceptions.rb:31:in 'ActionDispatch::DebugExceptions#call'
web-console (4.3.0) lib/web_console/middleware.rb:132:in 'WebConsole::Middleware#call_app'
web-console (4.3.0) lib/web_console/middleware.rb:28:in 'block in WebConsole::Middleware#call'
web-console (4.3.0) lib/web_console/middleware.rb:17:in 'Kernel#catch'
web-console (4.3.0) lib/web_console/middleware.rb:17:in 'WebConsole::Middleware#call'
actionpack (8.1.2) lib/action_dispatch/middleware/show_exceptions.rb:32:in 'ActionDispatch::ShowExceptions#call'
railties (8.1.2) lib/rails/rack/logger.rb:41:in 'Rails::Rack::Logger#call_app'
railties (8.1.2) lib/rails/rack/logger.rb:29:in 'Rails::Rack::Logger#call'
propshaft (1.3.1) lib/propshaft/quiet_assets.rb:11:in 'Propshaft::QuietAssets#call'
actionpack (8.1.2) lib/action_dispatch/middleware/remote_ip.rb:98:in 'ActionDispatch::RemoteIp#call'
actionpack (8.1.2) lib/action_dispatch/middleware/request_id.rb:34:in 'ActionDispatch::RequestId#call'
rack (3.2.5) lib/rack/method_override.rb:28:in 'Rack::MethodOverride#call'
rack (3.2.5) lib/rack/runtime.rb:24:in 'Rack::Runtime#call'
activesupport (8.1.2) lib/active_support/cache/strategy/local_cache_middleware.rb:30:in 'ActiveSupport::Cache::Strategy::LocalCache::Middleware#call'
actionpack (8.1.2) lib/action_dispatch/middleware/server_timing.rb:61:in 'block in ActionDispatch::ServerTiming#call'
actionpack (8.1.2) lib/action_dispatch/middleware/server_timing.rb:26:in 'ActionDispatch::ServerTiming::Subscriber#collect_events'
actionpack (8.1.2) lib/action_dispatch/middleware/server_timing.rb:60:in 'ActionDispatch::ServerTiming#call'
actionpack (8.1.2) lib/action_dispatch/middleware/executor.rb:20:in 'ActionDispatch::Executor#call'
propshaft (1.3.1) lib/propshaft/server.rb:37:in 'Propshaft::Server#call'
actionpack (8.1.2) lib/action_dispatch/middleware/static.rb:27:in 'ActionDispatch::Static#call'
rack (3.2.5) lib/rack/sendfile.rb:131:in 'Rack::Sendfile#call'
actionpack (8.1.2) lib/action_dispatch/middleware/host_authorization.rb:143:in 'ActionDispatch::HostAuthorization#call'
railties (8.1.2) lib/rails/engine.rb:534:in 'Rails::Engine#call'
puma (7.2.0) lib/puma/configuration.rb:296:in 'Puma::Configuration::ConfigMiddleware#call'
puma (7.2.0) lib/puma/request.rb:103:in 'block in Puma::Request#handle_request'
puma (7.2.0) lib/puma/thread_pool.rb:355:in 'Puma::ThreadPool#with_force_shutdown'
puma (7.2.0) lib/puma/request.rb:102:in 'Puma::Request#handle_request'
puma (7.2.0) lib/puma/server.rb:503:in 'Puma::Server#process_client'
puma (7.2.0) lib/puma/server.rb:262:in 'block in Puma::Server#run'
puma (7.2.0) lib/puma/thread_pool.rb:182:in 'block in Puma::ThreadPool#spawn_thread'
Started GET "/" for ::1 at 2026-02-28 21:22:46 +0900
  [1m[36mActiveRecord::SchemaMigration Load (1.1ms)[0m  [1m[34mSELECT "schema_migrations"."version" FROM "schema_migrations" ORDER BY "schema_migrations"."version" ASC /*application='MeetingRails'*/[0m
  
ActiveRecord::PendingMigrationError (

Migrations are pending. To resolve this issue, run:

        bin/rails db:migrate

You have 1 pending migration:

db/migrate/20260228120000_add_subscription_uniqueness_indexes.rb


):
  
activerecord (8.1.2) lib/active_record/migration.rb:743:in 'ActiveRecord::Migration.check_pending_migrations'
activerecord (8.1.2) lib/active_record/migration.rb:660:in 'block (2 levels) in ActiveRecord::Migration::CheckPending#call'
activesupport (8.1.2) lib/active_support/file_update_checker.rb:88:in 'ActiveSupport::FileUpdateChecker#execute'
activerecord (8.1.2) lib/active_record/migration.rb:665:in 'block in ActiveRecord::Migration::CheckPending#call'
activerecord (8.1.2) lib/active_record/migration.rb:657:in 'Thread::Mutex#synchronize'
activerecord (8.1.2) lib/active_record/migration.rb:657:in 'ActiveRecord::Migration::CheckPending#call'
actionpack (8.1.2) lib/action_dispatch/middleware/callbacks.rb:31:in 'block in ActionDispatch::Callbacks#call'
activesupport (8.1.2) lib/active_support/callbacks.rb:101:in 'ActiveSupport::Callbacks#run_callbacks'
actionpack (8.1.2) lib/action_dispatch/middleware/callbacks.rb:30:in 'ActionDispatch::Callbacks#call'
actionpack (8.1.2) lib/action_dispatch/middleware/executor.rb:20:in 'ActionDispatch::Executor#call'
actionpack (8.1.2) lib/action_dispatch/middleware/actionable_exceptions.rb:18:in 'ActionDispatch::ActionableExceptions#call'
actionpack (8.1.2) lib/action_dispatch/middleware/debug_exceptions.rb:31:in 'ActionDispatch::DebugExceptions#call'
web-console (4.3.0) lib/web_console/middleware.rb:132:in 'WebConsole::Middleware#call_app'
web-console (4.3.0) lib/web_console/middleware.rb:28:in 'block in WebConsole::Middleware#call'
web-console (4.3.0) lib/web_console/middleware.rb:17:in 'Kernel#catch'
web-console (4.3.0) lib/web_console/middleware.rb:17:in 'WebConsole::Middleware#call'
actionpack (8.1.2) lib/action_dispatch/middleware/show_exceptions.rb:32:in 'ActionDispatch::ShowExceptions#call'
railties (8.1.2) lib/rails/rack/logger.rb:41:in 'Rails::Rack::Logger#call_app'
railties (8.1.2) lib/rails/rack/logger.rb:29:in 'Rails::Rack::Logger#call'
propshaft (1.3.1) lib/propshaft/quiet_assets.rb:11:in 'Propshaft::QuietAssets#call'
actionpack (8.1.2) lib/action_dispatch/middleware/remote_ip.rb:98:in 'ActionDispatch::RemoteIp#call'
actionpack (8.1.2) lib/action_dispatch/middleware/request_id.rb:34:in 'ActionDispatch::RequestId#call'
rack (3.2.5) lib/rack/method_override.rb:28:in 'Rack::MethodOverride#call'
rack (3.2.5) lib/rack/runtime.rb:24:in 'Rack::Runtime#call'
activesupport (8.1.2) lib/active_support/cache/strategy/local_cache_middleware.rb:30:in 'ActiveSupport::Cache::Strategy::LocalCache::Middleware#call'
actionpack (8.1.2) lib/action_dispatch/middleware/server_timing.rb:61:in 'block in ActionDispatch::ServerTiming#call'
actionpack (8.1.2) lib/action_dispatch/middleware/server_timing.rb:26:in 'ActionDispatch::ServerTiming::Subscriber#collect_events'
actionpack (8.1.2) lib/action_dispatch/middleware/server_timing.rb:60:in 'ActionDispatch::ServerTiming#call'
actionpack (8.1.2) lib/action_dispatch/middleware/executor.rb:20:in 'ActionDispatch::Executor#call'
propshaft (1.3.1) lib/propshaft/server.rb:37:in 'Propshaft::Server#call'
actionpack (8.1.2) lib/action_dispatch/middleware/static.rb:27:in 'ActionDispatch::Static#call'
rack (3.2.5) lib/rack/sendfile.rb:131:in 'Rack::Sendfile#call'
actionpack (8.1.2) lib/action_dispatch/middleware/host_authorization.rb:143:in 'ActionDispatch::HostAuthorization#call'
railties (8.1.2) lib/rails/engine.rb:534:in 'Rails::Engine#call'
puma (7.2.0) lib/puma/configuration.rb:296:in 'Puma::Configuration::ConfigMiddleware#call'
puma (7.2.0) lib/puma/request.rb:103:in 'block in Puma::Request#handle_request'
puma (7.2.0) lib/puma/thread_pool.rb:355:in 'Puma::ThreadPool#with_force_shutdown'
puma (7.2.0) lib/puma/request.rb:102:in 'Puma::Request#handle_request'
puma (7.2.0) lib/puma/server.rb:503:in 'Puma::Server#process_client'
puma (7.2.0) lib/puma/server.rb:262:in 'block in Puma::Server#run'
puma (7.2.0) lib/puma/thread_pool.rb:182:in 'block in Puma::ThreadPool#spawn_thread'
Started GET "/favicon.ico" for ::1 at 2026-02-28 21:22:46 +0900
  [1m[36mActiveRecord::SchemaMigration Load (1.5ms)[0m  [1m[34mSELECT "schema_migrations"."version" FROM "schema_migrations" ORDER BY "schema_migrations"."version" ASC /*application='MeetingRails'*/[0m
  
ActiveRecord::PendingMigrationError (

Migrations are pending. To resolve this issue, run:

        bin/rails db:migrate

You have 1 pending migration:

db/migrate/20260228120000_add_subscription_uniqueness_indexes.rb


):
  
activerecord (8.1.2) lib/active_record/migration.rb:743:in 'ActiveRecord::Migration.check_pending_migrations'
activerecord (8.1.2) lib/active_record/migration.rb:660:in 'block (2 levels) in ActiveRecord::Migration::CheckPending#call'
activesupport (8.1.2) lib/active_support/file_update_checker.rb:88:in 'ActiveSupport::FileUpdateChecker#execute'
activerecord (8.1.2) lib/active_record/migration.rb:665:in 'block in ActiveRecord::Migration::CheckPending#call'
activerecord (8.1.2) lib/active_record/migration.rb:657:in 'Thread::Mutex#synchronize'
activerecord (8.1.2) lib/active_record/migration.rb:657:in 'ActiveRecord::Migration::CheckPending#call'
actionpack (8.1.2) lib/action_dispatch/middleware/callbacks.rb:31:in 'block in ActionDispatch::Callbacks#call'
activesupport (8.1.2) lib/active_support/callbacks.rb:101:in 'ActiveSupport::Callbacks#run_callbacks'
actionpack (8.1.2) lib/action_dispatch/middleware/callbacks.rb:30:in 'ActionDispatch::Callbacks#call'
actionpack (8.1.2) lib/action_dispatch/middleware/executor.rb:20:in 'ActionDispatch::Executor#call'
actionpack (8.1.2) lib/action_dispatch/middleware/actionable_exceptions.rb:18:in 'ActionDispatch::ActionableExceptions#call'
actionpack (8.1.2) lib/action_dispatch/middleware/debug_exceptions.rb:31:in 'ActionDispatch::DebugExceptions#call'
web-console (4.3.0) lib/web_console/middleware.rb:132:in 'WebConsole::Middleware#call_app'
web-console (4.3.0) lib/web_console/middleware.rb:28:in 'block in WebConsole::Middleware#call'
web-console (4.3.0) lib/web_console/middleware.rb:17:in 'Kernel#catch'
web-console (4.3.0) lib/web_console/middleware.rb:17:in 'WebConsole::Middleware#call'
actionpack (8.1.2) lib/action_dispatch/middleware/show_exceptions.rb:32:in 'ActionDispatch::ShowExceptions#call'
railties (8.1.2) lib/rails/rack/logger.rb:41:in 'Rails::Rack::Logger#call_app'
railties (8.1.2) lib/rails/rack/logger.rb:29:in 'Rails::Rack::Logger#call'
propshaft (1.3.1) lib/propshaft/quiet_assets.rb:11:in 'Propshaft::QuietAssets#call'
actionpack (8.1.2) lib/action_dispatch/middleware/remote_ip.rb:98:in 'ActionDispatch::RemoteIp#call'
actionpack (8.1.2) lib/action_dispatch/middleware/request_id.rb:34:in 'ActionDispatch::RequestId#call'
rack (3.2.5) lib/rack/method_override.rb:28:in 'Rack::MethodOverride#call'
rack (3.2.5) lib/rack/runtime.rb:24:in 'Rack::Runtime#call'
activesupport (8.1.2) lib/active_support/cache/strategy/local_cache_middleware.rb:30:in 'ActiveSupport::Cache::Strategy::LocalCache::Middleware#call'
actionpack (8.1.2) lib/action_dispatch/middleware/server_timing.rb:61:in 'block in ActionDispatch::ServerTiming#call'
actionpack (8.1.2) lib/action_dispatch/middleware/server_timing.rb:26:in 'ActionDispatch::ServerTiming::Subscriber#collect_events'
actionpack (8.1.2) lib/action_dispatch/middleware/server_timing.rb:60:in 'ActionDispatch::ServerTiming#call'
actionpack (8.1.2) lib/action_dispatch/middleware/executor.rb:20:in 'ActionDispatch::Executor#call'
propshaft (1.3.1) lib/propshaft/server.rb:37:in 'Propshaft::Server#call'
actionpack (8.1.2) lib/action_dispatch/middleware/static.rb:27:in 'ActionDispatch::Static#call'
rack (3.2.5) lib/rack/sendfile.rb:131:in 'Rack::Sendfile#call'
actionpack (8.1.2) lib/action_dispatch/middleware/host_authorization.rb:143:in 'ActionDispatch::HostAuthorization#call'
railties (8.1.2) lib/rails/engine.rb:534:in 'Rails::Engine#call'
puma (7.2.0) lib/puma/configuration.rb:296:in 'Puma::Configuration::ConfigMiddleware#call'
puma (7.2.0) lib/puma/request.rb:103:in 'block in Puma::Request#handle_request'
puma (7.2.0) lib/puma/thread_pool.rb:355:in 'Puma::ThreadPool#with_force_shutdown'
puma (7.2.0) lib/puma/request.rb:102:in 'Puma::Request#handle_request'
puma (7.2.0) lib/puma/server.rb:503:in 'Puma::Server#process_client'
puma (7.2.0) lib/puma/server.rb:262:in 'block in Puma::Server#run'
puma (7.2.0) lib/puma/thread_pool.rb:182:in 'block in Puma::ThreadPool#spawn_thread'
Started GET "/sw.js" for ::1 at 2026-02-28 21:22:48 +0900
  [1m[36mActiveRecord::SchemaMigration Load (1.8ms)[0m  [1m[34mSELECT "schema_migrations"."version" FROM "schema_migrations" ORDER BY "schema_migrations"."version" ASC /*application='MeetingRails'*/[0m
  
ActiveRecord::PendingMigrationError (

Migrations are pending. To resolve this issue, run:

        bin/rails db:migrate

You have 1 pending migration:

db/migrate/20260228120000_add_subscription_uniqueness_indexes.rb


):
  
activerecord (8.1.2) lib/active_record/migration.rb:743:in 'ActiveRecord::Migration.check_pending_migrations'
activerecord (8.1.2) lib/active_record/migration.rb:660:in 'block (2 levels) in ActiveRecord::Migration::CheckPending#call'
activesupport (8.1.2) lib/active_support/file_update_checker.rb:88:in 'ActiveSupport::FileUpdateChecker#execute'
activerecord (8.1.2) lib/active_record/migration.rb:665:in 'block in ActiveRecord::Migration::CheckPending#call'
activerecord (8.1.2) lib/active_record/migration.rb:657:in 'Thread::Mutex#synchronize'
activerecord (8.1.2) lib/active_record/migration.rb:657:in 'ActiveRecord::Migration::CheckPending#call'
actionpack (8.1.2) lib/action_dispatch/middleware/callbacks.rb:31:in 'block in ActionDispatch::Callbacks#call'
activesupport (8.1.2) lib/active_support/callbacks.rb:101:in 'ActiveSupport::Callbacks#run_callbacks'
actionpack (8.1.2) lib/action_dispatch/middleware/callbacks.rb:30:in 'ActionDispatch::Callbacks#call'
actionpack (8.1.2) lib/action_dispatch/middleware/executor.rb:20:in 'ActionDispatch::Executor#call'
actionpack (8.1.2) lib/action_dispatch/middleware/actionable_exceptions.rb:18:in 'ActionDispatch::ActionableExceptions#call'
actionpack (8.1.2) lib/action_dispatch/middleware/debug_exceptions.rb:31:in 'ActionDispatch::DebugExceptions#call'
web-console (4.3.0) lib/web_console/middleware.rb:132:in 'WebConsole::Middleware#call_app'
web-console (4.3.0) lib/web_console/middleware.rb:28:in 'block in WebConsole::Middleware#call'
web-console (4.3.0) lib/web_console/middleware.rb:17:in 'Kernel#catch'
web-console (4.3.0) lib/web_console/middleware.rb:17:in 'WebConsole::Middleware#call'
actionpack (8.1.2) lib/action_dispatch/middleware/show_exceptions.rb:32:in 'ActionDispatch::ShowExceptions#call'
railties (8.1.2) lib/rails/rack/logger.rb:41:in 'Rails::Rack::Logger#call_app'
railties (8.1.2) lib/rails/rack/logger.rb:29:in 'Rails::Rack::Logger#call'
propshaft (1.3.1) lib/propshaft/quiet_assets.rb:11:in 'Propshaft::QuietAssets#call'
actionpack (8.1.2) lib/action_dispatch/middleware/remote_ip.rb:98:in 'ActionDispatch::RemoteIp#call'
actionpack (8.1.2) lib/action_dispatch/middleware/request_id.rb:34:in 'ActionDispatch::RequestId#call'
rack (3.2.5) lib/rack/method_override.rb:28:in 'Rack::MethodOverride#call'
rack (3.2.5) lib/rack/runtime.rb:24:in 'Rack::Runtime#call'
activesupport (8.1.2) lib/active_support/cache/strategy/local_cache_middleware.rb:30:in 'ActiveSupport::Cache::Strategy::LocalCache::Middleware#call'
actionpack (8.1.2) lib/action_dispatch/middleware/server_timing.rb:61:in 'block in ActionDispatch::ServerTiming#call'
actionpack (8.1.2) lib/action_dispatch/middleware/server_timing.rb:26:in 'ActionDispatch::ServerTiming::Subscriber#collect_events'
actionpack (8.1.2) lib/action_dispatch/middleware/server_timing.rb:60:in 'ActionDispatch::ServerTiming#call'
actionpack (8.1.2) lib/action_dispatch/middleware/executor.rb:20:in 'ActionDispatch::Executor#call'
propshaft (1.3.1) lib/propshaft/server.rb:37:in 'Propshaft::Server#call'
actionpack (8.1.2) lib/action_dispatch/middleware/static.rb:27:in 'ActionDispatch::Static#call'
rack (3.2.5) lib/rack/sendfile.rb:131:in 'Rack::Sendfile#call'
actionpack (8.1.2) lib/action_dispatch/middleware/host_authorization.rb:143:in 'ActionDispatch::HostAuthorization#call'
railties (8.1.2) lib/rails/engine.rb:534:in 'Rails::Engine#call'
puma (7.2.0) lib/puma/configuration.rb:296:in 'Puma::Configuration::ConfigMiddleware#call'
puma (7.2.0) lib/puma/request.rb:103:in 'block in Puma::Request#handle_request'
puma (7.2.0) lib/puma/thread_pool.rb:355:in 'Puma::ThreadPool#with_force_shutdown'
puma (7.2.0) lib/puma/request.rb:102:in 'Puma::Request#handle_request'
puma (7.2.0) lib/puma/server.rb:503:in 'Puma::Server#process_client'
puma (7.2.0) lib/puma/server.rb:262:in 'block in Puma::Server#run'
puma (7.2.0) lib/puma/thread_pool.rb:182:in 'block in Puma::ThreadPool#spawn_thread'
Started POST "/webhooks/stripe" for ::1 at 2026-02-28 21:23:46 +0900
  [1m[36mActiveRecord::SchemaMigration Load (1.2ms)[0m  [1m[34mSELECT "schema_migrations"."version" FROM "schema_migrations" ORDER BY "schema_migrations"."version" ASC /*application='MeetingRails'*/[0m
  
ActiveRecord::PendingMigrationError (

Migrations are pending. To resolve this issue, run:

        bin/rails db:migrate

You have 1 pending migration:

db/migrate/20260228120000_add_subscription_uniqueness_indexes.rb


):
  
activerecord (8.1.2) lib/active_record/migration.rb:743:in 'ActiveRecord::Migration.check_pending_migrations'
activerecord (8.1.2) lib/active_record/migration.rb:660:in 'block (2 levels) in ActiveRecord::Migration::CheckPending#call'
activesupport (8.1.2) lib/active_support/file_update_checker.rb:88:in 'ActiveSupport::FileUpdateChecker#execute'
activerecord (8.1.2) lib/active_record/migration.rb:665:in 'block in ActiveRecord::Migration::CheckPending#call'
activerecord (8.1.2) lib/active_record/migration.rb:657:in 'Thread::Mutex#synchronize'
activerecord (8.1.2) lib/active_record/migration.rb:657:in 'ActiveRecord::Migration::CheckPending#call'
actionpack (8.1.2) lib/action_dispatch/middleware/callbacks.rb:31:in 'block in ActionDispatch::Callbacks#call'
activesupport (8.1.2) lib/active_support/callbacks.rb:101:in 'ActiveSupport::Callbacks#run_callbacks'
actionpack (8.1.2) lib/action_dispatch/middleware/callbacks.rb:30:in 'ActionDispatch::Callbacks#call'
actionpack (8.1.2) lib/action_dispatch/middleware/executor.rb:20:in 'ActionDispatch::Executor#call'
actionpack (8.1.2) lib/action_dispatch/middleware/actionable_exceptions.rb:18:in 'ActionDispatch::ActionableExceptions#call'
actionpack (8.1.2) lib/action_dispatch/middleware/debug_exceptions.rb:31:in 'ActionDispatch::DebugExceptions#call'
web-console (4.3.0) lib/web_console/middleware.rb:132:in 'WebConsole::Middleware#call_app'
web-console (4.3.0) lib/web_console/middleware.rb:28:in 'block in WebConsole::Middleware#call'
web-console (4.3.0) lib/web_console/middleware.rb:17:in 'Kernel#catch'
web-console (4.3.0) lib/web_console/middleware.rb:17:in 'WebConsole::Middleware#call'
actionpack (8.1.2) lib/action_dispatch/middleware/show_exceptions.rb:32:in 'ActionDispatch::ShowExceptions#call'
railties (8.1.2) lib/rails/rack/logger.rb:41:in 'Rails::Rack::Logger#call_app'
railties (8.1.2) lib/rails/rack/logger.rb:29:in 'Rails::Rack::Logger#call'
propshaft (1.3.1) lib/propshaft/quiet_assets.rb:11:in 'Propshaft::QuietAssets#call'
actionpack (8.1.2) lib/action_dispatch/middleware/remote_ip.rb:98:in 'ActionDispatch::RemoteIp#call'
actionpack (8.1.2) lib/action_dispatch/middleware/request_id.rb:34:in 'ActionDispatch::RequestId#call'
rack (3.2.5) lib/rack/method_override.rb:28:in 'Rack::MethodOverride#call'
rack (3.2.5) lib/rack/runtime.rb:24:in 'Rack::Runtime#call'
activesupport (8.1.2) lib/active_support/cache/strategy/local_cache_middleware.rb:30:in 'ActiveSupport::Cache::Strategy::LocalCache::Middleware#call'
actionpack (8.1.2) lib/action_dispatch/middleware/server_timing.rb:61:in 'block in ActionDispatch::ServerTiming#call'
actionpack (8.1.2) lib/action_dispatch/middleware/server_timing.rb:26:in 'ActionDispatch::ServerTiming::Subscriber#collect_events'
actionpack (8.1.2) lib/action_dispatch/middleware/server_timing.rb:60:in 'ActionDispatch::ServerTiming#call'
actionpack (8.1.2) lib/action_dispatch/middleware/executor.rb:20:in 'ActionDispatch::Executor#call'
propshaft (1.3.1) lib/propshaft/server.rb:37:in 'Propshaft::Server#call'
actionpack (8.1.2) lib/action_dispatch/middleware/static.rb:27:in 'ActionDispatch::Static#call'
rack (3.2.5) lib/rack/sendfile.rb:131:in 'Rack::Sendfile#call'
actionpack (8.1.2) lib/action_dispatch/middleware/host_authorization.rb:143:in 'ActionDispatch::HostAuthorization#call'
railties (8.1.2) lib/rails/engine.rb:534:in 'Rails::Engine#call'
puma (7.2.0) lib/puma/configuration.rb:296:in 'Puma::Configuration::ConfigMiddleware#call'
puma (7.2.0) lib/puma/request.rb:103:in 'block in Puma::Request#handle_request'
puma (7.2.0) lib/puma/thread_pool.rb:355:in 'Puma::ThreadPool#with_force_shutdown'
puma (7.2.0) lib/puma/request.rb:102:in 'Puma::Request#handle_request'
puma (7.2.0) lib/puma/server.rb:503:in 'Puma::Server#process_client'
puma (7.2.0) lib/puma/server.rb:262:in 'block in Puma::Server#run'
puma (7.2.0) lib/puma/thread_pool.rb:182:in 'block in Puma::ThreadPool#spawn_thread'
Started POST "/webhooks/stripe" for ::1 at 2026-02-28 21:23:47 +0900
  [1m[36mActiveRecord::SchemaMigration Load (1.1ms)[0m  [1m[34mSELECT "schema_migrations"."version" FROM "schema_migrations" ORDER BY "schema_migrations"."version" ASC /*application='MeetingRails'*/[0m
  
ActiveRecord::PendingMigrationError (

Migrations are pending. To resolve this issue, run:

        bin/rails db:migrate

You have 1 pending migration:

db/migrate/20260228120000_add_subscription_uniqueness_indexes.rb


):
  
activerecord (8.1.2) lib/active_record/migration.rb:743:in 'ActiveRecord::Migration.check_pending_migrations'
activerecord (8.1.2) lib/active_record/migration.rb:660:in 'block (2 levels) in ActiveRecord::Migration::CheckPending#call'
activesupport (8.1.2) lib/active_support/file_update_checker.rb:88:in 'ActiveSupport::FileUpdateChecker#execute'
activerecord (8.1.2) lib/active_record/migration.rb:665:in 'block in ActiveRecord::Migration::CheckPending#call'
activerecord (8.1.2) lib/active_record/migration.rb:657:in 'Thread::Mutex#synchronize'
activerecord (8.1.2) lib/active_record/migration.rb:657:in 'ActiveRecord::Migration::CheckPending#call'
actionpack (8.1.2) lib/action_dispatch/middleware/callbacks.rb:31:in 'block in ActionDispatch::Callbacks#call'
activesupport (8.1.2) lib/active_support/callbacks.rb:101:in 'ActiveSupport::Callbacks#run_callbacks'
actionpack (8.1.2) lib/action_dispatch/middleware/callbacks.rb:30:in 'ActionDispatch::Callbacks#call'
actionpack (8.1.2) lib/action_dispatch/middleware/executor.rb:20:in 'ActionDispatch::Executor#call'
actionpack (8.1.2) lib/action_dispatch/middleware/actionable_exceptions.rb:18:in 'ActionDispatch::ActionableExceptions#call'
actionpack (8.1.2) lib/action_dispatch/middleware/debug_exceptions.rb:31:in 'ActionDispatch::DebugExceptions#call'
web-console (4.3.0) lib/web_console/middleware.rb:132:in 'WebConsole::Middleware#call_app'
web-console (4.3.0) lib/web_console/middleware.rb:28:in 'block in WebConsole::Middleware#call'
web-console (4.3.0) lib/web_console/middleware.rb:17:in 'Kernel#catch'
web-console (4.3.0) lib/web_console/middleware.rb:17:in 'WebConsole::Middleware#call'
actionpack (8.1.2) lib/action_dispatch/middleware/show_exceptions.rb:32:in 'ActionDispatch::ShowExceptions#call'
railties (8.1.2) lib/rails/rack/logger.rb:41:in 'Rails::Rack::Logger#call_app'
railties (8.1.2) lib/rails/rack/logger.rb:29:in 'Rails::Rack::Logger#call'
propshaft (1.3.1) lib/propshaft/quiet_assets.rb:11:in 'Propshaft::QuietAssets#call'
actionpack (8.1.2) lib/action_dispatch/middleware/remote_ip.rb:98:in 'ActionDispatch::RemoteIp#call'
actionpack (8.1.2) lib/action_dispatch/middleware/request_id.rb:34:in 'ActionDispatch::RequestId#call'
rack (3.2.5) lib/rack/method_override.rb:28:in 'Rack::MethodOverride#call'
rack (3.2.5) lib/rack/runtime.rb:24:in 'Rack::Runtime#call'
activesupport (8.1.2) lib/active_support/cache/strategy/local_cache_middleware.rb:30:in 'ActiveSupport::Cache::Strategy::LocalCache::Middleware#call'
actionpack (8.1.2) lib/action_dispatch/middleware/server_timing.rb:61:in 'block in ActionDispatch::ServerTiming#call'
actionpack (8.1.2) lib/action_dispatch/middleware/server_timing.rb:26:in 'ActionDispatch::ServerTiming::Subscriber#collect_events'
actionpack (8.1.2) lib/action_dispatch/middleware/server_timing.rb:60:in 'ActionDispatch::ServerTiming#call'
actionpack (8.1.2) lib/action_dispatch/middleware/executor.rb:20:in 'ActionDispatch::Executor#call'
propshaft (1.3.1) lib/propshaft/server.rb:37:in 'Propshaft::Server#call'
actionpack (8.1.2) lib/action_dispatch/middleware/static.rb:27:in 'ActionDispatch::Static#call'
rack (3.2.5) lib/rack/sendfile.rb:131:in 'Rack::Sendfile#call'
actionpack (8.1.2) lib/action_dispatch/middleware/host_authorization.rb:143:in 'ActionDispatch::HostAuthorization#call'
railties (8.1.2) lib/rails/engine.rb:534:in 'Rails::Engine#call'
puma (7.2.0) lib/puma/configuration.rb:296:in 'Puma::Configuration::ConfigMiddleware#call'
puma (7.2.0) lib/puma/request.rb:103:in 'block in Puma::Request#handle_request'
puma (7.2.0) lib/puma/thread_pool.rb:355:in 'Puma::ThreadPool#with_force_shutdown'
puma (7.2.0) lib/puma/request.rb:102:in 'Puma::Request#handle_request'
puma (7.2.0) lib/puma/server.rb:503:in 'Puma::Server#process_client'
puma (7.2.0) lib/puma/server.rb:262:in 'block in Puma::Server#run'
puma (7.2.0) lib/puma/thread_pool.rb:182:in 'block in Puma::ThreadPool#spawn_thread'
Started POST "/webhooks/stripe" for ::1 at 2026-02-28 21:24:08 +0900
  [1m[36mActiveRecord::SchemaMigration Load (1.7ms)[0m  [1m[34mSELECT "schema_migrations"."version" FROM "schema_migrations" ORDER BY "schema_migrations"."version" ASC /*application='MeetingRails'*/[0m
  
ActiveRecord::PendingMigrationError (

Migrations are pending. To resolve this issue, run:

        bin/rails db:migrate

You have 1 pending migration:

db/migrate/20260228120000_add_subscription_uniqueness_indexes.rb


):
  
activerecord (8.1.2) lib/active_record/migration.rb:743:in 'ActiveRecord::Migration.check_pending_migrations'
activerecord (8.1.2) lib/active_record/migration.rb:660:in 'block (2 levels) in ActiveRecord::Migration::CheckPending#call'
activesupport (8.1.2) lib/active_support/file_update_checker.rb:88:in 'ActiveSupport::FileUpdateChecker#execute'
activerecord (8.1.2) lib/active_record/migration.rb:665:in 'block in ActiveRecord::Migration::CheckPending#call'
activerecord (8.1.2) lib/active_record/migration.rb:657:in 'Thread::Mutex#synchronize'
activerecord (8.1.2) lib/active_record/migration.rb:657:in 'ActiveRecord::Migration::CheckPending#call'
actionpack (8.1.2) lib/action_dispatch/middleware/callbacks.rb:31:in 'block in ActionDispatch::Callbacks#call'
activesupport (8.1.2) lib/active_support/callbacks.rb:101:in 'ActiveSupport::Callbacks#run_callbacks'
actionpack (8.1.2) lib/action_dispatch/middleware/callbacks.rb:30:in 'ActionDispatch::Callbacks#call'
actionpack (8.1.2) lib/action_dispatch/middleware/executor.rb:20:in 'ActionDispatch::Executor#call'
actionpack (8.1.2) lib/action_dispatch/middleware/actionable_exceptions.rb:18:in 'ActionDispatch::ActionableExceptions#call'
actionpack (8.1.2) lib/action_dispatch/middleware/debug_exceptions.rb:31:in 'ActionDispatch::DebugExceptions#call'
web-console (4.3.0) lib/web_console/middleware.rb:132:in 'WebConsole::Middleware#call_app'
web-console (4.3.0) lib/web_console/middleware.rb:28:in 'block in WebConsole::Middleware#call'
web-console (4.3.0) lib/web_console/middleware.rb:17:in 'Kernel#catch'
web-console (4.3.0) lib/web_console/middleware.rb:17:in 'WebConsole::Middleware#call'
actionpack (8.1.2) lib/action_dispatch/middleware/show_exceptions.rb:32:in 'ActionDispatch::ShowExceptions#call'
railties (8.1.2) lib/rails/rack/logger.rb:41:in 'Rails::Rack::Logger#call_app'
railties (8.1.2) lib/rails/rack/logger.rb:29:in 'Rails::Rack::Logger#call'
propshaft (1.3.1) lib/propshaft/quiet_assets.rb:11:in 'Propshaft::QuietAssets#call'
actionpack (8.1.2) lib/action_dispatch/middleware/remote_ip.rb:98:in 'ActionDispatch::RemoteIp#call'
actionpack (8.1.2) lib/action_dispatch/middleware/request_id.rb:34:in 'ActionDispatch::RequestId#call'
rack (3.2.5) lib/rack/method_override.rb:28:in 'Rack::MethodOverride#call'
rack (3.2.5) lib/rack/runtime.rb:24:in 'Rack::Runtime#call'
activesupport (8.1.2) lib/active_support/cache/strategy/local_cache_middleware.rb:30:in 'ActiveSupport::Cache::Strategy::LocalCache::Middleware#call'
actionpack (8.1.2) lib/action_dispatch/middleware/server_timing.rb:61:in 'block in ActionDispatch::ServerTiming#call'
actionpack (8.1.2) lib/action_dispatch/middleware/server_timing.rb:26:in 'ActionDispatch::ServerTiming::Subscriber#collect_events'
actionpack (8.1.2) lib/action_dispatch/middleware/server_timing.rb:60:in 'ActionDispatch::ServerTiming#call'
actionpack (8.1.2) lib/action_dispatch/middleware/executor.rb:20:in 'ActionDispatch::Executor#call'
propshaft (1.3.1) lib/propshaft/server.rb:37:in 'Propshaft::Server#call'
actionpack (8.1.2) lib/action_dispatch/middleware/static.rb:27:in 'ActionDispatch::Static#call'
rack (3.2.5) lib/rack/sendfile.rb:131:in 'Rack::Sendfile#call'
actionpack (8.1.2) lib/action_dispatch/middleware/host_authorization.rb:143:in 'ActionDispatch::HostAuthorization#call'
railties (8.1.2) lib/rails/engine.rb:534:in 'Rails::Engine#call'
puma (7.2.0) lib/puma/configuration.rb:296:in 'Puma::Configuration::ConfigMiddleware#call'
puma (7.2.0) lib/puma/request.rb:103:in 'block in Puma::Request#handle_request'
puma (7.2.0) lib/puma/thread_pool.rb:355:in 'Puma::ThreadPool#with_force_shutdown'
puma (7.2.0) lib/puma/request.rb:102:in 'Puma::Request#handle_request'
puma (7.2.0) lib/puma/server.rb:503:in 'Puma::Server#process_client'
puma (7.2.0) lib/puma/server.rb:262:in 'block in Puma::Server#run'
puma (7.2.0) lib/puma/thread_pool.rb:182:in 'block in Puma::ThreadPool#spawn_thread'
Started POST "/webhooks/stripe" for ::1 at 2026-02-28 21:24:42 +0900
  [1m[36mActiveRecord::SchemaMigration Load (1.2ms)[0m  [1m[34mSELECT "schema_migrations"."version" FROM "schema_migrations" ORDER BY "schema_migrations"."version" ASC /*application='MeetingRails'*/[0m
  
ActiveRecord::PendingMigrationError (

Migrations are pending. To resolve this issue, run:

        bin/rails db:migrate

You have 1 pending migration:

db/migrate/20260228120000_add_subscription_uniqueness_indexes.rb


):
  
activerecord (8.1.2) lib/active_record/migration.rb:743:in 'ActiveRecord::Migration.check_pending_migrations'
activerecord (8.1.2) lib/active_record/migration.rb:660:in 'block (2 levels) in ActiveRecord::Migration::CheckPending#call'
activesupport (8.1.2) lib/active_support/file_update_checker.rb:88:in 'ActiveSupport::FileUpdateChecker#execute'
activerecord (8.1.2) lib/active_record/migration.rb:665:in 'block in ActiveRecord::Migration::CheckPending#call'
activerecord (8.1.2) lib/active_record/migration.rb:657:in 'Thread::Mutex#synchronize'
activerecord (8.1.2) lib/active_record/migration.rb:657:in 'ActiveRecord::Migration::CheckPending#call'
actionpack (8.1.2) lib/action_dispatch/middleware/callbacks.rb:31:in 'block in ActionDispatch::Callbacks#call'
activesupport (8.1.2) lib/active_support/callbacks.rb:101:in 'ActiveSupport::Callbacks#run_callbacks'
actionpack (8.1.2) lib/action_dispatch/middleware/callbacks.rb:30:in 'ActionDispatch::Callbacks#call'
actionpack (8.1.2) lib/action_dispatch/middleware/executor.rb:20:in 'ActionDispatch::Executor#call'
actionpack (8.1.2) lib/action_dispatch/middleware/actionable_exceptions.rb:18:in 'ActionDispatch::ActionableExceptions#call'
actionpack (8.1.2) lib/action_dispatch/middleware/debug_exceptions.rb:31:in 'ActionDispatch::DebugExceptions#call'
web-console (4.3.0) lib/web_console/middleware.rb:132:in 'WebConsole::Middleware#call_app'
web-console (4.3.0) lib/web_console/middleware.rb:28:in 'block in WebConsole::Middleware#call'
web-console (4.3.0) lib/web_console/middleware.rb:17:in 'Kernel#catch'
web-console (4.3.0) lib/web_console/middleware.rb:17:in 'WebConsole::Middleware#call'
actionpack (8.1.2) lib/action_dispatch/middleware/show_exceptions.rb:32:in 'ActionDispatch::ShowExceptions#call'
railties (8.1.2) lib/rails/rack/logger.rb:41:in 'Rails::Rack::Logger#call_app'
railties (8.1.2) lib/rails/rack/logger.rb:29:in 'Rails::Rack::Logger#call'
propshaft (1.3.1) lib/propshaft/quiet_assets.rb:11:in 'Propshaft::QuietAssets#call'
actionpack (8.1.2) lib/action_dispatch/middleware/remote_ip.rb:98:in 'ActionDispatch::RemoteIp#call'
actionpack (8.1.2) lib/action_dispatch/middleware/request_id.rb:34:in 'ActionDispatch::RequestId#call'
rack (3.2.5) lib/rack/method_override.rb:28:in 'Rack::MethodOverride#call'
rack (3.2.5) lib/rack/runtime.rb:24:in 'Rack::Runtime#call'
activesupport (8.1.2) lib/active_support/cache/strategy/local_cache_middleware.rb:30:in 'ActiveSupport::Cache::Strategy::LocalCache::Middleware#call'
actionpack (8.1.2) lib/action_dispatch/middleware/server_timing.rb:61:in 'block in ActionDispatch::ServerTiming#call'
actionpack (8.1.2) lib/action_dispatch/middleware/server_timing.rb:26:in 'ActionDispatch::ServerTiming::Subscriber#collect_events'
actionpack (8.1.2) lib/action_dispatch/middleware/server_timing.rb:60:in 'ActionDispatch::ServerTiming#call'
actionpack (8.1.2) lib/action_dispatch/middleware/executor.rb:20:in 'ActionDispatch::Executor#call'
propshaft (1.3.1) lib/propshaft/server.rb:37:in 'Propshaft::Server#call'
actionpack (8.1.2) lib/action_dispatch/middleware/static.rb:27:in 'ActionDispatch::Static#call'
rack (3.2.5) lib/rack/sendfile.rb:131:in 'Rack::Sendfile#call'
actionpack (8.1.2) lib/action_dispatch/middleware/host_authorization.rb:143:in 'ActionDispatch::HostAuthorization#call'
railties (8.1.2) lib/rails/engine.rb:534:in 'Rails::Engine#call'
puma (7.2.0) lib/puma/configuration.rb:296:in 'Puma::Configuration::ConfigMiddleware#call'
puma (7.2.0) lib/puma/request.rb:103:in 'block in Puma::Request#handle_request'
puma (7.2.0) lib/puma/thread_pool.rb:355:in 'Puma::ThreadPool#with_force_shutdown'
puma (7.2.0) lib/puma/request.rb:102:in 'Puma::Request#handle_request'
puma (7.2.0) lib/puma/server.rb:503:in 'Puma::Server#process_client'
puma (7.2.0) lib/puma/server.rb:262:in 'block in Puma::Server#run'
puma (7.2.0) lib/puma/thread_pool.rb:182:in 'block in Puma::ThreadPool#spawn_thread'
Started POST "/webhooks/stripe" for ::1 at 2026-02-28 21:24:43 +0900
  [1m[36mActiveRecord::SchemaMigration Load (1.0ms)[0m  [1m[34mSELECT "schema_migrations"."version" FROM "schema_migrations" ORDER BY "schema_migrations"."version" ASC /*application='MeetingRails'*/[0m
  
ActiveRecord::PendingMigrationError (

Migrations are pending. To resolve this issue, run:

        bin/rails db:migrate

You have 1 pending migration:

db/migrate/20260228120000_add_subscription_uniqueness_indexes.rb


):
  
activerecord (8.1.2) lib/active_record/migration.rb:743:in 'ActiveRecord::Migration.check_pending_migrations'
activerecord (8.1.2) lib/active_record/migration.rb:660:in 'block (2 levels) in ActiveRecord::Migration::CheckPending#call'
activesupport (8.1.2) lib/active_support/file_update_checker.rb:88:in 'ActiveSupport::FileUpdateChecker#execute'
activerecord (8.1.2) lib/active_record/migration.rb:665:in 'block in ActiveRecord::Migration::CheckPending#call'
activerecord (8.1.2) lib/active_record/migration.rb:657:in 'Thread::Mutex#synchronize'
activerecord (8.1.2) lib/active_record/migration.rb:657:in 'ActiveRecord::Migration::CheckPending#call'
actionpack (8.1.2) lib/action_dispatch/middleware/callbacks.rb:31:in 'block in ActionDispatch::Callbacks#call'
activesupport (8.1.2) lib/active_support/callbacks.rb:101:in 'ActiveSupport::Callbacks#run_callbacks'
actionpack (8.1.2) lib/action_dispatch/middleware/callbacks.rb:30:in 'ActionDispatch::Callbacks#call'
actionpack (8.1.2) lib/action_dispatch/middleware/executor.rb:20:in 'ActionDispatch::Executor#call'
actionpack (8.1.2) lib/action_dispatch/middleware/actionable_exceptions.rb:18:in 'ActionDispatch::ActionableExceptions#call'
actionpack (8.1.2) lib/action_dispatch/middleware/debug_exceptions.rb:31:in 'ActionDispatch::DebugExceptions#call'
web-console (4.3.0) lib/web_console/middleware.rb:132:in 'WebConsole::Middleware#call_app'
web-console (4.3.0) lib/web_console/middleware.rb:28:in 'block in WebConsole::Middleware#call'
web-console (4.3.0) lib/web_console/middleware.rb:17:in 'Kernel#catch'
web-console (4.3.0) lib/web_console/middleware.rb:17:in 'WebConsole::Middleware#call'
actionpack (8.1.2) lib/action_dispatch/middleware/show_exceptions.rb:32:in 'ActionDispatch::ShowExceptions#call'
railties (8.1.2) lib/rails/rack/logger.rb:41:in 'Rails::Rack::Logger#call_app'
railties (8.1.2) lib/rails/rack/logger.rb:29:in 'Rails::Rack::Logger#call'
propshaft (1.3.1) lib/propshaft/quiet_assets.rb:11:in 'Propshaft::QuietAssets#call'
actionpack (8.1.2) lib/action_dispatch/middleware/remote_ip.rb:98:in 'ActionDispatch::RemoteIp#call'
actionpack (8.1.2) lib/action_dispatch/middleware/request_id.rb:34:in 'ActionDispatch::RequestId#call'
rack (3.2.5) lib/rack/method_override.rb:28:in 'Rack::MethodOverride#call'
rack (3.2.5) lib/rack/runtime.rb:24:in 'Rack::Runtime#call'
activesupport (8.1.2) lib/active_support/cache/strategy/local_cache_middleware.rb:30:in 'ActiveSupport::Cache::Strategy::LocalCache::Middleware#call'
actionpack (8.1.2) lib/action_dispatch/middleware/server_timing.rb:61:in 'block in ActionDispatch::ServerTiming#call'
actionpack (8.1.2) lib/action_dispatch/middleware/server_timing.rb:26:in 'ActionDispatch::ServerTiming::Subscriber#collect_events'
actionpack (8.1.2) lib/action_dispatch/middleware/server_timing.rb:60:in 'ActionDispatch::ServerTiming#call'
actionpack (8.1.2) lib/action_dispatch/middleware/executor.rb:20:in 'ActionDispatch::Executor#call'
propshaft (1.3.1) lib/propshaft/server.rb:37:in 'Propshaft::Server#call'
actionpack (8.1.2) lib/action_dispatch/middleware/static.rb:27:in 'ActionDispatch::Static#call'
rack (3.2.5) lib/rack/sendfile.rb:131:in 'Rack::Sendfile#call'
actionpack (8.1.2) lib/action_dispatch/middleware/host_authorization.rb:143:in 'ActionDispatch::HostAuthorization#call'
railties (8.1.2) lib/rails/engine.rb:534:in 'Rails::Engine#call'
puma (7.2.0) lib/puma/configuration.rb:296:in 'Puma::Configuration::ConfigMiddleware#call'
puma (7.2.0) lib/puma/request.rb:103:in 'block in Puma::Request#handle_request'
puma (7.2.0) lib/puma/thread_pool.rb:355:in 'Puma::ThreadPool#with_force_shutdown'
puma (7.2.0) lib/puma/request.rb:102:in 'Puma::Request#handle_request'
puma (7.2.0) lib/puma/server.rb:503:in 'Puma::Server#process_client'
puma (7.2.0) lib/puma/server.rb:262:in 'block in Puma::Server#run'
puma (7.2.0) lib/puma/thread_pool.rb:182:in 'block in Puma::ThreadPool#spawn_thread'
Started POST "/webhooks/stripe" for ::1 at 2026-02-28 21:24:44 +0900
Started POST "/webhooks/stripe" for ::1 at 2026-02-28 21:24:44 +0900
  [1m[36mActiveRecord::SchemaMigration Load (1.5ms)[0m  [1m[34mSELECT "schema_migrations"."version" FROM "schema_migrations" ORDER BY "schema_migrations"."version" ASC /*application='MeetingRails'*/[0m
  
ActiveRecord::PendingMigrationError (

Migrations are pending. To resolve this issue, run:

        bin/rails db:migrate

You have 1 pending migration:

db/migrate/20260228120000_add_subscription_uniqueness_indexes.rb


):
  
activerecord (8.1.2) lib/active_record/migration.rb:743:in 'ActiveRecord::Migration.check_pending_migrations'
activerecord (8.1.2) lib/active_record/migration.rb:660:in 'block (2 levels) in ActiveRecord::Migration::CheckPending#call'
activesupport (8.1.2) lib/active_support/file_update_checker.rb:88:in 'ActiveSupport::FileUpdateChecker#execute'
activerecord (8.1.2) lib/active_record/migration.rb:665:in 'block in ActiveRecord::Migration::CheckPending#call'
activerecord (8.1.2) lib/active_record/migration.rb:657:in 'Thread::Mutex#synchronize'
activerecord (8.1.2) lib/active_record/migration.rb:657:in 'ActiveRecord::Migration::CheckPending#call'
actionpack (8.1.2) lib/action_dispatch/middleware/callbacks.rb:31:in 'block in ActionDispatch::Callbacks#call'
activesupport (8.1.2) lib/active_support/callbacks.rb:101:in 'ActiveSupport::Callbacks#run_callbacks'
actionpack (8.1.2) lib/action_dispatch/middleware/callbacks.rb:30:in 'ActionDispatch::Callbacks#call'
actionpack (8.1.2) lib/action_dispatch/middleware/executor.rb:20:in 'ActionDispatch::Executor#call'
actionpack (8.1.2) lib/action_dispatch/middleware/actionable_exceptions.rb:18:in 'ActionDispatch::ActionableExceptions#call'
actionpack (8.1.2) lib/action_dispatch/middleware/debug_exceptions.rb:31:in 'ActionDispatch::DebugExceptions#call'
web-console (4.3.0) lib/web_console/middleware.rb:132:in 'WebConsole::Middleware#call_app'
web-console (4.3.0) lib/web_console/middleware.rb:28:in 'block in WebConsole::Middleware#call'
web-console (4.3.0) lib/web_console/middleware.rb:17:in 'Kernel#catch'
web-console (4.3.0) lib/web_console/middleware.rb:17:in 'WebConsole::Middleware#call'
actionpack (8.1.2) lib/action_dispatch/middleware/show_exceptions.rb:32:in 'ActionDispatch::ShowExceptions#call'
railties (8.1.2) lib/rails/rack/logger.rb:41:in 'Rails::Rack::Logger#call_app'
railties (8.1.2) lib/rails/rack/logger.rb:29:in 'Rails::Rack::Logger#call'
propshaft (1.3.1) lib/propshaft/quiet_assets.rb:11:in 'Propshaft::QuietAssets#call'
actionpack (8.1.2) lib/action_dispatch/middleware/remote_ip.rb:98:in 'ActionDispatch::RemoteIp#call'
actionpack (8.1.2) lib/action_dispatch/middleware/request_id.rb:34:in 'ActionDispatch::RequestId#call'
rack (3.2.5) lib/rack/method_override.rb:28:in 'Rack::MethodOverride#call'
rack (3.2.5) lib/rack/runtime.rb:24:in 'Rack::Runtime#call'
activesupport (8.1.2) lib/active_support/cache/strategy/local_cache_middleware.rb:30:in 'ActiveSupport::Cache::Strategy::LocalCache::Middleware#call'
actionpack (8.1.2) lib/action_dispatch/middleware/server_timing.rb:61:in 'block in ActionDispatch::ServerTiming#call'
actionpack (8.1.2) lib/action_dispatch/middleware/server_timing.rb:26:in 'ActionDispatch::ServerTiming::Subscriber#collect_events'
actionpack (8.1.2) lib/action_dispatch/middleware/server_timing.rb:60:in 'ActionDispatch::ServerTiming#call'
actionpack (8.1.2) lib/action_dispatch/middleware/executor.rb:20:in 'ActionDispatch::Executor#call'
propshaft (1.3.1) lib/propshaft/server.rb:37:in 'Propshaft::Server#call'
actionpack (8.1.2) lib/action_dispatch/middleware/static.rb:27:in 'ActionDispatch::Static#call'
rack (3.2.5) lib/rack/sendfile.rb:131:in 'Rack::Sendfile#call'
actionpack (8.1.2) lib/action_dispatch/middleware/host_authorization.rb:143:in 'ActionDispatch::HostAuthorization#call'
railties (8.1.2) lib/rails/engine.rb:534:in 'Rails::Engine#call'
puma (7.2.0) lib/puma/configuration.rb:296:in 'Puma::Configuration::ConfigMiddleware#call'
puma (7.2.0) lib/puma/request.rb:103:in 'block in Puma::Request#handle_request'
puma (7.2.0) lib/puma/thread_pool.rb:355:in 'Puma::ThreadPool#with_force_shutdown'
puma (7.2.0) lib/puma/request.rb:102:in 'Puma::Request#handle_request'
puma (7.2.0) lib/puma/server.rb:503:in 'Puma::Server#process_client'
puma (7.2.0) lib/puma/server.rb:262:in 'block in Puma::Server#run'
puma (7.2.0) lib/puma/thread_pool.rb:182:in 'block in Puma::ThreadPool#spawn_thread'
  [1m[36mActiveRecord::SchemaMigration Load (1.0ms)[0m  [1m[34mSELECT "schema_migrations"."version" FROM "schema_migrations" ORDER BY "schema_migrations"."version" ASC /*application='MeetingRails'*/[0m
  
ActiveRecord::PendingMigrationError (

Migrations are pending. To resolve this issue, run:

        bin/rails db:migrate

You have 1 pending migration:

db/migrate/20260228120000_add_subscription_uniqueness_indexes.rb


):
  
activerecord (8.1.2) lib/active_record/migration.rb:743:in 'ActiveRecord::Migration.check_pending_migrations'
activerecord (8.1.2) lib/active_record/migration.rb:660:in 'block (2 levels) in ActiveRecord::Migration::CheckPending#call'
activesupport (8.1.2) lib/active_support/file_update_checker.rb:88:in 'ActiveSupport::FileUpdateChecker#execute'
activerecord (8.1.2) lib/active_record/migration.rb:665:in 'block in ActiveRecord::Migration::CheckPending#call'
activerecord (8.1.2) lib/active_record/migration.rb:657:in 'Thread::Mutex#synchronize'
activerecord (8.1.2) lib/active_record/migration.rb:657:in 'ActiveRecord::Migration::CheckPending#call'
actionpack (8.1.2) lib/action_dispatch/middleware/callbacks.rb:31:in 'block in ActionDispatch::Callbacks#call'
activesupport (8.1.2) lib/active_support/callbacks.rb:101:in 'ActiveSupport::Callbacks#run_callbacks'
actionpack (8.1.2) lib/action_dispatch/middleware/callbacks.rb:30:in 'ActionDispatch::Callbacks#call'
actionpack (8.1.2) lib/action_dispatch/middleware/executor.rb:20:in 'ActionDispatch::Executor#call'
actionpack (8.1.2) lib/action_dispatch/middleware/actionable_exceptions.rb:18:in 'ActionDispatch::ActionableExceptions#call'
actionpack (8.1.2) lib/action_dispatch/middleware/debug_exceptions.rb:31:in 'ActionDispatch::DebugExceptions#call'
web-console (4.3.0) lib/web_console/middleware.rb:132:in 'WebConsole::Middleware#call_app'
web-console (4.3.0) lib/web_console/middleware.rb:28:in 'block in WebConsole::Middleware#call'
web-console (4.3.0) lib/web_console/middleware.rb:17:in 'Kernel#catch'
web-console (4.3.0) lib/web_console/middleware.rb:17:in 'WebConsole::Middleware#call'
actionpack (8.1.2) lib/action_dispatch/middleware/show_exceptions.rb:32:in 'ActionDispatch::ShowExceptions#call'
railties (8.1.2) lib/rails/rack/logger.rb:41:in 'Rails::Rack::Logger#call_app'
railties (8.1.2) lib/rails/rack/logger.rb:29:in 'Rails::Rack::Logger#call'
propshaft (1.3.1) lib/propshaft/quiet_assets.rb:11:in 'Propshaft::QuietAssets#call'
actionpack (8.1.2) lib/action_dispatch/middleware/remote_ip.rb:98:in 'ActionDispatch::RemoteIp#call'
actionpack (8.1.2) lib/action_dispatch/middleware/request_id.rb:34:in 'ActionDispatch::RequestId#call'
rack (3.2.5) lib/rack/method_override.rb:28:in 'Rack::MethodOverride#call'
rack (3.2.5) lib/rack/runtime.rb:24:in 'Rack::Runtime#call'
activesupport (8.1.2) lib/active_support/cache/strategy/local_cache_middleware.rb:30:in 'ActiveSupport::Cache::Strategy::LocalCache::Middleware#call'
actionpack (8.1.2) lib/action_dispatch/middleware/server_timing.rb:61:in 'block in ActionDispatch::ServerTiming#call'
actionpack (8.1.2) lib/action_dispatch/middleware/server_timing.rb:26:in 'ActionDispatch::ServerTiming::Subscriber#collect_events'
actionpack (8.1.2) lib/action_dispatch/middleware/server_timing.rb:60:in 'ActionDispatch::ServerTiming#call'
actionpack (8.1.2) lib/action_dispatch/middleware/executor.rb:20:in 'ActionDispatch::Executor#call'
propshaft (1.3.1) lib/propshaft/server.rb:37:in 'Propshaft::Server#call'
actionpack (8.1.2) lib/action_dispatch/middleware/static.rb:27:in 'ActionDispatch::Static#call'
rack (3.2.5) lib/rack/sendfile.rb:131:in 'Rack::Sendfile#call'
actionpack (8.1.2) lib/action_dispatch/middleware/host_authorization.rb:143:in 'ActionDispatch::HostAuthorization#call'
railties (8.1.2) lib/rails/engine.rb:534:in 'Rails::Engine#call'
puma (7.2.0) lib/puma/configuration.rb:296:in 'Puma::Configuration::ConfigMiddleware#call'
puma (7.2.0) lib/puma/request.rb:103:in 'block in Puma::Request#handle_request'
puma (7.2.0) lib/puma/thread_pool.rb:355:in 'Puma::ThreadPool#with_force_shutdown'
puma (7.2.0) lib/puma/request.rb:102:in 'Puma::Request#handle_request'
puma (7.2.0) lib/puma/server.rb:503:in 'Puma::Server#process_client'
puma (7.2.0) lib/puma/server.rb:262:in 'block in Puma::Server#run'
puma (7.2.0) lib/puma/thread_pool.rb:182:in 'block in Puma::ThreadPool#spawn_thread'
Started POST "/webhooks/stripe" for ::1 at 2026-02-28 21:24:45 +0900
Started POST "/webhooks/stripe" for ::1 at 2026-02-28 21:24:45 +0900
  [1m[36mActiveRecord::SchemaMigration Load (1.6ms)[0m  [1m[34mSELECT "schema_migrations"."version" FROM "schema_migrations" ORDER BY "schema_migrations"."version" ASC /*application='MeetingRails'*/[0m
  
ActiveRecord::PendingMigrationError (

Migrations are pending. To resolve this issue, run:

        bin/rails db:migrate

You have 1 pending migration:

db/migrate/20260228120000_add_subscription_uniqueness_indexes.rb


):
  
activerecord (8.1.2) lib/active_record/migration.rb:743:in 'ActiveRecord::Migration.check_pending_migrations'
activerecord (8.1.2) lib/active_record/migration.rb:660:in 'block (2 levels) in ActiveRecord::Migration::CheckPending#call'
activesupport (8.1.2) lib/active_support/file_update_checker.rb:88:in 'ActiveSupport::FileUpdateChecker#execute'
activerecord (8.1.2) lib/active_record/migration.rb:665:in 'block in ActiveRecord::Migration::CheckPending#call'
activerecord (8.1.2) lib/active_record/migration.rb:657:in 'Thread::Mutex#synchronize'
activerecord (8.1.2) lib/active_record/migration.rb:657:in 'ActiveRecord::Migration::CheckPending#call'
actionpack (8.1.2) lib/action_dispatch/middleware/callbacks.rb:31:in 'block in ActionDispatch::Callbacks#call'
activesupport (8.1.2) lib/active_support/callbacks.rb:101:in 'ActiveSupport::Callbacks#run_callbacks'
actionpack (8.1.2) lib/action_dispatch/middleware/callbacks.rb:30:in 'ActionDispatch::Callbacks#call'
actionpack (8.1.2) lib/action_dispatch/middleware/executor.rb:20:in 'ActionDispatch::Executor#call'
actionpack (8.1.2) lib/action_dispatch/middleware/actionable_exceptions.rb:18:in 'ActionDispatch::ActionableExceptions#call'
actionpack (8.1.2) lib/action_dispatch/middleware/debug_exceptions.rb:31:in 'ActionDispatch::DebugExceptions#call'
web-console (4.3.0) lib/web_console/middleware.rb:132:in 'WebConsole::Middleware#call_app'
web-console (4.3.0) lib/web_console/middleware.rb:28:in 'block in WebConsole::Middleware#call'
web-console (4.3.0) lib/web_console/middleware.rb:17:in 'Kernel#catch'
web-console (4.3.0) lib/web_console/middleware.rb:17:in 'WebConsole::Middleware#call'
actionpack (8.1.2) lib/action_dispatch/middleware/show_exceptions.rb:32:in 'ActionDispatch::ShowExceptions#call'
railties (8.1.2) lib/rails/rack/logger.rb:41:in 'Rails::Rack::Logger#call_app'
railties (8.1.2) lib/rails/rack/logger.rb:29:in 'Rails::Rack::Logger#call'
propshaft (1.3.1) lib/propshaft/quiet_assets.rb:11:in 'Propshaft::QuietAssets#call'
actionpack (8.1.2) lib/action_dispatch/middleware/remote_ip.rb:98:in 'ActionDispatch::RemoteIp#call'
actionpack (8.1.2) lib/action_dispatch/middleware/request_id.rb:34:in 'ActionDispatch::RequestId#call'
rack (3.2.5) lib/rack/method_override.rb:28:in 'Rack::MethodOverride#call'
rack (3.2.5) lib/rack/runtime.rb:24:in 'Rack::Runtime#call'
activesupport (8.1.2) lib/active_support/cache/strategy/local_cache_middleware.rb:30:in 'ActiveSupport::Cache::Strategy::LocalCache::Middleware#call'
actionpack (8.1.2) lib/action_dispatch/middleware/server_timing.rb:61:in 'block in ActionDispatch::ServerTiming#call'
actionpack (8.1.2) lib/action_dispatch/middleware/server_timing.rb:26:in 'ActionDispatch::ServerTiming::Subscriber#collect_events'
actionpack (8.1.2) lib/action_dispatch/middleware/server_timing.rb:60:in 'ActionDispatch::ServerTiming#call'
actionpack (8.1.2) lib/action_dispatch/middleware/executor.rb:20:in 'ActionDispatch::Executor#call'
propshaft (1.3.1) lib/propshaft/server.rb:37:in 'Propshaft::Server#call'
actionpack (8.1.2) lib/action_dispatch/middleware/static.rb:27:in 'ActionDispatch::Static#call'
rack (3.2.5) lib/rack/sendfile.rb:131:in 'Rack::Sendfile#call'
actionpack (8.1.2) lib/action_dispatch/middleware/host_authorization.rb:143:in 'ActionDispatch::HostAuthorization#call'
railties (8.1.2) lib/rails/engine.rb:534:in 'Rails::Engine#call'
puma (7.2.0) lib/puma/configuration.rb:296:in 'Puma::Configuration::ConfigMiddleware#call'
puma (7.2.0) lib/puma/request.rb:103:in 'block in Puma::Request#handle_request'
puma (7.2.0) lib/puma/thread_pool.rb:355:in 'Puma::ThreadPool#with_force_shutdown'
puma (7.2.0) lib/puma/request.rb:102:in 'Puma::Request#handle_request'
puma (7.2.0) lib/puma/server.rb:503:in 'Puma::Server#process_client'
puma (7.2.0) lib/puma/server.rb:262:in 'block in Puma::Server#run'
puma (7.2.0) lib/puma/thread_pool.rb:182:in 'block in Puma::ThreadPool#spawn_thread'
  [1m[36mActiveRecord::SchemaMigration Load (1.0ms)[0m  [1m[34mSELECT "schema_migrations"."version" FROM "schema_migrations" ORDER BY "schema_migrations"."version" ASC /*application='MeetingRails'*/[0m
  
ActiveRecord::PendingMigrationError (

Migrations are pending. To resolve this issue, run:

        bin/rails db:migrate

You have 1 pending migration:

db/migrate/20260228120000_add_subscription_uniqueness_indexes.rb


):
  
activerecord (8.1.2) lib/active_record/migration.rb:743:in 'ActiveRecord::Migration.check_pending_migrations'
activerecord (8.1.2) lib/active_record/migration.rb:660:in 'block (2 levels) in ActiveRecord::Migration::CheckPending#call'
activesupport (8.1.2) lib/active_support/file_update_checker.rb:88:in 'ActiveSupport::FileUpdateChecker#execute'
activerecord (8.1.2) lib/active_record/migration.rb:665:in 'block in ActiveRecord::Migration::CheckPending#call'
activerecord (8.1.2) lib/active_record/migration.rb:657:in 'Thread::Mutex#synchronize'
activerecord (8.1.2) lib/active_record/migration.rb:657:in 'ActiveRecord::Migration::CheckPending#call'
actionpack (8.1.2) lib/action_dispatch/middleware/callbacks.rb:31:in 'block in ActionDispatch::Callbacks#call'
activesupport (8.1.2) lib/active_support/callbacks.rb:101:in 'ActiveSupport::Callbacks#run_callbacks'
actionpack (8.1.2) lib/action_dispatch/middleware/callbacks.rb:30:in 'ActionDispatch::Callbacks#call'
actionpack (8.1.2) lib/action_dispatch/middleware/executor.rb:20:in 'ActionDispatch::Executor#call'
actionpack (8.1.2) lib/action_dispatch/middleware/actionable_exceptions.rb:18:in 'ActionDispatch::ActionableExceptions#call'
actionpack (8.1.2) lib/action_dispatch/middleware/debug_exceptions.rb:31:in 'ActionDispatch::DebugExceptions#call'
web-console (4.3.0) lib/web_console/middleware.rb:132:in 'WebConsole::Middleware#call_app'
web-console (4.3.0) lib/web_console/middleware.rb:28:in 'block in WebConsole::Middleware#call'
web-console (4.3.0) lib/web_console/middleware.rb:17:in 'Kernel#catch'
web-console (4.3.0) lib/web_console/middleware.rb:17:in 'WebConsole::Middleware#call'
actionpack (8.1.2) lib/action_dispatch/middleware/show_exceptions.rb:32:in 'ActionDispatch::ShowExceptions#call'
railties (8.1.2) lib/rails/rack/logger.rb:41:in 'Rails::Rack::Logger#call_app'
railties (8.1.2) lib/rails/rack/logger.rb:29:in 'Rails::Rack::Logger#call'
propshaft (1.3.1) lib/propshaft/quiet_assets.rb:11:in 'Propshaft::QuietAssets#call'
actionpack (8.1.2) lib/action_dispatch/middleware/remote_ip.rb:98:in 'ActionDispatch::RemoteIp#call'
actionpack (8.1.2) lib/action_dispatch/middleware/request_id.rb:34:in 'ActionDispatch::RequestId#call'
rack (3.2.5) lib/rack/method_override.rb:28:in 'Rack::MethodOverride#call'
rack (3.2.5) lib/rack/runtime.rb:24:in 'Rack::Runtime#call'
activesupport (8.1.2) lib/active_support/cache/strategy/local_cache_middleware.rb:30:in 'ActiveSupport::Cache::Strategy::LocalCache::Middleware#call'
actionpack (8.1.2) lib/action_dispatch/middleware/server_timing.rb:61:in 'block in ActionDispatch::ServerTiming#call'
actionpack (8.1.2) lib/action_dispatch/middleware/server_timing.rb:26:in 'ActionDispatch::ServerTiming::Subscriber#collect_events'
actionpack (8.1.2) lib/action_dispatch/middleware/server_timing.rb:60:in 'ActionDispatch::ServerTiming#call'
actionpack (8.1.2) lib/action_dispatch/middleware/executor.rb:20:in 'ActionDispatch::Executor#call'
propshaft (1.3.1) lib/propshaft/server.rb:37:in 'Propshaft::Server#call'
actionpack (8.1.2) lib/action_dispatch/middleware/static.rb:27:in 'ActionDispatch::Static#call'
rack (3.2.5) lib/rack/sendfile.rb:131:in 'Rack::Sendfile#call'
actionpack (8.1.2) lib/action_dispatch/middleware/host_authorization.rb:143:in 'ActionDispatch::HostAuthorization#call'
railties (8.1.2) lib/rails/engine.rb:534:in 'Rails::Engine#call'
puma (7.2.0) lib/puma/configuration.rb:296:in 'Puma::Configuration::ConfigMiddleware#call'
puma (7.2.0) lib/puma/request.rb:103:in 'block in Puma::Request#handle_request'
puma (7.2.0) lib/puma/thread_pool.rb:355:in 'Puma::ThreadPool#with_force_shutdown'
puma (7.2.0) lib/puma/request.rb:102:in 'Puma::Request#handle_request'
puma (7.2.0) lib/puma/server.rb:503:in 'Puma::Server#process_client'
puma (7.2.0) lib/puma/server.rb:262:in 'block in Puma::Server#run'
puma (7.2.0) lib/puma/thread_pool.rb:182:in 'block in Puma::ThreadPool#spawn_thread'
Started GET "/up" for ::1 at 2026-02-28 21:25:42 +0900
  [1m[36mActiveRecord::SchemaMigration Load (1.0ms)[0m  [1m[34mSELECT "schema_migrations"."version" FROM "schema_migrations" ORDER BY "schema_migrations"."version" ASC /*application='MeetingRails'*/[0m
  
ActiveRecord::PendingMigrationError (

Migrations are pending. To resolve this issue, run:

        bin/rails db:migrate

You have 1 pending migration:

db/migrate/20260228120000_add_subscription_uniqueness_indexes.rb


):
  
activerecord (8.1.2) lib/active_record/migration.rb:743:in 'ActiveRecord::Migration.check_pending_migrations'
activerecord (8.1.2) lib/active_record/migration.rb:660:in 'block (2 levels) in ActiveRecord::Migration::CheckPending#call'
activesupport (8.1.2) lib/active_support/file_update_checker.rb:88:in 'ActiveSupport::FileUpdateChecker#execute'
activerecord (8.1.2) lib/active_record/migration.rb:665:in 'block in ActiveRecord::Migration::CheckPending#call'
activerecord (8.1.2) lib/active_record/migration.rb:657:in 'Thread::Mutex#synchronize'
activerecord (8.1.2) lib/active_record/migration.rb:657:in 'ActiveRecord::Migration::CheckPending#call'
actionpack (8.1.2) lib/action_dispatch/middleware/callbacks.rb:31:in 'block in ActionDispatch::Callbacks#call'
activesupport (8.1.2) lib/active_support/callbacks.rb:101:in 'ActiveSupport::Callbacks#run_callbacks'
actionpack (8.1.2) lib/action_dispatch/middleware/callbacks.rb:30:in 'ActionDispatch::Callbacks#call'
actionpack (8.1.2) lib/action_dispatch/middleware/executor.rb:20:in 'ActionDispatch::Executor#call'
actionpack (8.1.2) lib/action_dispatch/middleware/actionable_exceptions.rb:18:in 'ActionDispatch::ActionableExceptions#call'
actionpack (8.1.2) lib/action_dispatch/middleware/debug_exceptions.rb:31:in 'ActionDispatch::DebugExceptions#call'
web-console (4.3.0) lib/web_console/middleware.rb:132:in 'WebConsole::Middleware#call_app'
web-console (4.3.0) lib/web_console/middleware.rb:28:in 'block in WebConsole::Middleware#call'
web-console (4.3.0) lib/web_console/middleware.rb:17:in 'Kernel#catch'
web-console (4.3.0) lib/web_console/middleware.rb:17:in 'WebConsole::Middleware#call'
actionpack (8.1.2) lib/action_dispatch/middleware/show_exceptions.rb:32:in 'ActionDispatch::ShowExceptions#call'
railties (8.1.2) lib/rails/rack/logger.rb:41:in 'Rails::Rack::Logger#call_app'
railties (8.1.2) lib/rails/rack/logger.rb:29:in 'Rails::Rack::Logger#call'
propshaft (1.3.1) lib/propshaft/quiet_assets.rb:11:in 'Propshaft::QuietAssets#call'
actionpack (8.1.2) lib/action_dispatch/middleware/remote_ip.rb:98:in 'ActionDispatch::RemoteIp#call'
actionpack (8.1.2) lib/action_dispatch/middleware/request_id.rb:34:in 'ActionDispatch::RequestId#call'
rack (3.2.5) lib/rack/method_override.rb:28:in 'Rack::MethodOverride#call'
rack (3.2.5) lib/rack/runtime.rb:24:in 'Rack::Runtime#call'
activesupport (8.1.2) lib/active_support/cache/strategy/local_cache_middleware.rb:30:in 'ActiveSupport::Cache::Strategy::LocalCache::Middleware#call'
actionpack (8.1.2) lib/action_dispatch/middleware/server_timing.rb:61:in 'block in ActionDispatch::ServerTiming#call'
actionpack (8.1.2) lib/action_dispatch/middleware/server_timing.rb:26:in 'ActionDispatch::ServerTiming::Subscriber#collect_events'
actionpack (8.1.2) lib/action_dispatch/middleware/server_timing.rb:60:in 'ActionDispatch::ServerTiming#call'
actionpack (8.1.2) lib/action_dispatch/middleware/executor.rb:20:in 'ActionDispatch::Executor#call'
propshaft (1.3.1) lib/propshaft/server.rb:37:in 'Propshaft::Server#call'
actionpack (8.1.2) lib/action_dispatch/middleware/static.rb:27:in 'ActionDispatch::Static#call'
rack (3.2.5) lib/rack/sendfile.rb:131:in 'Rack::Sendfile#call'
actionpack (8.1.2) lib/action_dispatch/middleware/host_authorization.rb:143:in 'ActionDispatch::HostAuthorization#call'
railties (8.1.2) lib/rails/engine.rb:534:in 'Rails::Engine#call'
puma (7.2.0) lib/puma/configuration.rb:296:in 'Puma::Configuration::ConfigMiddleware#call'
puma (7.2.0) lib/puma/request.rb:103:in 'block in Puma::Request#handle_request'
puma (7.2.0) lib/puma/thread_pool.rb:355:in 'Puma::ThreadPool#with_force_shutdown'
puma (7.2.0) lib/puma/request.rb:102:in 'Puma::Request#handle_request'
puma (7.2.0) lib/puma/server.rb:503:in 'Puma::Server#process_client'
puma (7.2.0) lib/puma/server.rb:262:in 'block in Puma::Server#run'
puma (7.2.0) lib/puma/thread_pool.rb:182:in 'block in Puma::ThreadPool#spawn_thread'
[dotenv] Set [36mDB_PASSWORD[0m, [36mDB_USERNAME[0m, [36mSTRIPE_PRICE_BASIC[0m, [36mSTRIPE_PRICE_PRO[0m, [36mSTRIPE_SECRET_KEY[0m, [36mSTRIPE_WEBHOOK_SECRET[0m, [36mSUPER_ADMIN_PASSWORD[0m
[dotenv] Loaded [33m.env[0m
Started GET "/" for ::1 at 2026-02-28 21:26:52 +0900
  [1m[36mActiveRecord::SchemaMigration Load (1.4ms)[0m  [1m[34mSELECT "schema_migrations"."version" FROM "schema_migrations" ORDER BY "schema_migrations"."version" ASC /*application='MeetingRails'*/[0m
  
ActiveRecord::PendingMigrationError (

Migrations are pending. To resolve this issue, run:

        bin/rails db:migrate

You have 1 pending migration:

db/migrate/20260228120000_add_subscription_uniqueness_indexes.rb


):
  
activerecord (8.1.2) lib/active_record/migration.rb:743:in 'ActiveRecord::Migration.check_pending_migrations'
activerecord (8.1.2) lib/active_record/migration.rb:660:in 'block (2 levels) in ActiveRecord::Migration::CheckPending#call'
activesupport (8.1.2) lib/active_support/file_update_checker.rb:88:in 'ActiveSupport::FileUpdateChecker#execute'
activerecord (8.1.2) lib/active_record/migration.rb:665:in 'block in ActiveRecord::Migration::CheckPending#call'
activerecord (8.1.2) lib/active_record/migration.rb:657:in 'Thread::Mutex#synchronize'
activerecord (8.1.2) lib/active_record/migration.rb:657:in 'ActiveRecord::Migration::CheckPending#call'
actionpack (8.1.2) lib/action_dispatch/middleware/callbacks.rb:31:in 'block in ActionDispatch::Callbacks#call'
activesupport (8.1.2) lib/active_support/callbacks.rb:101:in 'ActiveSupport::Callbacks#run_callbacks'
actionpack (8.1.2) lib/action_dispatch/middleware/callbacks.rb:30:in 'ActionDispatch::Callbacks#call'
actionpack (8.1.2) lib/action_dispatch/middleware/executor.rb:20:in 'ActionDispatch::Executor#call'
actionpack (8.1.2) lib/action_dispatch/middleware/actionable_exceptions.rb:18:in 'ActionDispatch::ActionableExceptions#call'
actionpack (8.1.2) lib/action_dispatch/middleware/debug_exceptions.rb:31:in 'ActionDispatch::DebugExceptions#call'
web-console (4.3.0) lib/web_console/middleware.rb:132:in 'WebConsole::Middleware#call_app'
web-console (4.3.0) lib/web_console/middleware.rb:28:in 'block in WebConsole::Middleware#call'
web-console (4.3.0) lib/web_console/middleware.rb:17:in 'Kernel#catch'
web-console (4.3.0) lib/web_console/middleware.rb:17:in 'WebConsole::Middleware#call'
actionpack (8.1.2) lib/action_dispatch/middleware/show_exceptions.rb:32:in 'ActionDispatch::ShowExceptions#call'
railties (8.1.2) lib/rails/rack/logger.rb:41:in 'Rails::Rack::Logger#call_app'
railties (8.1.2) lib/rails/rack/logger.rb:29:in 'Rails::Rack::Logger#call'
propshaft (1.3.1) lib/propshaft/quiet_assets.rb:11:in 'Propshaft::QuietAssets#call'
actionpack (8.1.2) lib/action_dispatch/middleware/remote_ip.rb:98:in 'ActionDispatch::RemoteIp#call'
actionpack (8.1.2) lib/action_dispatch/middleware/request_id.rb:34:in 'ActionDispatch::RequestId#call'
rack (3.2.5) lib/rack/method_override.rb:28:in 'Rack::MethodOverride#call'
rack (3.2.5) lib/rack/runtime.rb:24:in 'Rack::Runtime#call'
activesupport (8.1.2) lib/active_support/cache/strategy/local_cache_middleware.rb:30:in 'ActiveSupport::Cache::Strategy::LocalCache::Middleware#call'
actionpack (8.1.2) lib/action_dispatch/middleware/server_timing.rb:61:in 'block in ActionDispatch::ServerTiming#call'
actionpack (8.1.2) lib/action_dispatch/middleware/server_timing.rb:26:in 'ActionDispatch::ServerTiming::Subscriber#collect_events'
actionpack (8.1.2) lib/action_dispatch/middleware/server_timing.rb:60:in 'ActionDispatch::ServerTiming#call'
actionpack (8.1.2) lib/action_dispatch/middleware/executor.rb:20:in 'ActionDispatch::Executor#call'
propshaft (1.3.1) lib/propshaft/server.rb:37:in 'Propshaft::Server#call'
actionpack (8.1.2) lib/action_dispatch/middleware/static.rb:27:in 'ActionDispatch::Static#call'
rack (3.2.5) lib/rack/sendfile.rb:131:in 'Rack::Sendfile#call'
actionpack (8.1.2) lib/action_dispatch/middleware/host_authorization.rb:143:in 'ActionDispatch::HostAuthorization#call'
railties (8.1.2) lib/rails/engine.rb:534:in 'Rails::Engine#call'
puma (7.2.0) lib/puma/configuration.rb:296:in 'Puma::Configuration::ConfigMiddleware#call'
puma (7.2.0) lib/puma/request.rb:103:in 'block in Puma::Request#handle_request'
puma (7.2.0) lib/puma/thread_pool.rb:355:in 'Puma::ThreadPool#with_force_shutdown'
puma (7.2.0) lib/puma/request.rb:102:in 'Puma::Request#handle_request'
puma (7.2.0) lib/puma/server.rb:503:in 'Puma::Server#process_client'
puma (7.2.0) lib/puma/server.rb:262:in 'block in Puma::Server#run'
puma (7.2.0) lib/puma/thread_pool.rb:182:in 'block in Puma::ThreadPool#spawn_thread'
Started GET "/favicon.ico" for ::1 at 2026-02-28 21:26:52 +0900
  [1m[36mActiveRecord::SchemaMigration Load (1.6ms)[0m  [1m[34mSELECT "schema_migrations"."version" FROM "schema_migrations" ORDER BY "schema_migrations"."version" ASC /*application='MeetingRails'*/[0m
  
ActiveRecord::PendingMigrationError (

Migrations are pending. To resolve this issue, run:

        bin/rails db:migrate

You have 1 pending migration:

db/migrate/20260228120000_add_subscription_uniqueness_indexes.rb


):
  
activerecord (8.1.2) lib/active_record/migration.rb:743:in 'ActiveRecord::Migration.check_pending_migrations'
activerecord (8.1.2) lib/active_record/migration.rb:660:in 'block (2 levels) in ActiveRecord::Migration::CheckPending#call'
activesupport (8.1.2) lib/active_support/file_update_checker.rb:88:in 'ActiveSupport::FileUpdateChecker#execute'
activerecord (8.1.2) lib/active_record/migration.rb:665:in 'block in ActiveRecord::Migration::CheckPending#call'
activerecord (8.1.2) lib/active_record/migration.rb:657:in 'Thread::Mutex#synchronize'
activerecord (8.1.2) lib/active_record/migration.rb:657:in 'ActiveRecord::Migration::CheckPending#call'
actionpack (8.1.2) lib/action_dispatch/middleware/callbacks.rb:31:in 'block in ActionDispatch::Callbacks#call'
activesupport (8.1.2) lib/active_support/callbacks.rb:101:in 'ActiveSupport::Callbacks#run_callbacks'
actionpack (8.1.2) lib/action_dispatch/middleware/callbacks.rb:30:in 'ActionDispatch::Callbacks#call'
actionpack (8.1.2) lib/action_dispatch/middleware/executor.rb:20:in 'ActionDispatch::Executor#call'
actionpack (8.1.2) lib/action_dispatch/middleware/actionable_exceptions.rb:18:in 'ActionDispatch::ActionableExceptions#call'
actionpack (8.1.2) lib/action_dispatch/middleware/debug_exceptions.rb:31:in 'ActionDispatch::DebugExceptions#call'
web-console (4.3.0) lib/web_console/middleware.rb:132:in 'WebConsole::Middleware#call_app'
web-console (4.3.0) lib/web_console/middleware.rb:28:in 'block in WebConsole::Middleware#call'
web-console (4.3.0) lib/web_console/middleware.rb:17:in 'Kernel#catch'
web-console (4.3.0) lib/web_console/middleware.rb:17:in 'WebConsole::Middleware#call'
actionpack (8.1.2) lib/action_dispatch/middleware/show_exceptions.rb:32:in 'ActionDispatch::ShowExceptions#call'
railties (8.1.2) lib/rails/rack/logger.rb:41:in 'Rails::Rack::Logger#call_app'
railties (8.1.2) lib/rails/rack/logger.rb:29:in 'Rails::Rack::Logger#call'
propshaft (1.3.1) lib/propshaft/quiet_assets.rb:11:in 'Propshaft::QuietAssets#call'
actionpack (8.1.2) lib/action_dispatch/middleware/remote_ip.rb:98:in 'ActionDispatch::RemoteIp#call'
actionpack (8.1.2) lib/action_dispatch/middleware/request_id.rb:34:in 'ActionDispatch::RequestId#call'
rack (3.2.5) lib/rack/method_override.rb:28:in 'Rack::MethodOverride#call'
rack (3.2.5) lib/rack/runtime.rb:24:in 'Rack::Runtime#call'
activesupport (8.1.2) lib/active_support/cache/strategy/local_cache_middleware.rb:30:in 'ActiveSupport::Cache::Strategy::LocalCache::Middleware#call'
actionpack (8.1.2) lib/action_dispatch/middleware/server_timing.rb:61:in 'block in ActionDispatch::ServerTiming#call'
actionpack (8.1.2) lib/action_dispatch/middleware/server_timing.rb:26:in 'ActionDispatch::ServerTiming::Subscriber#collect_events'
actionpack (8.1.2) lib/action_dispatch/middleware/server_timing.rb:60:in 'ActionDispatch::ServerTiming#call'
actionpack (8.1.2) lib/action_dispatch/middleware/executor.rb:20:in 'ActionDispatch::Executor#call'
propshaft (1.3.1) lib/propshaft/server.rb:37:in 'Propshaft::Server#call'
actionpack (8.1.2) lib/action_dispatch/middleware/static.rb:27:in 'ActionDispatch::Static#call'
rack (3.2.5) lib/rack/sendfile.rb:131:in 'Rack::Sendfile#call'
actionpack (8.1.2) lib/action_dispatch/middleware/host_authorization.rb:143:in 'ActionDispatch::HostAuthorization#call'
railties (8.1.2) lib/rails/engine.rb:534:in 'Rails::Engine#call'
puma (7.2.0) lib/puma/configuration.rb:296:in 'Puma::Configuration::ConfigMiddleware#call'
puma (7.2.0) lib/puma/request.rb:103:in 'block in Puma::Request#handle_request'
puma (7.2.0) lib/puma/thread_pool.rb:355:in 'Puma::ThreadPool#with_force_shutdown'
puma (7.2.0) lib/puma/request.rb:102:in 'Puma::Request#handle_request'
puma (7.2.0) lib/puma/server.rb:503:in 'Puma::Server#process_client'
puma (7.2.0) lib/puma/server.rb:262:in 'block in Puma::Server#run'
puma (7.2.0) lib/puma/thread_pool.rb:182:in 'block in Puma::ThreadPool#spawn_thread'
Started GET "/sw.js" for ::1 at 2026-02-28 21:26:54 +0900
  [1m[36mActiveRecord::SchemaMigration Load (1.3ms)[0m  [1m[34mSELECT "schema_migrations"."version" FROM "schema_migrations" ORDER BY "schema_migrations"."version" ASC /*application='MeetingRails'*/[0m
  
ActiveRecord::PendingMigrationError (

Migrations are pending. To resolve this issue, run:

        bin/rails db:migrate

You have 1 pending migration:

db/migrate/20260228120000_add_subscription_uniqueness_indexes.rb


):
  
activerecord (8.1.2) lib/active_record/migration.rb:743:in 'ActiveRecord::Migration.check_pending_migrations'
activerecord (8.1.2) lib/active_record/migration.rb:660:in 'block (2 levels) in ActiveRecord::Migration::CheckPending#call'
activesupport (8.1.2) lib/active_support/file_update_checker.rb:88:in 'ActiveSupport::FileUpdateChecker#execute'
activerecord (8.1.2) lib/active_record/migration.rb:665:in 'block in ActiveRecord::Migration::CheckPending#call'
activerecord (8.1.2) lib/active_record/migration.rb:657:in 'Thread::Mutex#synchronize'
activerecord (8.1.2) lib/active_record/migration.rb:657:in 'ActiveRecord::Migration::CheckPending#call'
actionpack (8.1.2) lib/action_dispatch/middleware/callbacks.rb:31:in 'block in ActionDispatch::Callbacks#call'
activesupport (8.1.2) lib/active_support/callbacks.rb:101:in 'ActiveSupport::Callbacks#run_callbacks'
actionpack (8.1.2) lib/action_dispatch/middleware/callbacks.rb:30:in 'ActionDispatch::Callbacks#call'
actionpack (8.1.2) lib/action_dispatch/middleware/executor.rb:20:in 'ActionDispatch::Executor#call'
actionpack (8.1.2) lib/action_dispatch/middleware/actionable_exceptions.rb:18:in 'ActionDispatch::ActionableExceptions#call'
actionpack (8.1.2) lib/action_dispatch/middleware/debug_exceptions.rb:31:in 'ActionDispatch::DebugExceptions#call'
web-console (4.3.0) lib/web_console/middleware.rb:132:in 'WebConsole::Middleware#call_app'
web-console (4.3.0) lib/web_console/middleware.rb:28:in 'block in WebConsole::Middleware#call'
web-console (4.3.0) lib/web_console/middleware.rb:17:in 'Kernel#catch'
web-console (4.3.0) lib/web_console/middleware.rb:17:in 'WebConsole::Middleware#call'
actionpack (8.1.2) lib/action_dispatch/middleware/show_exceptions.rb:32:in 'ActionDispatch::ShowExceptions#call'
railties (8.1.2) lib/rails/rack/logger.rb:41:in 'Rails::Rack::Logger#call_app'
railties (8.1.2) lib/rails/rack/logger.rb:29:in 'Rails::Rack::Logger#call'
propshaft (1.3.1) lib/propshaft/quiet_assets.rb:11:in 'Propshaft::QuietAssets#call'
actionpack (8.1.2) lib/action_dispatch/middleware/remote_ip.rb:98:in 'ActionDispatch::RemoteIp#call'
actionpack (8.1.2) lib/action_dispatch/middleware/request_id.rb:34:in 'ActionDispatch::RequestId#call'
rack (3.2.5) lib/rack/method_override.rb:28:in 'Rack::MethodOverride#call'
rack (3.2.5) lib/rack/runtime.rb:24:in 'Rack::Runtime#call'
activesupport (8.1.2) lib/active_support/cache/strategy/local_cache_middleware.rb:30:in 'ActiveSupport::Cache::Strategy::LocalCache::Middleware#call'
actionpack (8.1.2) lib/action_dispatch/middleware/server_timing.rb:61:in 'block in ActionDispatch::ServerTiming#call'
actionpack (8.1.2) lib/action_dispatch/middleware/server_timing.rb:26:in 'ActionDispatch::ServerTiming::Subscriber#collect_events'
actionpack (8.1.2) lib/action_dispatch/middleware/server_timing.rb:60:in 'ActionDispatch::ServerTiming#call'
actionpack (8.1.2) lib/action_dispatch/middleware/executor.rb:20:in 'ActionDispatch::Executor#call'
propshaft (1.3.1) lib/propshaft/server.rb:37:in 'Propshaft::Server#call'
actionpack (8.1.2) lib/action_dispatch/middleware/static.rb:27:in 'ActionDispatch::Static#call'
rack (3.2.5) lib/rack/sendfile.rb:131:in 'Rack::Sendfile#call'
actionpack (8.1.2) lib/action_dispatch/middleware/host_authorization.rb:143:in 'ActionDispatch::HostAuthorization#call'
railties (8.1.2) lib/rails/engine.rb:534:in 'Rails::Engine#call'
puma (7.2.0) lib/puma/configuration.rb:296:in 'Puma::Configuration::ConfigMiddleware#call'
puma (7.2.0) lib/puma/request.rb:103:in 'block in Puma::Request#handle_request'
puma (7.2.0) lib/puma/thread_pool.rb:355:in 'Puma::ThreadPool#with_force_shutdown'
puma (7.2.0) lib/puma/request.rb:102:in 'Puma::Request#handle_request'
puma (7.2.0) lib/puma/server.rb:503:in 'Puma::Server#process_client'
puma (7.2.0) lib/puma/server.rb:262:in 'block in Puma::Server#run'
puma (7.2.0) lib/puma/thread_pool.rb:182:in 'block in Puma::ThreadPool#spawn_thread'
Started GET "/" for ::1 at 2026-02-28 21:26:54 +0900
  [1m[36mActiveRecord::SchemaMigration Load (1.6ms)[0m  [1m[34mSELECT "schema_migrations"."version" FROM "schema_migrations" ORDER BY "schema_migrations"."version" ASC /*application='MeetingRails'*/[0m
  
ActiveRecord::PendingMigrationError (

Migrations are pending. To resolve this issue, run:

        bin/rails db:migrate

You have 1 pending migration:

db/migrate/20260228120000_add_subscription_uniqueness_indexes.rb


):
  
activerecord (8.1.2) lib/active_record/migration.rb:743:in 'ActiveRecord::Migration.check_pending_migrations'
activerecord (8.1.2) lib/active_record/migration.rb:660:in 'block (2 levels) in ActiveRecord::Migration::CheckPending#call'
activesupport (8.1.2) lib/active_support/file_update_checker.rb:88:in 'ActiveSupport::FileUpdateChecker#execute'
activerecord (8.1.2) lib/active_record/migration.rb:665:in 'block in ActiveRecord::Migration::CheckPending#call'
activerecord (8.1.2) lib/active_record/migration.rb:657:in 'Thread::Mutex#synchronize'
activerecord (8.1.2) lib/active_record/migration.rb:657:in 'ActiveRecord::Migration::CheckPending#call'
actionpack (8.1.2) lib/action_dispatch/middleware/callbacks.rb:31:in 'block in ActionDispatch::Callbacks#call'
activesupport (8.1.2) lib/active_support/callbacks.rb:101:in 'ActiveSupport::Callbacks#run_callbacks'
actionpack (8.1.2) lib/action_dispatch/middleware/callbacks.rb:30:in 'ActionDispatch::Callbacks#call'
actionpack (8.1.2) lib/action_dispatch/middleware/executor.rb:20:in 'ActionDispatch::Executor#call'
actionpack (8.1.2) lib/action_dispatch/middleware/actionable_exceptions.rb:18:in 'ActionDispatch::ActionableExceptions#call'
actionpack (8.1.2) lib/action_dispatch/middleware/debug_exceptions.rb:31:in 'ActionDispatch::DebugExceptions#call'
web-console (4.3.0) lib/web_console/middleware.rb:132:in 'WebConsole::Middleware#call_app'
web-console (4.3.0) lib/web_console/middleware.rb:28:in 'block in WebConsole::Middleware#call'
web-console (4.3.0) lib/web_console/middleware.rb:17:in 'Kernel#catch'
web-console (4.3.0) lib/web_console/middleware.rb:17:in 'WebConsole::Middleware#call'
actionpack (8.1.2) lib/action_dispatch/middleware/show_exceptions.rb:32:in 'ActionDispatch::ShowExceptions#call'
railties (8.1.2) lib/rails/rack/logger.rb:41:in 'Rails::Rack::Logger#call_app'
railties (8.1.2) lib/rails/rack/logger.rb:29:in 'Rails::Rack::Logger#call'
propshaft (1.3.1) lib/propshaft/quiet_assets.rb:11:in 'Propshaft::QuietAssets#call'
actionpack (8.1.2) lib/action_dispatch/middleware/remote_ip.rb:98:in 'ActionDispatch::RemoteIp#call'
actionpack (8.1.2) lib/action_dispatch/middleware/request_id.rb:34:in 'ActionDispatch::RequestId#call'
rack (3.2.5) lib/rack/method_override.rb:28:in 'Rack::MethodOverride#call'
rack (3.2.5) lib/rack/runtime.rb:24:in 'Rack::Runtime#call'
activesupport (8.1.2) lib/active_support/cache/strategy/local_cache_middleware.rb:30:in 'ActiveSupport::Cache::Strategy::LocalCache::Middleware#call'
actionpack (8.1.2) lib/action_dispatch/middleware/server_timing.rb:61:in 'block in ActionDispatch::ServerTiming#call'
actionpack (8.1.2) lib/action_dispatch/middleware/server_timing.rb:26:in 'ActionDispatch::ServerTiming::Subscriber#collect_events'
actionpack (8.1.2) lib/action_dispatch/middleware/server_timing.rb:60:in 'ActionDispatch::ServerTiming#call'
actionpack (8.1.2) lib/action_dispatch/middleware/executor.rb:20:in 'ActionDispatch::Executor#call'
propshaft (1.3.1) lib/propshaft/server.rb:37:in 'Propshaft::Server#call'
actionpack (8.1.2) lib/action_dispatch/middleware/static.rb:27:in 'ActionDispatch::Static#call'
rack (3.2.5) lib/rack/sendfile.rb:131:in 'Rack::Sendfile#call'
actionpack (8.1.2) lib/action_dispatch/middleware/host_authorization.rb:143:in 'ActionDispatch::HostAuthorization#call'
railties (8.1.2) lib/rails/engine.rb:534:in 'Rails::Engine#call'
puma (7.2.0) lib/puma/configuration.rb:296:in 'Puma::Configuration::ConfigMiddleware#call'
puma (7.2.0) lib/puma/request.rb:103:in 'block in Puma::Request#handle_request'
puma (7.2.0) lib/puma/thread_pool.rb:355:in 'Puma::ThreadPool#with_force_shutdown'
puma (7.2.0) lib/puma/request.rb:102:in 'Puma::Request#handle_request'
puma (7.2.0) lib/puma/server.rb:503:in 'Puma::Server#process_client'
puma (7.2.0) lib/puma/server.rb:262:in 'block in Puma::Server#run'
puma (7.2.0) lib/puma/thread_pool.rb:182:in 'block in Puma::ThreadPool#spawn_thread'
Started GET "/favicon.ico" for ::1 at 2026-02-28 21:26:55 +0900
  [1m[36mActiveRecord::SchemaMigration Load (1.0ms)[0m  [1m[34mSELECT "schema_migrations"."version" FROM "schema_migrations" ORDER BY "schema_migrations"."version" ASC /*application='MeetingRails'*/[0m
  
ActiveRecord::PendingMigrationError (

Migrations are pending. To resolve this issue, run:

        bin/rails db:migrate

You have 1 pending migration:

db/migrate/20260228120000_add_subscription_uniqueness_indexes.rb


):
  
activerecord (8.1.2) lib/active_record/migration.rb:743:in 'ActiveRecord::Migration.check_pending_migrations'
activerecord (8.1.2) lib/active_record/migration.rb:660:in 'block (2 levels) in ActiveRecord::Migration::CheckPending#call'
activesupport (8.1.2) lib/active_support/file_update_checker.rb:88:in 'ActiveSupport::FileUpdateChecker#execute'
activerecord (8.1.2) lib/active_record/migration.rb:665:in 'block in ActiveRecord::Migration::CheckPending#call'
activerecord (8.1.2) lib/active_record/migration.rb:657:in 'Thread::Mutex#synchronize'
activerecord (8.1.2) lib/active_record/migration.rb:657:in 'ActiveRecord::Migration::CheckPending#call'
actionpack (8.1.2) lib/action_dispatch/middleware/callbacks.rb:31:in 'block in ActionDispatch::Callbacks#call'
activesupport (8.1.2) lib/active_support/callbacks.rb:101:in 'ActiveSupport::Callbacks#run_callbacks'
actionpack (8.1.2) lib/action_dispatch/middleware/callbacks.rb:30:in 'ActionDispatch::Callbacks#call'
actionpack (8.1.2) lib/action_dispatch/middleware/executor.rb:20:in 'ActionDispatch::Executor#call'
actionpack (8.1.2) lib/action_dispatch/middleware/actionable_exceptions.rb:18:in 'ActionDispatch::ActionableExceptions#call'
actionpack (8.1.2) lib/action_dispatch/middleware/debug_exceptions.rb:31:in 'ActionDispatch::DebugExceptions#call'
web-console (4.3.0) lib/web_console/middleware.rb:132:in 'WebConsole::Middleware#call_app'
web-console (4.3.0) lib/web_console/middleware.rb:28:in 'block in WebConsole::Middleware#call'
web-console (4.3.0) lib/web_console/middleware.rb:17:in 'Kernel#catch'
web-console (4.3.0) lib/web_console/middleware.rb:17:in 'WebConsole::Middleware#call'
actionpack (8.1.2) lib/action_dispatch/middleware/show_exceptions.rb:32:in 'ActionDispatch::ShowExceptions#call'
railties (8.1.2) lib/rails/rack/logger.rb:41:in 'Rails::Rack::Logger#call_app'
railties (8.1.2) lib/rails/rack/logger.rb:29:in 'Rails::Rack::Logger#call'
propshaft (1.3.1) lib/propshaft/quiet_assets.rb:11:in 'Propshaft::QuietAssets#call'
actionpack (8.1.2) lib/action_dispatch/middleware/remote_ip.rb:98:in 'ActionDispatch::RemoteIp#call'
actionpack (8.1.2) lib/action_dispatch/middleware/request_id.rb:34:in 'ActionDispatch::RequestId#call'
rack (3.2.5) lib/rack/method_override.rb:28:in 'Rack::MethodOverride#call'
rack (3.2.5) lib/rack/runtime.rb:24:in 'Rack::Runtime#call'
activesupport (8.1.2) lib/active_support/cache/strategy/local_cache_middleware.rb:30:in 'ActiveSupport::Cache::Strategy::LocalCache::Middleware#call'
actionpack (8.1.2) lib/action_dispatch/middleware/server_timing.rb:61:in 'block in ActionDispatch::ServerTiming#call'
actionpack (8.1.2) lib/action_dispatch/middleware/server_timing.rb:26:in 'ActionDispatch::ServerTiming::Subscriber#collect_events'
actionpack (8.1.2) lib/action_dispatch/middleware/server_timing.rb:60:in 'ActionDispatch::ServerTiming#call'
actionpack (8.1.2) lib/action_dispatch/middleware/executor.rb:20:in 'ActionDispatch::Executor#call'
propshaft (1.3.1) lib/propshaft/server.rb:37:in 'Propshaft::Server#call'
actionpack (8.1.2) lib/action_dispatch/middleware/static.rb:27:in 'ActionDispatch::Static#call'
rack (3.2.5) lib/rack/sendfile.rb:131:in 'Rack::Sendfile#call'
actionpack (8.1.2) lib/action_dispatch/middleware/host_authorization.rb:143:in 'ActionDispatch::HostAuthorization#call'
railties (8.1.2) lib/rails/engine.rb:534:in 'Rails::Engine#call'
puma (7.2.0) lib/puma/configuration.rb:296:in 'Puma::Configuration::ConfigMiddleware#call'
puma (7.2.0) lib/puma/request.rb:103:in 'block in Puma::Request#handle_request'
puma (7.2.0) lib/puma/thread_pool.rb:355:in 'Puma::ThreadPool#with_force_shutdown'
puma (7.2.0) lib/puma/request.rb:102:in 'Puma::Request#handle_request'
puma (7.2.0) lib/puma/server.rb:503:in 'Puma::Server#process_client'
puma (7.2.0) lib/puma/server.rb:262:in 'block in Puma::Server#run'
puma (7.2.0) lib/puma/thread_pool.rb:182:in 'block in Puma::ThreadPool#spawn_thread'
Started GET "/sw.js" for ::1 at 2026-02-28 21:26:56 +0900
  [1m[36mActiveRecord::SchemaMigration Load (1.2ms)[0m  [1m[34mSELECT "schema_migrations"."version" FROM "schema_migrations" ORDER BY "schema_migrations"."version" ASC /*application='MeetingRails'*/[0m
  
ActiveRecord::PendingMigrationError (

Migrations are pending. To resolve this issue, run:

        bin/rails db:migrate

You have 1 pending migration:

db/migrate/20260228120000_add_subscription_uniqueness_indexes.rb


):
  
activerecord (8.1.2) lib/active_record/migration.rb:743:in 'ActiveRecord::Migration.check_pending_migrations'
activerecord (8.1.2) lib/active_record/migration.rb:660:in 'block (2 levels) in ActiveRecord::Migration::CheckPending#call'
activesupport (8.1.2) lib/active_support/file_update_checker.rb:88:in 'ActiveSupport::FileUpdateChecker#execute'
activerecord (8.1.2) lib/active_record/migration.rb:665:in 'block in ActiveRecord::Migration::CheckPending#call'
activerecord (8.1.2) lib/active_record/migration.rb:657:in 'Thread::Mutex#synchronize'
activerecord (8.1.2) lib/active_record/migration.rb:657:in 'ActiveRecord::Migration::CheckPending#call'
actionpack (8.1.2) lib/action_dispatch/middleware/callbacks.rb:31:in 'block in ActionDispatch::Callbacks#call'
activesupport (8.1.2) lib/active_support/callbacks.rb:101:in 'ActiveSupport::Callbacks#run_callbacks'
actionpack (8.1.2) lib/action_dispatch/middleware/callbacks.rb:30:in 'ActionDispatch::Callbacks#call'
actionpack (8.1.2) lib/action_dispatch/middleware/executor.rb:20:in 'ActionDispatch::Executor#call'
actionpack (8.1.2) lib/action_dispatch/middleware/actionable_exceptions.rb:18:in 'ActionDispatch::ActionableExceptions#call'
actionpack (8.1.2) lib/action_dispatch/middleware/debug_exceptions.rb:31:in 'ActionDispatch::DebugExceptions#call'
web-console (4.3.0) lib/web_console/middleware.rb:132:in 'WebConsole::Middleware#call_app'
web-console (4.3.0) lib/web_console/middleware.rb:28:in 'block in WebConsole::Middleware#call'
web-console (4.3.0) lib/web_console/middleware.rb:17:in 'Kernel#catch'
web-console (4.3.0) lib/web_console/middleware.rb:17:in 'WebConsole::Middleware#call'
actionpack (8.1.2) lib/action_dispatch/middleware/show_exceptions.rb:32:in 'ActionDispatch::ShowExceptions#call'
railties (8.1.2) lib/rails/rack/logger.rb:41:in 'Rails::Rack::Logger#call_app'
railties (8.1.2) lib/rails/rack/logger.rb:29:in 'Rails::Rack::Logger#call'
propshaft (1.3.1) lib/propshaft/quiet_assets.rb:11:in 'Propshaft::QuietAssets#call'
actionpack (8.1.2) lib/action_dispatch/middleware/remote_ip.rb:98:in 'ActionDispatch::RemoteIp#call'
actionpack (8.1.2) lib/action_dispatch/middleware/request_id.rb:34:in 'ActionDispatch::RequestId#call'
rack (3.2.5) lib/rack/method_override.rb:28:in 'Rack::MethodOverride#call'
rack (3.2.5) lib/rack/runtime.rb:24:in 'Rack::Runtime#call'
activesupport (8.1.2) lib/active_support/cache/strategy/local_cache_middleware.rb:30:in 'ActiveSupport::Cache::Strategy::LocalCache::Middleware#call'
actionpack (8.1.2) lib/action_dispatch/middleware/server_timing.rb:61:in 'block in ActionDispatch::ServerTiming#call'
actionpack (8.1.2) lib/action_dispatch/middleware/server_timing.rb:26:in 'ActionDispatch::ServerTiming::Subscriber#collect_events'
actionpack (8.1.2) lib/action_dispatch/middleware/server_timing.rb:60:in 'ActionDispatch::ServerTiming#call'
actionpack (8.1.2) lib/action_dispatch/middleware/executor.rb:20:in 'ActionDispatch::Executor#call'
propshaft (1.3.1) lib/propshaft/server.rb:37:in 'Propshaft::Server#call'
actionpack (8.1.2) lib/action_dispatch/middleware/static.rb:27:in 'ActionDispatch::Static#call'
rack (3.2.5) lib/rack/sendfile.rb:131:in 'Rack::Sendfile#call'
actionpack (8.1.2) lib/action_dispatch/middleware/host_authorization.rb:143:in 'ActionDispatch::HostAuthorization#call'
railties (8.1.2) lib/rails/engine.rb:534:in 'Rails::Engine#call'
puma (7.2.0) lib/puma/configuration.rb:296:in 'Puma::Configuration::ConfigMiddleware#call'
puma (7.2.0) lib/puma/request.rb:103:in 'block in Puma::Request#handle_request'
puma (7.2.0) lib/puma/thread_pool.rb:355:in 'Puma::ThreadPool#with_force_shutdown'
puma (7.2.0) lib/puma/request.rb:102:in 'Puma::Request#handle_request'
puma (7.2.0) lib/puma/server.rb:503:in 'Puma::Server#process_client'
puma (7.2.0) lib/puma/server.rb:262:in 'block in Puma::Server#run'
puma (7.2.0) lib/puma/thread_pool.rb:182:in 'block in Puma::ThreadPool#spawn_thread'
Started GET "/up" for ::1 at 2026-02-28 21:28:58 +0900
  [1m[36mActiveRecord::SchemaMigration Load (1.0ms)[0m  [1m[34mSELECT "schema_migrations"."version" FROM "schema_migrations" ORDER BY "schema_migrations"."version" ASC /*application='MeetingRails'*/[0m
  
ActiveRecord::PendingMigrationError (

Migrations are pending. To resolve this issue, run:

        bin/rails db:migrate

You have 1 pending migration:

db/migrate/20260228120000_add_subscription_uniqueness_indexes.rb


):
  
activerecord (8.1.2) lib/active_record/migration.rb:743:in 'ActiveRecord::Migration.check_pending_migrations'
activerecord (8.1.2) lib/active_record/migration.rb:660:in 'block (2 levels) in ActiveRecord::Migration::CheckPending#call'
activesupport (8.1.2) lib/active_support/file_update_checker.rb:88:in 'ActiveSupport::FileUpdateChecker#execute'
activerecord (8.1.2) lib/active_record/migration.rb:665:in 'block in ActiveRecord::Migration::CheckPending#call'
activerecord (8.1.2) lib/active_record/migration.rb:657:in 'Thread::Mutex#synchronize'
activerecord (8.1.2) lib/active_record/migration.rb:657:in 'ActiveRecord::Migration::CheckPending#call'
actionpack (8.1.2) lib/action_dispatch/middleware/callbacks.rb:31:in 'block in ActionDispatch::Callbacks#call'
activesupport (8.1.2) lib/active_support/callbacks.rb:101:in 'ActiveSupport::Callbacks#run_callbacks'
actionpack (8.1.2) lib/action_dispatch/middleware/callbacks.rb:30:in 'ActionDispatch::Callbacks#call'
actionpack (8.1.2) lib/action_dispatch/middleware/executor.rb:20:in 'ActionDispatch::Executor#call'
actionpack (8.1.2) lib/action_dispatch/middleware/actionable_exceptions.rb:18:in 'ActionDispatch::ActionableExceptions#call'
actionpack (8.1.2) lib/action_dispatch/middleware/debug_exceptions.rb:31:in 'ActionDispatch::DebugExceptions#call'
web-console (4.3.0) lib/web_console/middleware.rb:132:in 'WebConsole::Middleware#call_app'
web-console (4.3.0) lib/web_console/middleware.rb:28:in 'block in WebConsole::Middleware#call'
web-console (4.3.0) lib/web_console/middleware.rb:17:in 'Kernel#catch'
web-console (4.3.0) lib/web_console/middleware.rb:17:in 'WebConsole::Middleware#call'
actionpack (8.1.2) lib/action_dispatch/middleware/show_exceptions.rb:32:in 'ActionDispatch::ShowExceptions#call'
railties (8.1.2) lib/rails/rack/logger.rb:41:in 'Rails::Rack::Logger#call_app'
railties (8.1.2) lib/rails/rack/logger.rb:29:in 'Rails::Rack::Logger#call'
propshaft (1.3.1) lib/propshaft/quiet_assets.rb:11:in 'Propshaft::QuietAssets#call'
actionpack (8.1.2) lib/action_dispatch/middleware/remote_ip.rb:98:in 'ActionDispatch::RemoteIp#call'
actionpack (8.1.2) lib/action_dispatch/middleware/request_id.rb:34:in 'ActionDispatch::RequestId#call'
rack (3.2.5) lib/rack/method_override.rb:28:in 'Rack::MethodOverride#call'
rack (3.2.5) lib/rack/runtime.rb:24:in 'Rack::Runtime#call'
activesupport (8.1.2) lib/active_support/cache/strategy/local_cache_middleware.rb:30:in 'ActiveSupport::Cache::Strategy::LocalCache::Middleware#call'
actionpack (8.1.2) lib/action_dispatch/middleware/server_timing.rb:61:in 'block in ActionDispatch::ServerTiming#call'
actionpack (8.1.2) lib/action_dispatch/middleware/server_timing.rb:26:in 'ActionDispatch::ServerTiming::Subscriber#collect_events'
actionpack (8.1.2) lib/action_dispatch/middleware/server_timing.rb:60:in 'ActionDispatch::ServerTiming#call'
actionpack (8.1.2) lib/action_dispatch/middleware/executor.rb:20:in 'ActionDispatch::Executor#call'
propshaft (1.3.1) lib/propshaft/server.rb:37:in 'Propshaft::Server#call'
actionpack (8.1.2) lib/action_dispatch/middleware/static.rb:27:in 'ActionDispatch::Static#call'
rack (3.2.5) lib/rack/sendfile.rb:131:in 'Rack::Sendfile#call'
actionpack (8.1.2) lib/action_dispatch/middleware/host_authorization.rb:143:in 'ActionDispatch::HostAuthorization#call'
railties (8.1.2) lib/rails/engine.rb:534:in 'Rails::Engine#call'
puma (7.2.0) lib/puma/configuration.rb:296:in 'Puma::Configuration::ConfigMiddleware#call'
puma (7.2.0) lib/puma/request.rb:103:in 'block in Puma::Request#handle_request'
puma (7.2.0) lib/puma/thread_pool.rb:355:in 'Puma::ThreadPool#with_force_shutdown'
puma (7.2.0) lib/puma/request.rb:102:in 'Puma::Request#handle_request'
puma (7.2.0) lib/puma/server.rb:503:in 'Puma::Server#process_client'
puma (7.2.0) lib/puma/server.rb:262:in 'block in Puma::Server#run'
puma (7.2.0) lib/puma/thread_pool.rb:182:in 'block in Puma::ThreadPool#spawn_thread'
[dotenv] Set [36mDB_PASSWORD[0m, [36mDB_USERNAME[0m, [36mSTRIPE_PRICE_BASIC[0m, [36mSTRIPE_PRICE_PRO[0m, [36mSTRIPE_SECRET_KEY[0m, [36mSTRIPE_WEBHOOK_SECRET[0m, [36mSUPER_ADMIN_PASSWORD[0m
[dotenv] Loaded [33m.env[0m
Started GET "/up" for ::1 at 2026-02-28 21:29:42 +0900
  [1m[36mActiveRecord::SchemaMigration Load (1.2ms)[0m  [1m[34mSELECT "schema_migrations"."version" FROM "schema_migrations" ORDER BY "schema_migrations"."version" ASC /*application='MeetingRails'*/[0m
  
ActiveRecord::PendingMigrationError (

Migrations are pending. To resolve this issue, run:

        bin/rails db:migrate

You have 1 pending migration:

db/migrate/20260228120000_add_subscription_uniqueness_indexes.rb


):
  
activerecord (8.1.2) lib/active_record/migration.rb:743:in 'ActiveRecord::Migration.check_pending_migrations'
activerecord (8.1.2) lib/active_record/migration.rb:660:in 'block (2 levels) in ActiveRecord::Migration::CheckPending#call'
activesupport (8.1.2) lib/active_support/file_update_checker.rb:88:in 'ActiveSupport::FileUpdateChecker#execute'
activerecord (8.1.2) lib/active_record/migration.rb:665:in 'block in ActiveRecord::Migration::CheckPending#call'
activerecord (8.1.2) lib/active_record/migration.rb:657:in 'Thread::Mutex#synchronize'
activerecord (8.1.2) lib/active_record/migration.rb:657:in 'ActiveRecord::Migration::CheckPending#call'
actionpack (8.1.2) lib/action_dispatch/middleware/callbacks.rb:31:in 'block in ActionDispatch::Callbacks#call'
activesupport (8.1.2) lib/active_support/callbacks.rb:101:in 'ActiveSupport::Callbacks#run_callbacks'
actionpack (8.1.2) lib/action_dispatch/middleware/callbacks.rb:30:in 'ActionDispatch::Callbacks#call'
actionpack (8.1.2) lib/action_dispatch/middleware/executor.rb:20:in 'ActionDispatch::Executor#call'
actionpack (8.1.2) lib/action_dispatch/middleware/actionable_exceptions.rb:18:in 'ActionDispatch::ActionableExceptions#call'
actionpack (8.1.2) lib/action_dispatch/middleware/debug_exceptions.rb:31:in 'ActionDispatch::DebugExceptions#call'
web-console (4.3.0) lib/web_console/middleware.rb:132:in 'WebConsole::Middleware#call_app'
web-console (4.3.0) lib/web_console/middleware.rb:28:in 'block in WebConsole::Middleware#call'
web-console (4.3.0) lib/web_console/middleware.rb:17:in 'Kernel#catch'
web-console (4.3.0) lib/web_console/middleware.rb:17:in 'WebConsole::Middleware#call'
actionpack (8.1.2) lib/action_dispatch/middleware/show_exceptions.rb:32:in 'ActionDispatch::ShowExceptions#call'
railties (8.1.2) lib/rails/rack/logger.rb:41:in 'Rails::Rack::Logger#call_app'
railties (8.1.2) lib/rails/rack/logger.rb:29:in 'Rails::Rack::Logger#call'
propshaft (1.3.1) lib/propshaft/quiet_assets.rb:11:in 'Propshaft::QuietAssets#call'
actionpack (8.1.2) lib/action_dispatch/middleware/remote_ip.rb:98:in 'ActionDispatch::RemoteIp#call'
actionpack (8.1.2) lib/action_dispatch/middleware/request_id.rb:34:in 'ActionDispatch::RequestId#call'
rack (3.2.5) lib/rack/method_override.rb:28:in 'Rack::MethodOverride#call'
rack (3.2.5) lib/rack/runtime.rb:24:in 'Rack::Runtime#call'
activesupport (8.1.2) lib/active_support/cache/strategy/local_cache_middleware.rb:30:in 'ActiveSupport::Cache::Strategy::LocalCache::Middleware#call'
actionpack (8.1.2) lib/action_dispatch/middleware/server_timing.rb:61:in 'block in ActionDispatch::ServerTiming#call'
actionpack (8.1.2) lib/action_dispatch/middleware/server_timing.rb:26:in 'ActionDispatch::ServerTiming::Subscriber#collect_events'
actionpack (8.1.2) lib/action_dispatch/middleware/server_timing.rb:60:in 'ActionDispatch::ServerTiming#call'
actionpack (8.1.2) lib/action_dispatch/middleware/executor.rb:20:in 'ActionDispatch::Executor#call'
propshaft (1.3.1) lib/propshaft/server.rb:37:in 'Propshaft::Server#call'
actionpack (8.1.2) lib/action_dispatch/middleware/static.rb:27:in 'ActionDispatch::Static#call'
rack (3.2.5) lib/rack/sendfile.rb:131:in 'Rack::Sendfile#call'
actionpack (8.1.2) lib/action_dispatch/middleware/host_authorization.rb:143:in 'ActionDispatch::HostAuthorization#call'
railties (8.1.2) lib/rails/engine.rb:534:in 'Rails::Engine#call'
puma (7.2.0) lib/puma/configuration.rb:296:in 'Puma::Configuration::ConfigMiddleware#call'
puma (7.2.0) lib/puma/request.rb:103:in 'block in Puma::Request#handle_request'
puma (7.2.0) lib/puma/thread_pool.rb:355:in 'Puma::ThreadPool#with_force_shutdown'
puma (7.2.0) lib/puma/request.rb:102:in 'Puma::Request#handle_request'
puma (7.2.0) lib/puma/server.rb:503:in 'Puma::Server#process_client'
puma (7.2.0) lib/puma/server.rb:262:in 'block in Puma::Server#run'
puma (7.2.0) lib/puma/thread_pool.rb:182:in 'block in Puma::ThreadPool#spawn_thread'
Started GET "/up" for ::1 at 2026-02-28 21:31:40 +0900
  [1m[36mActiveRecord::SchemaMigration Load (1.7ms)[0m  [1m[34mSELECT "schema_migrations"."version" FROM "schema_migrations" ORDER BY "schema_migrations"."version" ASC /*application='MeetingRails'*/[0m
  
ActiveRecord::PendingMigrationError (

Migrations are pending. To resolve this issue, run:

        bin/rails db:migrate

You have 1 pending migration:

db/migrate/20260228120000_add_subscription_uniqueness_indexes.rb


):
  
activerecord (8.1.2) lib/active_record/migration.rb:743:in 'ActiveRecord::Migration.check_pending_migrations'
activerecord (8.1.2) lib/active_record/migration.rb:660:in 'block (2 levels) in ActiveRecord::Migration::CheckPending#call'
activesupport (8.1.2) lib/active_support/file_update_checker.rb:88:in 'ActiveSupport::FileUpdateChecker#execute'
activerecord (8.1.2) lib/active_record/migration.rb:665:in 'block in ActiveRecord::Migration::CheckPending#call'
activerecord (8.1.2) lib/active_record/migration.rb:657:in 'Thread::Mutex#synchronize'
activerecord (8.1.2) lib/active_record/migration.rb:657:in 'ActiveRecord::Migration::CheckPending#call'
actionpack (8.1.2) lib/action_dispatch/middleware/callbacks.rb:31:in 'block in ActionDispatch::Callbacks#call'
activesupport (8.1.2) lib/active_support/callbacks.rb:101:in 'ActiveSupport::Callbacks#run_callbacks'
actionpack (8.1.2) lib/action_dispatch/middleware/callbacks.rb:30:in 'ActionDispatch::Callbacks#call'
actionpack (8.1.2) lib/action_dispatch/middleware/executor.rb:20:in 'ActionDispatch::Executor#call'
actionpack (8.1.2) lib/action_dispatch/middleware/actionable_exceptions.rb:18:in 'ActionDispatch::ActionableExceptions#call'
actionpack (8.1.2) lib/action_dispatch/middleware/debug_exceptions.rb:31:in 'ActionDispatch::DebugExceptions#call'
web-console (4.3.0) lib/web_console/middleware.rb:132:in 'WebConsole::Middleware#call_app'
web-console (4.3.0) lib/web_console/middleware.rb:28:in 'block in WebConsole::Middleware#call'
web-console (4.3.0) lib/web_console/middleware.rb:17:in 'Kernel#catch'
web-console (4.3.0) lib/web_console/middleware.rb:17:in 'WebConsole::Middleware#call'
actionpack (8.1.2) lib/action_dispatch/middleware/show_exceptions.rb:32:in 'ActionDispatch::ShowExceptions#call'
railties (8.1.2) lib/rails/rack/logger.rb:41:in 'Rails::Rack::Logger#call_app'
railties (8.1.2) lib/rails/rack/logger.rb:29:in 'Rails::Rack::Logger#call'
propshaft (1.3.1) lib/propshaft/quiet_assets.rb:11:in 'Propshaft::QuietAssets#call'
actionpack (8.1.2) lib/action_dispatch/middleware/remote_ip.rb:98:in 'ActionDispatch::RemoteIp#call'
actionpack (8.1.2) lib/action_dispatch/middleware/request_id.rb:34:in 'ActionDispatch::RequestId#call'
rack (3.2.5) lib/rack/method_override.rb:28:in 'Rack::MethodOverride#call'
rack (3.2.5) lib/rack/runtime.rb:24:in 'Rack::Runtime#call'
activesupport (8.1.2) lib/active_support/cache/strategy/local_cache_middleware.rb:30:in 'ActiveSupport::Cache::Strategy::LocalCache::Middleware#call'
actionpack (8.1.2) lib/action_dispatch/middleware/server_timing.rb:61:in 'block in ActionDispatch::ServerTiming#call'
actionpack (8.1.2) lib/action_dispatch/middleware/server_timing.rb:26:in 'ActionDispatch::ServerTiming::Subscriber#collect_events'
actionpack (8.1.2) lib/action_dispatch/middleware/server_timing.rb:60:in 'ActionDispatch::ServerTiming#call'
actionpack (8.1.2) lib/action_dispatch/middleware/executor.rb:20:in 'ActionDispatch::Executor#call'
propshaft (1.3.1) lib/propshaft/server.rb:37:in 'Propshaft::Server#call'
actionpack (8.1.2) lib/action_dispatch/middleware/static.rb:27:in 'ActionDispatch::Static#call'
rack (3.2.5) lib/rack/sendfile.rb:131:in 'Rack::Sendfile#call'
actionpack (8.1.2) lib/action_dispatch/middleware/host_authorization.rb:143:in 'ActionDispatch::HostAuthorization#call'
railties (8.1.2) lib/rails/engine.rb:534:in 'Rails::Engine#call'
puma (7.2.0) lib/puma/configuration.rb:296:in 'Puma::Configuration::ConfigMiddleware#call'
puma (7.2.0) lib/puma/request.rb:103:in 'block in Puma::Request#handle_request'
puma (7.2.0) lib/puma/thread_pool.rb:355:in 'Puma::ThreadPool#with_force_shutdown'
puma (7.2.0) lib/puma/request.rb:102:in 'Puma::Request#handle_request'
puma (7.2.0) lib/puma/server.rb:503:in 'Puma::Server#process_client'
puma (7.2.0) lib/puma/server.rb:262:in 'block in Puma::Server#run'
puma (7.2.0) lib/puma/thread_pool.rb:182:in 'block in Puma::ThreadPool#spawn_thread'
[dotenv] Set [36mDB_PASSWORD[0m, [36mDB_USERNAME[0m, [36mSTRIPE_PRICE_BASIC[0m, [36mSTRIPE_PRICE_PRO[0m, [36mSTRIPE_SECRET_KEY[0m, [36mSTRIPE_WEBHOOK_SECRET[0m, [36mSUPER_ADMIN_PASSWORD[0m
[dotenv] Loaded [33m.env[0m
  [1m[35m (0.2ms)[0m  [1m[34mSELECT pg_try_advisory_lock(3859203788928044970) /*application='MeetingRails'*/[0m
  [1m[36mActiveRecord::SchemaMigration Load (2.0ms)[0m  [1m[34mSELECT "schema_migrations"."version" FROM "schema_migrations" ORDER BY "schema_migrations"."version" ASC /*application='MeetingRails'*/[0m
  [1m[36mActiveRecord::InternalMetadata Load (1.6ms)[0m  [1m[34mSELECT * FROM "ar_internal_metadata" WHERE "ar_internal_metadata"."key" = 'environment' ORDER BY "ar_internal_metadata"."key" ASC LIMIT 1 /*application='MeetingRails'*/[0m
Migrating to AddSubscriptionUniquenessIndexes (20260228120000)
  [1m[36mTRANSACTION (0.3ms)[0m  [1m[35mBEGIN /*application='MeetingRails'*/[0m
  [1m[35m (7.3ms)[0m  [1m[35mCREATE UNIQUE INDEX "index_subscriptions_on_organization_id" ON "subscriptions" ("organization_id") /*application='MeetingRails'*/[0m
  [1m[36mTRANSACTION (0.2ms)[0m  [1m[31mROLLBACK /*application='MeetingRails'*/[0m
  [1m[35m (0.3ms)[0m  [1m[34mSELECT pg_advisory_unlock(3859203788928044970) /*application='MeetingRails'*/[0m
[dotenv] Set [36mDB_PASSWORD[0m, [36mDB_USERNAME[0m, [36mSTRIPE_PRICE_BASIC[0m, [36mSTRIPE_PRICE_PRO[0m, [36mSTRIPE_SECRET_KEY[0m, [36mSTRIPE_WEBHOOK_SECRET[0m, [36mSUPER_ADMIN_PASSWORD[0m
[dotenv] Loaded [33m.env[0m
  [1m[35m (0.2ms)[0m  [1m[34mSELECT pg_try_advisory_lock(3859203788928044970) /*application='MeetingRails'*/[0m
  [1m[36mActiveRecord::SchemaMigration Load (1.7ms)[0m  [1m[34mSELECT "schema_migrations"."version" FROM "schema_migrations" ORDER BY "schema_migrations"."version" ASC /*application='MeetingRails'*/[0m
  [1m[36mActiveRecord::InternalMetadata Load (1.6ms)[0m  [1m[34mSELECT * FROM "ar_internal_metadata" WHERE "ar_internal_metadata"."key" = 'environment' ORDER BY "ar_internal_metadata"."key" ASC LIMIT 1 /*application='MeetingRails'*/[0m
Migrating to AddSubscriptionUniquenessIndexes (20260228120000)
  [1m[36mTRANSACTION (0.2ms)[0m  [1m[35mBEGIN /*application='MeetingRails'*/[0m
  [1m[35m (0.8ms)[0m  [1m[35mDROP INDEX  "index_subscriptions_on_organization_id" /*application='MeetingRails'*/[0m
  [1m[35m (44.5ms)[0m  [1m[35mCREATE UNIQUE INDEX "index_subscriptions_on_organization_id" ON "subscriptions" ("organization_id") /*application='MeetingRails'*/[0m
  [1m[35m (1.9ms)[0m  [1m[35mCREATE UNIQUE INDEX "index_subscriptions_on_stripe_subscription_id" ON "subscriptions" ("stripe_subscription_id") WHERE stripe_subscription_id IS NOT NULL /*application='MeetingRails'*/[0m
  [1m[36mActiveRecord::SchemaMigration Create (0.4ms)[0m  [1m[32mINSERT INTO "schema_migrations" ("version") VALUES ('20260228120000') RETURNING "version" /*application='MeetingRails'*/[0m
  [1m[36mTRANSACTION (2.0ms)[0m  [1m[35mCOMMIT /*application='MeetingRails'*/[0m
  [1m[35m (0.3ms)[0m  [1m[34mSELECT pg_advisory_unlock(3859203788928044970) /*application='MeetingRails'*/[0m
  [1m[36mActiveRecord::SchemaMigration Load (0.2ms)[0m  [1m[34mSELECT "schema_migrations"."version" FROM "schema_migrations" ORDER BY "schema_migrations"."version" ASC /*application='MeetingRails'*/[0m
  [1m[35mSQL (0.1ms)[0m  [1m[35mSET search_path TO public /*application='MeetingRails'*/[0m
  [1m[35mSQL (0.2ms)[0m  [1m[35mSET search_path TO "$user", public /*application='MeetingRails'*/[0m
  [1m[35mSQL (0.1ms)[0m  [1m[35mSET search_path TO public /*application='MeetingRails'*/[0m
  [1m[35mSQL (0.1ms)[0m  [1m[35mSET search_path TO "$user", public /*application='MeetingRails'*/[0m
Started GET "/up" for ::1 at 2026-02-28 21:34:00 +0900
  [1m[36mActiveRecord::SchemaMigration Load (1.1ms)[0m  [1m[34mSELECT "schema_migrations"."version" FROM "schema_migrations" ORDER BY "schema_migrations"."version" ASC /*application='MeetingRails'*/[0m
Processing by Rails::HealthController#show as HTML
  Rendering html template
  Rendered html template (Duration: 0.0ms | GC: 0.0ms)
Completed 200 OK in 8ms (Views: 0.9ms | ActiveRecord: 0.0ms (0 queries, 0 cached) | GC: 0.0ms)


Started GET "/" for ::1 at 2026-02-28 21:34:24 +0900
Processing by LandingController#index as HTML
  Rendering layout layouts/application.html.erb
  Rendering landing/index.html.erb within layouts/application
  Rendered landing/index.html.erb within layouts/application (Duration: 0.6ms | GC: 0.0ms)
  Rendered layout layouts/application.html.erb (Duration: 7.8ms | GC: 0.0ms)
Completed 200 OK in 20ms (Views: 12.6ms | ActiveRecord: 0.0ms (0 queries, 0 cached) | GC: 0.0ms)


Started GET "/sw.js" for ::1 at 2026-02-28 21:34:26 +0900
  
ActionController::RoutingError (No route matches [GET] "/sw.js"):
  
Started GET "/users/sign_in" for ::1 at 2026-02-28 21:34:28 +0900
Processing by Devise::SessionsController#new as HTML
  Rendering layout layouts/application.html.erb
  Rendering devise/sessions/new.html.erb within layouts/application
  Rendered devise/shared/_links.html.erb (Duration: 0.8ms | GC: 0.0ms)
  Rendered devise/sessions/new.html.erb within layouts/application (Duration: 3.3ms | GC: 0.0ms)
  Rendered layout layouts/application.html.erb (Duration: 4.3ms | GC: 0.0ms)
Completed 200 OK in 22ms (Views: 11.3ms | ActiveRecord: 0.0ms (0 queries, 0 cached) | GC: 0.0ms)


Started GET "/registrations/new" for ::1 at 2026-02-28 21:34:39 +0900
Processing by RegistrationsController#new as HTML
  Rendering layout layouts/application.html.erb
  Rendering registrations/new.html.erb within layouts/application
  Rendered registrations/new.html.erb within layouts/application (Duration: 1.8ms | GC: 0.0ms)
  Rendered layout layouts/application.html.erb (Duration: 3.2ms | GC: 0.0ms)
Completed 200 OK in 21ms (Views: 7.5ms | ActiveRecord: 0.0ms (0 queries, 0 cached) | GC: 0.0ms)


Started GET "/registrations/new" for ::1 at 2026-02-28 21:34:41 +0900
Processing by RegistrationsController#new as HTML
  Rendering layout layouts/application.html.erb
  Rendering registrations/new.html.erb within layouts/application
  Rendered registrations/new.html.erb within layouts/application (Duration: 0.7ms | GC: 0.0ms)
  Rendered layout layouts/application.html.erb (Duration: 1.4ms | GC: 0.0ms)
Completed 200 OK in 9ms (Views: 1.9ms | ActiveRecord: 0.0ms (0 queries, 0 cached) | GC: 0.0ms)


[dotenv] Set [36mDB_PASSWORD[0m, [36mDB_USERNAME[0m, [36mSTRIPE_PRICE_BASIC[0m, [36mSTRIPE_PRICE_PRO[0m, [36mSTRIPE_SECRET_KEY[0m, [36mSTRIPE_WEBHOOK_SECRET[0m, [36mSUPER_ADMIN_PASSWORD[0m
[dotenv] Loaded [33m.env[0m
  [1m[36mOrganization Load (2.4ms)[0m  [1m[34mSELECT "organizations".* FROM "organizations" WHERE "organizations"."subdomain" = 'demo' LIMIT 1 /*application='MeetingRails'*/[0m
  [1m[36mPlan Load (1.3ms)[0m  [1m[34mSELECT "plans".* FROM "plans" WHERE "plans"."name" = 'basic' LIMIT 1 /*application='MeetingRails'*/[0m
  [1m[36mSubscription Load (3.4ms)[0m  [1m[34mSELECT "subscriptions".* FROM "subscriptions" WHERE "subscriptions"."organization_id" = 1 LIMIT 1 /*application='MeetingRails'*/[0m
Started POST "/webhooks/stripe" for ::1 at 2026-02-28 21:35:24 +0900
Processing by WebhooksController#stripe as XML
  Parameters: {"id" => "evt_1T5mjwRz6rKcQpf6NceEzNBY", "object" => "event", "api_version" => "2026-02-25.clover", "created" => 1772282124, "data" => {"object" => {"id" => "prod_U3uZVpfMejO0zF", "object" => "product", "active" => true, "attributes" => [], "created" => 1772282123, "default_price" => nil, "description" => "(created by Stripe CLI)", "images" => [], "livemode" => false, "marketing_features" => [], "metadata" => {}, "name" => "myproduct", "package_dimensions" => nil, "shippable" => nil, "statement_descriptor" => nil, "tax_code" => nil, "type" => "service", "unit_label" => nil, "updated" => 1772282124, "url" => nil}}, "livemode" => false, "pending_webhooks" => 2, "request" => {"id" => "req_497cdQL2zLWEDe", "idempotency_key" => "[FILTERED]"}, "type" => "product.created", "webhook" => {"id" => "evt_1T5mjwRz6rKcQpf6NceEzNBY", "object" => "event", "api_version" => "2026-02-25.clover", "created" => 1772282124, "data" => {"object" => {"id" => "prod_U3uZVpfMejO0zF", "object" => "product", "active" => true, "attributes" => [], "created" => 1772282123, "default_price" => nil, "description" => "(created by Stripe CLI)", "images" => [], "livemode" => false, "marketing_features" => [], "metadata" => {}, "name" => "myproduct", "package_dimensions" => nil, "shippable" => nil, "statement_descriptor" => nil, "tax_code" => nil, "type" => "service", "unit_label" => nil, "updated" => 1772282124, "url" => nil}}, "livemode" => false, "pending_webhooks" => 2, "request" => {"id" => "req_497cdQL2zLWEDe", "idempotency_key" => "[FILTERED]"}, "type" => "product.created"}}
Completed 500 Internal Server Error in 8ms (ActiveRecord: 0.0ms (0 queries, 0 cached) | GC: 0.0ms)


  
KeyError (key not found: "STRIPE_WEBHOOK_SECRET"):
  
app/controllers/webhooks_controller.rb:9:in 'fetch'
app/controllers/webhooks_controller.rb:9:in 'WebhooksController#stripe'
Started POST "/webhooks/stripe" for ::1 at 2026-02-28 21:35:24 +0900
Processing by WebhooksController#stripe as XML
  Parameters: {"id" => "evt_1T5mjwRz6rKcQpf6verwm29P", "object" => "event", "api_version" => "2026-02-25.clover", "created" => 1772282124, "data" => {"object" => {"id" => "price_1T5mjwRz6rKcQpf6DhcRGt6I", "object" => "price", "active" => true, "billing_scheme" => "per_unit", "created" => 1772282124, "currency" => "usd", "custom_unit_amount" => nil, "livemode" => false, "lookup_key" => "[FILTERED]", "metadata" => {}, "nickname" => nil, "product" => "prod_U3uZVpfMejO0zF", "recurring" => nil, "tax_behavior" => "unspecified", "tiers_mode" => nil, "transform_quantity" => nil, "type" => "one_time", "unit_amount" => 1500, "unit_amount_decimal" => "1500"}}, "livemode" => false, "pending_webhooks" => 2, "request" => {"id" => "req_IpurKXa6QAEslv", "idempotency_key" => "[FILTERED]"}, "type" => "price.created", "webhook" => {"id" => "evt_1T5mjwRz6rKcQpf6verwm29P", "object" => "event", "api_version" => "2026-02-25.clover", "created" => 1772282124, "data" => {"object" => {"id" => "price_1T5mjwRz6rKcQpf6DhcRGt6I", "object" => "price", "active" => true, "billing_scheme" => "per_unit", "created" => 1772282124, "currency" => "usd", "custom_unit_amount" => nil, "livemode" => false, "lookup_key" => "[FILTERED]", "metadata" => {}, "nickname" => nil, "product" => "prod_U3uZVpfMejO0zF", "recurring" => nil, "tax_behavior" => "unspecified", "tiers_mode" => nil, "transform_quantity" => nil, "type" => "one_time", "unit_amount" => 1500, "unit_amount_decimal" => "1500"}}, "livemode" => false, "pending_webhooks" => 2, "request" => {"id" => "req_IpurKXa6QAEslv", "idempotency_key" => "[FILTERED]"}, "type" => "price.created"}}
Completed 500 Internal Server Error in 7ms (ActiveRecord: 0.0ms (0 queries, 0 cached) | GC: 0.0ms)


  
KeyError (key not found: "STRIPE_WEBHOOK_SECRET"):
  
app/controllers/webhooks_controller.rb:9:in 'fetch'
app/controllers/webhooks_controller.rb:9:in 'WebhooksController#stripe'
Started POST "/webhooks/stripe" for ::1 at 2026-02-28 21:35:27 +0900
Processing by WebhooksController#stripe as XML
  Parameters: {"id" => "evt_3T5mjyRz6rKcQpf616lMf6Pb", "object" => "event", "api_version" => "2026-02-25.clover", "created" => 1772282127, "data" => {"object" => {"id" => "ch_3T5mjyRz6rKcQpf61wF6E2Ge", "object" => "charge", "amount" => 3000, "amount_captured" => 3000, "amount_refunded" => 0, "application" => nil, "application_fee" => nil, "application_fee_amount" => nil, "balance_transaction" => nil, "billing_details" => {"address" => {"city" => "South San Francisco", "country" => "US", "line1" => "354 Oyster Point Blvd", "line2" => nil, "postal_code" => "94080", "state" => "CA"}, "email" => "[FILTERED]", "name" => "Jenny Rosen", "phone" => nil, "tax_id" => nil}, "calculated_statement_descriptor" => "Stripe", "captured" => true, "created" => 1772282126, "currency" => "usd", "customer" => nil, "description" => nil, "destination" => nil, "dispute" => nil, "disputed" => false, "failure_balance_transaction" => nil, "failure_code" => nil, "failure_message" => nil, "fraud_details" => {}, "livemode" => false, "metadata" => {}, "on_behalf_of" => nil, "order" => nil, "outcome" => {"advice_code" => nil, "network_advice_code" => nil, "network_decline_code" => nil, "network_status" => "approved_by_network", "reason" => nil, "risk_level" => "normal", "risk_score" => 34, "seller_message" => "Payment complete.", "type" => "authorized"}, "paid" => true, "payment_intent" => "pi_3T5mjyRz6rKcQpf61Pi33eqA", "payment_method" => "pm_1T5mjxRz6rKcQpf6J1nN1x1w", "payment_method_details" => {"card" => {"amount_authorized" => 3000, "authorization_code" => "896440", "brand" => "visa", "checks" => {"address_line1_check" => "pass", "address_postal_code_check" => "pass", "cvc_check" => "[FILTERED]"}, "country" => "US", "exp_month" => 2, "exp_year" => 2027, "extended_authorization" => {"status" => "disabled"}, "fingerprint" => "40hDXqxdHP2V7XSG", "funding" => "credit", "incremental_authorization" => {"status" => "unavailable"}, "installments" => nil, "last4" => "4242", "mandate" => nil, "multicapture" => {"status" => "unavailable"}, "network" => "visa", "network_token" => "[FILTERED]", "network_transaction_id" => "524810468881131", "overcapture" => {"maximum_amount_capturable" => 3000, "status" => "unavailable"}, "regulated_status" => "unregulated", "three_d_secure" => nil, "wallet" => nil}, "type" => "card"}, "radar_options" => {}, "receipt_email" => "[FILTERED]", "receipt_number" => nil, "receipt_url" => "https://pay.stripe.com/receipts/payment/CAcaFwoVYWNjdF8xVDVtTE9SejZyS2NRcGY2KI_Ci80GMgYBIdDATWQ6LBZxY9JS9RTj20L8Z3Wt7r3v-Lup-iJOihiGM1kQDKfHsdz4SsUS1JYf64_X", "refunded" => false, "review" => nil, "shipping" => {"address" => {"city" => "San Francisco", "country" => "US", "line1" => "510 Townsend St", "line2" => nil, "postal_code" => "94103", "state" => "CA"}, "carrier" => nil, "name" => "Jenny Rosen", "phone" => nil, "tracking_number" => nil}, "source" => nil, "source_transfer" => nil, "statement_descriptor" => nil, "statement_descriptor_suffix" => nil, "status" => "succeeded", "transfer_data" => nil, "transfer_group" => nil}}, "livemode" => false, "pending_webhooks" => 2, "request" => {"id" => nil, "idempotency_key" => "[FILTERED]"}, "type" => "charge.succeeded", "webhook" => {"id" => "evt_3T5mjyRz6rKcQpf616lMf6Pb", "object" => "event", "api_version" => "2026-02-25.clover", "created" => 1772282127, "data" => {"object" => {"id" => "ch_3T5mjyRz6rKcQpf61wF6E2Ge", "object" => "charge", "amount" => 3000, "amount_captured" => 3000, "amount_refunded" => 0, "application" => nil, "application_fee" => nil, "application_fee_amount" => nil, "balance_transaction" => nil, "billing_details" => {"address" => {"city" => "South San Francisco", "country" => "US", "line1" => "354 Oyster Point Blvd", "line2" => nil, "postal_code" => "94080", "state" => "CA"}, "email" => "[FILTERED]", "name" => "Jenny Rosen", "phone" => nil, "tax_id" => nil}, "calculated_statement_descriptor" => "Stripe", "captured" => true, "created" => 1772282126, "currency" => "usd", "customer" => nil, "description" => nil, "destination" => nil, "dispute" => nil, "disputed" => false, "failure_balance_transaction" => nil, "failure_code" => nil, "failure_message" => nil, "fraud_details" => {}, "livemode" => false, "metadata" => {}, "on_behalf_of" => nil, "order" => nil, "outcome" => {"advice_code" => nil, "network_advice_code" => nil, "network_decline_code" => nil, "network_status" => "approved_by_network", "reason" => nil, "risk_level" => "normal", "risk_score" => 34, "seller_message" => "Payment complete.", "type" => "authorized"}, "paid" => true, "payment_intent" => "pi_3T5mjyRz6rKcQpf61Pi33eqA", "payment_method" => "pm_1T5mjxRz6rKcQpf6J1nN1x1w", "payment_method_details" => {"card" => {"amount_authorized" => 3000, "authorization_code" => "896440", "brand" => "visa", "checks" => {"address_line1_check" => "pass", "address_postal_code_check" => "pass", "cvc_check" => "[FILTERED]"}, "country" => "US", "exp_month" => 2, "exp_year" => 2027, "extended_authorization" => {"status" => "disabled"}, "fingerprint" => "40hDXqxdHP2V7XSG", "funding" => "credit", "incremental_authorization" => {"status" => "unavailable"}, "installments" => nil, "last4" => "4242", "mandate" => nil, "multicapture" => {"status" => "unavailable"}, "network" => "visa", "network_token" => "[FILTERED]", "network_transaction_id" => "524810468881131", "overcapture" => {"maximum_amount_capturable" => 3000, "status" => "unavailable"}, "regulated_status" => "unregulated", "three_d_secure" => nil, "wallet" => nil}, "type" => "card"}, "radar_options" => {}, "receipt_email" => "[FILTERED]", "receipt_number" => nil, "receipt_url" => "https://pay.stripe.com/receipts/payment/CAcaFwoVYWNjdF8xVDVtTE9SejZyS2NRcGY2KI_Ci80GMgYBIdDATWQ6LBZxY9JS9RTj20L8Z3Wt7r3v-Lup-iJOihiGM1kQDKfHsdz4SsUS1JYf64_X", "refunded" => false, "review" => nil, "shipping" => {"address" => {"city" => "San Francisco", "country" => "US", "line1" => "510 Townsend St", "line2" => nil, "postal_code" => "94103", "state" => "CA"}, "carrier" => nil, "name" => "Jenny Rosen", "phone" => nil, "tracking_number" => nil}, "source" => nil, "source_transfer" => nil, "statement_descriptor" => nil, "statement_descriptor_suffix" => nil, "status" => "succeeded", "transfer_data" => nil, "transfer_group" => nil}}, "livemode" => false, "pending_webhooks" => 2, "request" => {"id" => nil, "idempotency_key" => "[FILTERED]"}, "type" => "charge.succeeded"}}
Completed 500 Internal Server Error in 5ms (ActiveRecord: 0.0ms (0 queries, 0 cached) | GC: 0.0ms)


  
KeyError (key not found: "STRIPE_WEBHOOK_SECRET"):
  
app/controllers/webhooks_controller.rb:9:in 'fetch'
app/controllers/webhooks_controller.rb:9:in 'WebhooksController#stripe'
Started POST "/webhooks/stripe" for ::1 at 2026-02-28 21:35:27 +0900
Processing by WebhooksController#stripe as XML
  Parameters: {"id" => "evt_3T5mjyRz6rKcQpf61L5CrptR", "object" => "event", "api_version" => "2026-02-25.clover", "created" => 1772282127, "data" => {"object" => {"id" => "pi_3T5mjyRz6rKcQpf61Pi33eqA", "object" => "payment_intent", "amount" => 3000, "amount_capturable" => 0, "amount_details" => {"shipping" => {"amount" => 0, "from_postal_code" => nil, "to_postal_code" => nil}, "tax" => {"total_tax_amount" => 0}, "tip" => {}}, "amount_received" => 3000, "application" => nil, "application_fee_amount" => nil, "automatic_payment_methods" => nil, "canceled_at" => nil, "cancellation_reason" => nil, "capture_method" => "automatic_async", "client_secret" => "[FILTERED]", "confirmation_method" => "automatic", "created" => 1772282126, "currency" => "usd", "customer" => nil, "customer_account" => nil, "description" => nil, "excluded_payment_method_types" => nil, "last_payment_error" => nil, "latest_charge" => "ch_3T5mjyRz6rKcQpf61wF6E2Ge", "livemode" => false, "metadata" => {}, "next_action" => nil, "on_behalf_of" => nil, "payment_details" => {"customer_reference" => nil, "order_reference" => "cs_test_a1z2EJRowMvAyglodkSQQm8ooH1MwaFAKnyiIO31IzA1uCKCkzvFq9l0gL"}, "payment_method" => "pm_1T5mjxRz6rKcQpf6J1nN1x1w", "payment_method_configuration_details" => nil, "payment_method_options" => {"card" => {"installments" => nil, "mandate_options" => nil, "network" => nil, "request_three_d_secure" => "automatic"}}, "payment_method_types" => ["card"], "processing" => nil, "receipt_email" => "[FILTERED]", "review" => nil, "setup_future_usage" => nil, "shipping" => {"address" => {"city" => "San Francisco", "country" => "US", "line1" => "510 Townsend St", "line2" => nil, "postal_code" => "94103", "state" => "CA"}, "carrier" => nil, "name" => "Jenny Rosen", "phone" => nil, "tracking_number" => nil}, "source" => nil, "statement_descriptor" => nil, "statement_descriptor_suffix" => nil, "status" => "succeeded", "transfer_data" => nil, "transfer_group" => nil}}, "livemode" => false, "pending_webhooks" => 2, "request" => {"id" => nil, "idempotency_key" => "[FILTERED]"}, "type" => "payment_intent.succeeded", "webhook" => {"id" => "evt_3T5mjyRz6rKcQpf61L5CrptR", "object" => "event", "api_version" => "2026-02-25.clover", "created" => 1772282127, "data" => {"object" => {"id" => "pi_3T5mjyRz6rKcQpf61Pi33eqA", "object" => "payment_intent", "amount" => 3000, "amount_capturable" => 0, "amount_details" => {"shipping" => {"amount" => 0, "from_postal_code" => nil, "to_postal_code" => nil}, "tax" => {"total_tax_amount" => 0}, "tip" => {}}, "amount_received" => 3000, "application" => nil, "application_fee_amount" => nil, "automatic_payment_methods" => nil, "canceled_at" => nil, "cancellation_reason" => nil, "capture_method" => "automatic_async", "client_secret" => "[FILTERED]", "confirmation_method" => "automatic", "created" => 1772282126, "currency" => "usd", "customer" => nil, "customer_account" => nil, "description" => nil, "excluded_payment_method_types" => nil, "last_payment_error" => nil, "latest_charge" => "ch_3T5mjyRz6rKcQpf61wF6E2Ge", "livemode" => false, "metadata" => {}, "next_action" => nil, "on_behalf_of" => nil, "payment_details" => {"customer_reference" => nil, "order_reference" => "cs_test_a1z2EJRowMvAyglodkSQQm8ooH1MwaFAKnyiIO31IzA1uCKCkzvFq9l0gL"}, "payment_method" => "pm_1T5mjxRz6rKcQpf6J1nN1x1w", "payment_method_configuration_details" => nil, "payment_method_options" => {"card" => {"installments" => nil, "mandate_options" => nil, "network" => nil, "request_three_d_secure" => "automatic"}}, "payment_method_types" => ["card"], "processing" => nil, "receipt_email" => "[FILTERED]", "review" => nil, "setup_future_usage" => nil, "shipping" => {"address" => {"city" => "San Francisco", "country" => "US", "line1" => "510 Townsend St", "line2" => nil, "postal_code" => "94103", "state" => "CA"}, "carrier" => nil, "name" => "Jenny Rosen", "phone" => nil, "tracking_number" => nil}, "source" => nil, "statement_descriptor" => nil, "statement_descriptor_suffix" => nil, "status" => "succeeded", "transfer_data" => nil, "transfer_group" => nil}}, "livemode" => false, "pending_webhooks" => 2, "request" => {"id" => nil, "idempotency_key" => "[FILTERED]"}, "type" => "payment_intent.succeeded"}}
Completed 500 Internal Server Error in 18ms (ActiveRecord: 0.0ms (0 queries, 0 cached) | GC: 0.0ms)


  
KeyError (key not found: "STRIPE_WEBHOOK_SECRET"):
  
app/controllers/webhooks_controller.rb:9:in 'fetch'
app/controllers/webhooks_controller.rb:9:in 'WebhooksController#stripe'
Started POST "/webhooks/stripe" for ::1 at 2026-02-28 21:35:27 +0900
Started POST "/webhooks/stripe" for ::1 at 2026-02-28 21:35:27 +0900
Processing by WebhooksController#stripe as XML
  Parameters: {"id" => "evt_3T5mjyRz6rKcQpf61PFDXk1E", "object" => "event", "api_version" => "2026-02-25.clover", "created" => 1772282126, "data" => {"object" => {"id" => "pi_3T5mjyRz6rKcQpf61Pi33eqA", "object" => "payment_intent", "amount" => 3000, "amount_capturable" => 0, "amount_details" => {"tip" => {}}, "amount_received" => 0, "application" => nil, "application_fee_amount" => nil, "automatic_payment_methods" => nil, "canceled_at" => nil, "cancellation_reason" => nil, "capture_method" => "automatic_async", "client_secret" => "[FILTERED]", "confirmation_method" => "automatic", "created" => 1772282126, "currency" => "usd", "customer" => nil, "customer_account" => nil, "description" => nil, "excluded_payment_method_types" => nil, "last_payment_error" => nil, "latest_charge" => nil, "livemode" => false, "metadata" => {}, "next_action" => nil, "on_behalf_of" => nil, "payment_method" => nil, "payment_method_configuration_details" => nil, "payment_method_options" => {"card" => {"installments" => nil, "mandate_options" => nil, "network" => nil, "request_three_d_secure" => "automatic"}}, "payment_method_types" => ["card"], "processing" => nil, "receipt_email" => "[FILTERED]", "review" => nil, "setup_future_usage" => nil, "shipping" => {"address" => {"city" => "San Francisco", "country" => "US", "line1" => "510 Townsend St", "line2" => nil, "postal_code" => "94103", "state" => "CA"}, "carrier" => nil, "name" => "Jenny Rosen", "phone" => nil, "tracking_number" => nil}, "source" => nil, "statement_descriptor" => nil, "statement_descriptor_suffix" => nil, "status" => "requires_payment_method", "transfer_data" => nil, "transfer_group" => nil}}, "livemode" => false, "pending_webhooks" => 2, "request" => {"id" => nil, "idempotency_key" => "[FILTERED]"}, "type" => "payment_intent.created", "webhook" => {"id" => "evt_3T5mjyRz6rKcQpf61PFDXk1E", "object" => "event", "api_version" => "2026-02-25.clover", "created" => 1772282126, "data" => {"object" => {"id" => "pi_3T5mjyRz6rKcQpf61Pi33eqA", "object" => "payment_intent", "amount" => 3000, "amount_capturable" => 0, "amount_details" => {"tip" => {}}, "amount_received" => 0, "application" => nil, "application_fee_amount" => nil, "automatic_payment_methods" => nil, "canceled_at" => nil, "cancellation_reason" => nil, "capture_method" => "automatic_async", "client_secret" => "[FILTERED]", "confirmation_method" => "automatic", "created" => 1772282126, "currency" => "usd", "customer" => nil, "customer_account" => nil, "description" => nil, "excluded_payment_method_types" => nil, "last_payment_error" => nil, "latest_charge" => nil, "livemode" => false, "metadata" => {}, "next_action" => nil, "on_behalf_of" => nil, "payment_method" => nil, "payment_method_configuration_details" => nil, "payment_method_options" => {"card" => {"installments" => nil, "mandate_options" => nil, "network" => nil, "request_three_d_secure" => "automatic"}}, "payment_method_types" => ["card"], "processing" => nil, "receipt_email" => "[FILTERED]", "review" => nil, "setup_future_usage" => nil, "shipping" => {"address" => {"city" => "San Francisco", "country" => "US", "line1" => "510 Townsend St", "line2" => nil, "postal_code" => "94103", "state" => "CA"}, "carrier" => nil, "name" => "Jenny Rosen", "phone" => nil, "tracking_number" => nil}, "source" => nil, "statement_descriptor" => nil, "statement_descriptor_suffix" => nil, "status" => "requires_payment_method", "transfer_data" => nil, "transfer_group" => nil}}, "livemode" => false, "pending_webhooks" => 2, "request" => {"id" => nil, "idempotency_key" => "[FILTERED]"}, "type" => "payment_intent.created"}}
Completed 500 Internal Server Error in 19ms (ActiveRecord: 0.0ms (0 queries, 0 cached) | GC: 0.0ms)


  
KeyError (key not found: "STRIPE_WEBHOOK_SECRET"):
  
app/controllers/webhooks_controller.rb:9:in 'fetch'
app/controllers/webhooks_controller.rb:9:in 'WebhooksController#stripe'
Processing by WebhooksController#stripe as XML
  Parameters: {"id" => "evt_1T5mjzRz6rKcQpf6Ndmdsi2K", "object" => "event", "api_version" => "2026-02-25.clover", "created" => 1772282127, "data" => {"object" => {"id" => "cs_test_a1z2EJRowMvAyglodkSQQm8ooH1MwaFAKnyiIO31IzA1uCKCkzvFq9l0gL", "object" => "checkout.session", "adaptive_pricing" => {"enabled" => true}, "after_expiration" => nil, "allow_promotion_codes" => nil, "amount_subtotal" => 3000, "amount_total" => 3000, "automatic_tax" => {"enabled" => false, "liability" => nil, "provider" => nil, "status" => nil}, "billing_address_collection" => nil, "branding_settings" => {"background_color" => "#ffffff", "border_style" => "rounded", "button_color" => "#0074d4", "display_name" => "New business sandbox", "font_family" => "default", "icon" => nil, "logo" => nil}, "cancel_url" => "https://httpbin.org/post", "client_reference_id" => nil, "client_secret" => "[FILTERED]", "collected_information" => nil, "consent" => nil, "consent_collection" => nil, "created" => 1772282125, "currency" => "usd", "currency_conversion" => nil, "custom_fields" => [], "custom_text" => {"after_submit" => nil, "shipping_address" => nil, "submit" => nil, "terms_of_service_acceptance" => nil}, "customer" => nil, "customer_account" => nil, "customer_creation" => "if_required", "customer_details" => {"address" => {"city" => "South San Francisco", "country" => "US", "line1" => "354 Oyster Point Blvd", "line2" => nil, "postal_code" => "94080", "state" => "CA"}, "business_name" => nil, "email" => "[FILTERED]", "individual_name" => nil, "name" => "Jenny Rosen", "phone" => nil, "tax_exempt" => "none", "tax_ids" => []}, "customer_email" => "[FILTERED]", "discounts" => [], "expires_at" => 1772368524, "invoice" => nil, "invoice_creation" => {"enabled" => false, "invoice_data" => {"account_tax_ids" => nil, "custom_fields" => nil, "description" => nil, "footer" => nil, "issuer" => nil, "metadata" => {}, "rendering_options" => nil}}, "livemode" => false, "locale" => nil, "metadata" => {"plan_id" => "2", "organization_id" => "1"}, "mode" => "payment", "origin_context" => nil, "payment_intent" => "pi_3T5mjyRz6rKcQpf61Pi33eqA", "payment_link" => nil, "payment_method_collection" => "if_required", "payment_method_configuration_details" => {"id" => "pmc_1T5mLwRz6rKcQpf6eIq6jQX2", "parent" => nil}, "payment_method_options" => {"card" => {"request_three_d_secure" => "automatic"}}, "payment_method_types" => ["card", "klarna", "link", "cashapp", "amazon_pay"], "payment_status" => "paid", "permissions" => nil, "phone_number_collection" => {"enabled" => false}, "recovered_from" => nil, "saved_payment_method_options" => nil, "setup_intent" => nil, "shipping_address_collection" => nil, "shipping_cost" => nil, "shipping_options" => [], "status" => "complete", "submit_type" => nil, "subscription" => nil, "success_url" => "https://httpbin.org/post", "total_details" => {"amount_discount" => 0, "amount_shipping" => 0, "amount_tax" => 0}, "ui_mode" => "hosted", "url" => nil, "wallet_options" => nil}}, "livemode" => false, "pending_webhooks" => 2, "request" => {"id" => nil, "idempotency_key" => "[FILTERED]"}, "type" => "checkout.session.completed", "webhook" => {"id" => "evt_1T5mjzRz6rKcQpf6Ndmdsi2K", "object" => "event", "api_version" => "2026-02-25.clover", "created" => 1772282127, "data" => {"object" => {"id" => "cs_test_a1z2EJRowMvAyglodkSQQm8ooH1MwaFAKnyiIO31IzA1uCKCkzvFq9l0gL", "object" => "checkout.session", "adaptive_pricing" => {"enabled" => true}, "after_expiration" => nil, "allow_promotion_codes" => nil, "amount_subtotal" => 3000, "amount_total" => 3000, "automatic_tax" => {"enabled" => false, "liability" => nil, "provider" => nil, "status" => nil}, "billing_address_collection" => nil, "branding_settings" => {"background_color" => "#ffffff", "border_style" => "rounded", "button_color" => "#0074d4", "display_name" => "New business sandbox", "font_family" => "default", "icon" => nil, "logo" => nil}, "cancel_url" => "https://httpbin.org/post", "client_reference_id" => nil, "client_secret" => "[FILTERED]", "collected_information" => nil, "consent" => nil, "consent_collection" => nil, "created" => 1772282125, "currency" => "usd", "currency_conversion" => nil, "custom_fields" => [], "custom_text" => {"after_submit" => nil, "shipping_address" => nil, "submit" => nil, "terms_of_service_acceptance" => nil}, "customer" => nil, "customer_account" => nil, "customer_creation" => "if_required", "customer_details" => {"address" => {"city" => "South San Francisco", "country" => "US", "line1" => "354 Oyster Point Blvd", "line2" => nil, "postal_code" => "94080", "state" => "CA"}, "business_name" => nil, "email" => "[FILTERED]", "individual_name" => nil, "name" => "Jenny Rosen", "phone" => nil, "tax_exempt" => "none", "tax_ids" => []}, "customer_email" => "[FILTERED]", "discounts" => [], "expires_at" => 1772368524, "invoice" => nil, "invoice_creation" => {"enabled" => false, "invoice_data" => {"account_tax_ids" => nil, "custom_fields" => nil, "description" => nil, "footer" => nil, "issuer" => nil, "metadata" => {}, "rendering_options" => nil}}, "livemode" => false, "locale" => nil, "metadata" => {"plan_id" => "2", "organization_id" => "1"}, "mode" => "payment", "origin_context" => nil, "payment_intent" => "pi_3T5mjyRz6rKcQpf61Pi33eqA", "payment_link" => nil, "payment_method_collection" => "if_required", "payment_method_configuration_details" => {"id" => "pmc_1T5mLwRz6rKcQpf6eIq6jQX2", "parent" => nil}, "payment_method_options" => {"card" => {"request_three_d_secure" => "automatic"}}, "payment_method_types" => ["card", "klarna", "link", "cashapp", "amazon_pay"], "payment_status" => "paid", "permissions" => nil, "phone_number_collection" => {"enabled" => false}, "recovered_from" => nil, "saved_payment_method_options" => nil, "setup_intent" => nil, "shipping_address_collection" => nil, "shipping_cost" => nil, "shipping_options" => [], "status" => "complete", "submit_type" => nil, "subscription" => nil, "success_url" => "https://httpbin.org/post", "total_details" => {"amount_discount" => 0, "amount_shipping" => 0, "amount_tax" => 0}, "ui_mode" => "hosted", "url" => nil, "wallet_options" => nil}}, "livemode" => false, "pending_webhooks" => 2, "request" => {"id" => nil, "idempotency_key" => "[FILTERED]"}, "type" => "checkout.session.completed"}}
Completed 500 Internal Server Error in 19ms (ActiveRecord: 0.0ms (0 queries, 0 cached) | GC: 0.0ms)


  
KeyError (key not found: "STRIPE_WEBHOOK_SECRET"):
  
app/controllers/webhooks_controller.rb:9:in 'fetch'
app/controllers/webhooks_controller.rb:9:in 'WebhooksController#stripe'
Started POST "/webhooks/stripe" for ::1 at 2026-02-28 21:35:28 +0900
Processing by WebhooksController#stripe as XML
  Parameters: {"id" => "evt_1T5mjzRz6rKcQpf6Ndmdsi2K", "object" => "event", "api_version" => "2026-02-25.clover", "created" => 1772282127, "data" => {"object" => {"id" => "cs_test_a1z2EJRowMvAyglodkSQQm8ooH1MwaFAKnyiIO31IzA1uCKCkzvFq9l0gL", "object" => "checkout.session", "adaptive_pricing" => {"enabled" => true}, "after_expiration" => nil, "allow_promotion_codes" => nil, "amount_subtotal" => 3000, "amount_total" => 3000, "automatic_tax" => {"enabled" => false, "liability" => nil, "provider" => nil, "status" => nil}, "billing_address_collection" => nil, "branding_settings" => {"background_color" => "#ffffff", "border_style" => "rounded", "button_color" => "#0074d4", "display_name" => "New business sandbox", "font_family" => "default", "icon" => nil, "logo" => nil}, "cancel_url" => "https://httpbin.org/post", "client_reference_id" => nil, "client_secret" => "[FILTERED]", "collected_information" => nil, "consent" => nil, "consent_collection" => nil, "created" => 1772282125, "currency" => "usd", "currency_conversion" => nil, "custom_fields" => [], "custom_text" => {"after_submit" => nil, "shipping_address" => nil, "submit" => nil, "terms_of_service_acceptance" => nil}, "customer" => nil, "customer_account" => nil, "customer_creation" => "if_required", "customer_details" => {"address" => {"city" => "South San Francisco", "country" => "US", "line1" => "354 Oyster Point Blvd", "line2" => nil, "postal_code" => "94080", "state" => "CA"}, "business_name" => nil, "email" => "[FILTERED]", "individual_name" => nil, "name" => "Jenny Rosen", "phone" => nil, "tax_exempt" => "none", "tax_ids" => []}, "customer_email" => "[FILTERED]", "discounts" => [], "expires_at" => 1772368524, "invoice" => nil, "invoice_creation" => {"enabled" => false, "invoice_data" => {"account_tax_ids" => nil, "custom_fields" => nil, "description" => nil, "footer" => nil, "issuer" => nil, "metadata" => {}, "rendering_options" => nil}}, "livemode" => false, "locale" => nil, "metadata" => {"plan_id" => "2", "organization_id" => "1"}, "mode" => "payment", "origin_context" => nil, "payment_intent" => "pi_3T5mjyRz6rKcQpf61Pi33eqA", "payment_link" => nil, "payment_method_collection" => "if_required", "payment_method_configuration_details" => {"id" => "pmc_1T5mLwRz6rKcQpf6eIq6jQX2", "parent" => nil}, "payment_method_options" => {"card" => {"request_three_d_secure" => "automatic"}}, "payment_method_types" => ["card", "klarna", "link", "cashapp", "amazon_pay"], "payment_status" => "paid", "permissions" => nil, "phone_number_collection" => {"enabled" => false}, "recovered_from" => nil, "saved_payment_method_options" => nil, "setup_intent" => nil, "shipping_address_collection" => nil, "shipping_cost" => nil, "shipping_options" => [], "status" => "complete", "submit_type" => nil, "subscription" => nil, "success_url" => "https://httpbin.org/post", "total_details" => {"amount_discount" => 0, "amount_shipping" => 0, "amount_tax" => 0}, "ui_mode" => "hosted", "url" => nil, "wallet_options" => nil}}, "livemode" => false, "pending_webhooks" => 2, "request" => {"id" => nil, "idempotency_key" => "[FILTERED]"}, "type" => "checkout.session.completed", "webhook" => {"id" => "evt_1T5mjzRz6rKcQpf6Ndmdsi2K", "object" => "event", "api_version" => "2026-02-25.clover", "created" => 1772282127, "data" => {"object" => {"id" => "cs_test_a1z2EJRowMvAyglodkSQQm8ooH1MwaFAKnyiIO31IzA1uCKCkzvFq9l0gL", "object" => "checkout.session", "adaptive_pricing" => {"enabled" => true}, "after_expiration" => nil, "allow_promotion_codes" => nil, "amount_subtotal" => 3000, "amount_total" => 3000, "automatic_tax" => {"enabled" => false, "liability" => nil, "provider" => nil, "status" => nil}, "billing_address_collection" => nil, "branding_settings" => {"background_color" => "#ffffff", "border_style" => "rounded", "button_color" => "#0074d4", "display_name" => "New business sandbox", "font_family" => "default", "icon" => nil, "logo" => nil}, "cancel_url" => "https://httpbin.org/post", "client_reference_id" => nil, "client_secret" => "[FILTERED]", "collected_information" => nil, "consent" => nil, "consent_collection" => nil, "created" => 1772282125, "currency" => "usd", "currency_conversion" => nil, "custom_fields" => [], "custom_text" => {"after_submit" => nil, "shipping_address" => nil, "submit" => nil, "terms_of_service_acceptance" => nil}, "customer" => nil, "customer_account" => nil, "customer_creation" => "if_required", "customer_details" => {"address" => {"city" => "South San Francisco", "country" => "US", "line1" => "354 Oyster Point Blvd", "line2" => nil, "postal_code" => "94080", "state" => "CA"}, "business_name" => nil, "email" => "[FILTERED]", "individual_name" => nil, "name" => "Jenny Rosen", "phone" => nil, "tax_exempt" => "none", "tax_ids" => []}, "customer_email" => "[FILTERED]", "discounts" => [], "expires_at" => 1772368524, "invoice" => nil, "invoice_creation" => {"enabled" => false, "invoice_data" => {"account_tax_ids" => nil, "custom_fields" => nil, "description" => nil, "footer" => nil, "issuer" => nil, "metadata" => {}, "rendering_options" => nil}}, "livemode" => false, "locale" => nil, "metadata" => {"plan_id" => "2", "organization_id" => "1"}, "mode" => "payment", "origin_context" => nil, "payment_intent" => "pi_3T5mjyRz6rKcQpf61Pi33eqA", "payment_link" => nil, "payment_method_collection" => "if_required", "payment_method_configuration_details" => {"id" => "pmc_1T5mLwRz6rKcQpf6eIq6jQX2", "parent" => nil}, "payment_method_options" => {"card" => {"request_three_d_secure" => "automatic"}}, "payment_method_types" => ["card", "klarna", "link", "cashapp", "amazon_pay"], "payment_status" => "paid", "permissions" => nil, "phone_number_collection" => {"enabled" => false}, "recovered_from" => nil, "saved_payment_method_options" => nil, "setup_intent" => nil, "shipping_address_collection" => nil, "shipping_cost" => nil, "shipping_options" => [], "status" => "complete", "submit_type" => nil, "subscription" => nil, "success_url" => "https://httpbin.org/post", "total_details" => {"amount_discount" => 0, "amount_shipping" => 0, "amount_tax" => 0}, "ui_mode" => "hosted", "url" => nil, "wallet_options" => nil}}, "livemode" => false, "pending_webhooks" => 2, "request" => {"id" => nil, "idempotency_key" => "[FILTERED]"}, "type" => "checkout.session.completed"}}
Completed 500 Internal Server Error in 30ms (ActiveRecord: 0.0ms (0 queries, 0 cached) | GC: 0.0ms)


  
KeyError (key not found: "STRIPE_WEBHOOK_SECRET"):
  
app/controllers/webhooks_controller.rb:9:in 'fetch'
app/controllers/webhooks_controller.rb:9:in 'WebhooksController#stripe'
Started POST "/webhooks/stripe" for ::1 at 2026-02-28 21:35:29 +0900
Processing by WebhooksController#stripe as XML
  Parameters: {"id" => "evt_3T5mjyRz6rKcQpf615Pkyc0O", "object" => "event", "api_version" => "2026-02-25.clover", "created" => 1772282129, "data" => {"object" => {"id" => "ch_3T5mjyRz6rKcQpf61wF6E2Ge", "object" => "charge", "amount" => 3000, "amount_captured" => 3000, "amount_refunded" => 0, "application" => nil, "application_fee" => nil, "application_fee_amount" => nil, "balance_transaction" => "txn_3T5mjyRz6rKcQpf616QBgY31", "billing_details" => {"address" => {"city" => "South San Francisco", "country" => "US", "line1" => "354 Oyster Point Blvd", "line2" => nil, "postal_code" => "94080", "state" => "CA"}, "email" => "[FILTERED]", "name" => "Jenny Rosen", "phone" => nil, "tax_id" => nil}, "calculated_statement_descriptor" => "Stripe", "captured" => true, "created" => 1772282126, "currency" => "usd", "customer" => nil, "description" => nil, "destination" => nil, "dispute" => nil, "disputed" => false, "failure_balance_transaction" => nil, "failure_code" => nil, "failure_message" => nil, "fraud_details" => {}, "livemode" => false, "metadata" => {}, "on_behalf_of" => nil, "order" => nil, "outcome" => {"advice_code" => nil, "network_advice_code" => nil, "network_decline_code" => nil, "network_status" => "approved_by_network", "reason" => nil, "risk_level" => "normal", "risk_score" => 34, "seller_message" => "Payment complete.", "type" => "authorized"}, "paid" => true, "payment_intent" => "pi_3T5mjyRz6rKcQpf61Pi33eqA", "payment_method" => "pm_1T5mjxRz6rKcQpf6J1nN1x1w", "payment_method_details" => {"card" => {"amount_authorized" => 3000, "authorization_code" => "896440", "brand" => "visa", "checks" => {"address_line1_check" => "pass", "address_postal_code_check" => "pass", "cvc_check" => "[FILTERED]"}, "country" => "US", "exp_month" => 2, "exp_year" => 2027, "extended_authorization" => {"status" => "disabled"}, "fingerprint" => "40hDXqxdHP2V7XSG", "funding" => "credit", "incremental_authorization" => {"status" => "unavailable"}, "installments" => nil, "last4" => "4242", "mandate" => nil, "multicapture" => {"status" => "unavailable"}, "network" => "visa", "network_token" => "[FILTERED]", "network_transaction_id" => "524810468881131", "overcapture" => {"maximum_amount_capturable" => 3000, "status" => "unavailable"}, "regulated_status" => "unregulated", "three_d_secure" => nil, "wallet" => nil}, "type" => "card"}, "radar_options" => {}, "receipt_email" => "[FILTERED]", "receipt_number" => nil, "receipt_url" => "https://pay.stripe.com/receipts/payment/CAcaFwoVYWNjdF8xVDVtTE9SejZyS2NRcGY2KJHCi80GMgYfu6kOqkQ6LBYqx0T4Yc_i0KLaQJ-epGFN5S7jHjqzbA2K2V-KyTfuo5Yb2cjuWWE5AU6-", "refunded" => false, "review" => nil, "shipping" => {"address" => {"city" => "San Francisco", "country" => "US", "line1" => "510 Townsend St", "line2" => nil, "postal_code" => "94103", "state" => "CA"}, "carrier" => nil, "name" => "Jenny Rosen", "phone" => nil, "tracking_number" => nil}, "source" => nil, "source_transfer" => nil, "statement_descriptor" => nil, "statement_descriptor_suffix" => nil, "status" => "succeeded", "transfer_data" => nil, "transfer_group" => nil}, "previous_attributes" => {"balance_transaction" => nil, "receipt_url" => "https://pay.stripe.com/receipts/payment/CAcaFwoVYWNjdF8xVDVtTE9SejZyS2NRcGY2KJHCi80GMgaTXKo4SbI6LBYahrqTQ6dJcw9AnySYQiLhaV1ZzADOu9DFpXBKvArA_39aJGfuGkM3f3SX"}}, "livemode" => false, "pending_webhooks" => 2, "request" => {"id" => nil, "idempotency_key" => "[FILTERED]"}, "type" => "charge.updated", "webhook" => {"id" => "evt_3T5mjyRz6rKcQpf615Pkyc0O", "object" => "event", "api_version" => "2026-02-25.clover", "created" => 1772282129, "data" => {"object" => {"id" => "ch_3T5mjyRz6rKcQpf61wF6E2Ge", "object" => "charge", "amount" => 3000, "amount_captured" => 3000, "amount_refunded" => 0, "application" => nil, "application_fee" => nil, "application_fee_amount" => nil, "balance_transaction" => "txn_3T5mjyRz6rKcQpf616QBgY31", "billing_details" => {"address" => {"city" => "South San Francisco", "country" => "US", "line1" => "354 Oyster Point Blvd", "line2" => nil, "postal_code" => "94080", "state" => "CA"}, "email" => "[FILTERED]", "name" => "Jenny Rosen", "phone" => nil, "tax_id" => nil}, "calculated_statement_descriptor" => "Stripe", "captured" => true, "created" => 1772282126, "currency" => "usd", "customer" => nil, "description" => nil, "destination" => nil, "dispute" => nil, "disputed" => false, "failure_balance_transaction" => nil, "failure_code" => nil, "failure_message" => nil, "fraud_details" => {}, "livemode" => false, "metadata" => {}, "on_behalf_of" => nil, "order" => nil, "outcome" => {"advice_code" => nil, "network_advice_code" => nil, "network_decline_code" => nil, "network_status" => "approved_by_network", "reason" => nil, "risk_level" => "normal", "risk_score" => 34, "seller_message" => "Payment complete.", "type" => "authorized"}, "paid" => true, "payment_intent" => "pi_3T5mjyRz6rKcQpf61Pi33eqA", "payment_method" => "pm_1T5mjxRz6rKcQpf6J1nN1x1w", "payment_method_details" => {"card" => {"amount_authorized" => 3000, "authorization_code" => "896440", "brand" => "visa", "checks" => {"address_line1_check" => "pass", "address_postal_code_check" => "pass", "cvc_check" => "[FILTERED]"}, "country" => "US", "exp_month" => 2, "exp_year" => 2027, "extended_authorization" => {"status" => "disabled"}, "fingerprint" => "40hDXqxdHP2V7XSG", "funding" => "credit", "incremental_authorization" => {"status" => "unavailable"}, "installments" => nil, "last4" => "4242", "mandate" => nil, "multicapture" => {"status" => "unavailable"}, "network" => "visa", "network_token" => "[FILTERED]", "network_transaction_id" => "524810468881131", "overcapture" => {"maximum_amount_capturable" => 3000, "status" => "unavailable"}, "regulated_status" => "unregulated", "three_d_secure" => nil, "wallet" => nil}, "type" => "card"}, "radar_options" => {}, "receipt_email" => "[FILTERED]", "receipt_number" => nil, "receipt_url" => "https://pay.stripe.com/receipts/payment/CAcaFwoVYWNjdF8xVDVtTE9SejZyS2NRcGY2KJHCi80GMgYfu6kOqkQ6LBYqx0T4Yc_i0KLaQJ-epGFN5S7jHjqzbA2K2V-KyTfuo5Yb2cjuWWE5AU6-", "refunded" => false, "review" => nil, "shipping" => {"address" => {"city" => "San Francisco", "country" => "US", "line1" => "510 Townsend St", "line2" => nil, "postal_code" => "94103", "state" => "CA"}, "carrier" => nil, "name" => "Jenny Rosen", "phone" => nil, "tracking_number" => nil}, "source" => nil, "source_transfer" => nil, "statement_descriptor" => nil, "statement_descriptor_suffix" => nil, "status" => "succeeded", "transfer_data" => nil, "transfer_group" => nil}, "previous_attributes" => {"balance_transaction" => nil, "receipt_url" => "https://pay.stripe.com/receipts/payment/CAcaFwoVYWNjdF8xVDVtTE9SejZyS2NRcGY2KJHCi80GMgaTXKo4SbI6LBYahrqTQ6dJcw9AnySYQiLhaV1ZzADOu9DFpXBKvArA_39aJGfuGkM3f3SX"}}, "livemode" => false, "pending_webhooks" => 2, "request" => {"id" => nil, "idempotency_key" => "[FILTERED]"}, "type" => "charge.updated"}}
Completed 500 Internal Server Error in 7ms (ActiveRecord: 0.0ms (0 queries, 0 cached) | GC: 0.0ms)


  
KeyError (key not found: "STRIPE_WEBHOOK_SECRET"):
  
app/controllers/webhooks_controller.rb:9:in 'fetch'
app/controllers/webhooks_controller.rb:9:in 'WebhooksController#stripe'
[dotenv] Set [36mDB_PASSWORD[0m, [36mDB_USERNAME[0m, [36mSTRIPE_PRICE_BASIC[0m, [36mSTRIPE_PRICE_PRO[0m, [36mSTRIPE_SECRET_KEY[0m, [36mSTRIPE_WEBHOOK_SECRET[0m, [36mSUPER_ADMIN_PASSWORD[0m
[dotenv] Loaded [33m.env[0m
  [1m[36mOrganization Load (1.8ms)[0m  [1m[34mSELECT "organizations".* FROM "organizations" WHERE "organizations"."id" = 1 LIMIT 1 /*application='MeetingRails'*/[0m
  [1m[36mSubscription Load (2.6ms)[0m  [1m[34mSELECT "subscriptions".* FROM "subscriptions" WHERE "subscriptions"."organization_id" = 1 LIMIT 1 /*application='MeetingRails'*/[0m
  [1m[36mPlan Load (1.3ms)[0m  [1m[34mSELECT "plans".* FROM "plans" WHERE "plans"."id" = 1 LIMIT 1 /*application='MeetingRails'*/[0m
Started POST "/webhooks/stripe" for ::1 at 2026-02-28 21:36:24 +0900
Started POST "/webhooks/stripe" for ::1 at 2026-02-28 21:36:24 +0900
Processing by WebhooksController#stripe as XML
Processing by WebhooksController#stripe as XML
  Parameters: {"id" => "evt_1T5mksRz6rKcQpf6cThSsHBM", "object" => "event", "api_version" => "2026-02-25.clover", "created" => 1772282182, "data" => {"object" => {"id" => "prod_U3ua1yfDwCj0Zq", "object" => "product", "active" => true, "attributes" => [], "created" => 1772282182, "default_price" => nil, "description" => "(created by Stripe CLI)", "images" => [], "livemode" => false, "marketing_features" => [], "metadata" => {}, "name" => "myproduct", "package_dimensions" => nil, "shippable" => nil, "statement_descriptor" => nil, "tax_code" => nil, "type" => "service", "unit_label" => nil, "updated" => 1772282182, "url" => nil}}, "livemode" => false, "pending_webhooks" => 2, "request" => {"id" => "req_CSrA6ifCtbo0gs", "idempotency_key" => "[FILTERED]"}, "type" => "product.created", "webhook" => {"id" => "evt_1T5mksRz6rKcQpf6cThSsHBM", "object" => "event", "api_version" => "2026-02-25.clover", "created" => 1772282182, "data" => {"object" => {"id" => "prod_U3ua1yfDwCj0Zq", "object" => "product", "active" => true, "attributes" => [], "created" => 1772282182, "default_price" => nil, "description" => "(created by Stripe CLI)", "images" => [], "livemode" => false, "marketing_features" => [], "metadata" => {}, "name" => "myproduct", "package_dimensions" => nil, "shippable" => nil, "statement_descriptor" => nil, "tax_code" => nil, "type" => "service", "unit_label" => nil, "updated" => 1772282182, "url" => nil}}, "livemode" => false, "pending_webhooks" => 2, "request" => {"id" => "req_CSrA6ifCtbo0gs", "idempotency_key" => "[FILTERED]"}, "type" => "product.created"}}
  Parameters: {"id" => "evt_1T5mktRz6rKcQpf68yTstVzl", "object" => "event", "api_version" => "2026-02-25.clover", "created" => 1772282183, "data" => {"object" => {"id" => "price_1T5mktRz6rKcQpf6IfUIXBA5", "object" => "price", "active" => true, "billing_scheme" => "per_unit", "created" => 1772282183, "currency" => "usd", "custom_unit_amount" => nil, "livemode" => false, "lookup_key" => "[FILTERED]", "metadata" => {}, "nickname" => nil, "product" => "prod_U3ua1yfDwCj0Zq", "recurring" => nil, "tax_behavior" => "unspecified", "tiers_mode" => nil, "transform_quantity" => nil, "type" => "one_time", "unit_amount" => 1500, "unit_amount_decimal" => "1500"}}, "livemode" => false, "pending_webhooks" => 2, "request" => {"id" => "req_fiv9ArdYYzEnhU", "idempotency_key" => "[FILTERED]"}, "type" => "price.created", "webhook" => {"id" => "evt_1T5mktRz6rKcQpf68yTstVzl", "object" => "event", "api_version" => "2026-02-25.clover", "created" => 1772282183, "data" => {"object" => {"id" => "price_1T5mktRz6rKcQpf6IfUIXBA5", "object" => "price", "active" => true, "billing_scheme" => "per_unit", "created" => 1772282183, "currency" => "usd", "custom_unit_amount" => nil, "livemode" => false, "lookup_key" => "[FILTERED]", "metadata" => {}, "nickname" => nil, "product" => "prod_U3ua1yfDwCj0Zq", "recurring" => nil, "tax_behavior" => "unspecified", "tiers_mode" => nil, "transform_quantity" => nil, "type" => "one_time", "unit_amount" => 1500, "unit_amount_decimal" => "1500"}}, "livemode" => false, "pending_webhooks" => 2, "request" => {"id" => "req_fiv9ArdYYzEnhU", "idempotency_key" => "[FILTERED]"}, "type" => "price.created"}}
Completed 200 OK in 29ms (Views: 0.2ms | ActiveRecord: 0.0ms (0 queries, 0 cached) | GC: 0.0ms)


Completed 200 OK in 33ms (Views: 0.1ms | ActiveRecord: 0.0ms (0 queries, 0 cached) | GC: 0.0ms)


Started POST "/webhooks/stripe" for ::1 at 2026-02-28 21:36:26 +0900
Processing by WebhooksController#stripe as XML
  Parameters: {"id" => "evt_3T5mkvRz6rKcQpf60lz6qJof", "object" => "event", "api_version" => "2026-02-25.clover", "created" => 1772282185, "data" => {"object" => {"id" => "ch_3T5mkvRz6rKcQpf6041SBGTr", "object" => "charge", "amount" => 3000, "amount_captured" => 3000, "amount_refunded" => 0, "application" => nil, "application_fee" => nil, "application_fee_amount" => nil, "balance_transaction" => nil, "billing_details" => {"address" => {"city" => "South San Francisco", "country" => "US", "line1" => "354 Oyster Point Blvd", "line2" => nil, "postal_code" => "94080", "state" => "CA"}, "email" => "[FILTERED]", "name" => "Jenny Rosen", "phone" => nil, "tax_id" => nil}, "calculated_statement_descriptor" => "Stripe", "captured" => true, "created" => 1772282185, "currency" => "usd", "customer" => nil, "description" => nil, "destination" => nil, "dispute" => nil, "disputed" => false, "failure_balance_transaction" => nil, "failure_code" => nil, "failure_message" => nil, "fraud_details" => {}, "livemode" => false, "metadata" => {}, "on_behalf_of" => nil, "order" => nil, "outcome" => {"advice_code" => nil, "network_advice_code" => nil, "network_decline_code" => nil, "network_status" => "approved_by_network", "reason" => nil, "risk_level" => "normal", "risk_score" => 20, "seller_message" => "Payment complete.", "type" => "authorized"}, "paid" => true, "payment_intent" => "pi_3T5mkvRz6rKcQpf60MrN7QxZ", "payment_method" => "pm_1T5mkuRz6rKcQpf6Nc0IWc0g", "payment_method_details" => {"card" => {"amount_authorized" => 3000, "authorization_code" => "314395", "brand" => "visa", "checks" => {"address_line1_check" => "pass", "address_postal_code_check" => "pass", "cvc_check" => "[FILTERED]"}, "country" => "US", "exp_month" => 2, "exp_year" => 2027, "extended_authorization" => {"status" => "disabled"}, "fingerprint" => "40hDXqxdHP2V7XSG", "funding" => "credit", "incremental_authorization" => {"status" => "unavailable"}, "installments" => nil, "last4" => "4242", "mandate" => nil, "multicapture" => {"status" => "unavailable"}, "network" => "visa", "network_token" => "[FILTERED]", "network_transaction_id" => "524810468881131", "overcapture" => {"maximum_amount_capturable" => 3000, "status" => "unavailable"}, "regulated_status" => "unregulated", "three_d_secure" => nil, "wallet" => nil}, "type" => "card"}, "radar_options" => {}, "receipt_email" => "[FILTERED]", "receipt_number" => nil, "receipt_url" => "https://pay.stripe.com/receipts/payment/CAcaFwoVYWNjdF8xVDVtTE9SejZyS2NRcGY2KMrCi80GMgZXQM9GEgs6LBZ2EA6PaUxkPOA9GOdtO1rFeBkzVCV3s1nu8dVL_gsvHoKo7B_EQ7QR9hsy", "refunded" => false, "review" => nil, "shipping" => {"address" => {"city" => "San Francisco", "country" => "US", "line1" => "510 Townsend St", "line2" => nil, "postal_code" => "94103", "state" => "CA"}, "carrier" => nil, "name" => "Jenny Rosen", "phone" => nil, "tracking_number" => nil}, "source" => nil, "source_transfer" => nil, "statement_descriptor" => nil, "statement_descriptor_suffix" => nil, "status" => "succeeded", "transfer_data" => nil, "transfer_group" => nil}}, "livemode" => false, "pending_webhooks" => 2, "request" => {"id" => nil, "idempotency_key" => "[FILTERED]"}, "type" => "charge.succeeded", "webhook" => {"id" => "evt_3T5mkvRz6rKcQpf60lz6qJof", "object" => "event", "api_version" => "2026-02-25.clover", "created" => 1772282185, "data" => {"object" => {"id" => "ch_3T5mkvRz6rKcQpf6041SBGTr", "object" => "charge", "amount" => 3000, "amount_captured" => 3000, "amount_refunded" => 0, "application" => nil, "application_fee" => nil, "application_fee_amount" => nil, "balance_transaction" => nil, "billing_details" => {"address" => {"city" => "South San Francisco", "country" => "US", "line1" => "354 Oyster Point Blvd", "line2" => nil, "postal_code" => "94080", "state" => "CA"}, "email" => "[FILTERED]", "name" => "Jenny Rosen", "phone" => nil, "tax_id" => nil}, "calculated_statement_descriptor" => "Stripe", "captured" => true, "created" => 1772282185, "currency" => "usd", "customer" => nil, "description" => nil, "destination" => nil, "dispute" => nil, "disputed" => false, "failure_balance_transaction" => nil, "failure_code" => nil, "failure_message" => nil, "fraud_details" => {}, "livemode" => false, "metadata" => {}, "on_behalf_of" => nil, "order" => nil, "outcome" => {"advice_code" => nil, "network_advice_code" => nil, "network_decline_code" => nil, "network_status" => "approved_by_network", "reason" => nil, "risk_level" => "normal", "risk_score" => 20, "seller_message" => "Payment complete.", "type" => "authorized"}, "paid" => true, "payment_intent" => "pi_3T5mkvRz6rKcQpf60MrN7QxZ", "payment_method" => "pm_1T5mkuRz6rKcQpf6Nc0IWc0g", "payment_method_details" => {"card" => {"amount_authorized" => 3000, "authorization_code" => "314395", "brand" => "visa", "checks" => {"address_line1_check" => "pass", "address_postal_code_check" => "pass", "cvc_check" => "[FILTERED]"}, "country" => "US", "exp_month" => 2, "exp_year" => 2027, "extended_authorization" => {"status" => "disabled"}, "fingerprint" => "40hDXqxdHP2V7XSG", "funding" => "credit", "incremental_authorization" => {"status" => "unavailable"}, "installments" => nil, "last4" => "4242", "mandate" => nil, "multicapture" => {"status" => "unavailable"}, "network" => "visa", "network_token" => "[FILTERED]", "network_transaction_id" => "524810468881131", "overcapture" => {"maximum_amount_capturable" => 3000, "status" => "unavailable"}, "regulated_status" => "unregulated", "three_d_secure" => nil, "wallet" => nil}, "type" => "card"}, "radar_options" => {}, "receipt_email" => "[FILTERED]", "receipt_number" => nil, "receipt_url" => "https://pay.stripe.com/receipts/payment/CAcaFwoVYWNjdF8xVDVtTE9SejZyS2NRcGY2KMrCi80GMgZXQM9GEgs6LBZ2EA6PaUxkPOA9GOdtO1rFeBkzVCV3s1nu8dVL_gsvHoKo7B_EQ7QR9hsy", "refunded" => false, "review" => nil, "shipping" => {"address" => {"city" => "San Francisco", "country" => "US", "line1" => "510 Townsend St", "line2" => nil, "postal_code" => "94103", "state" => "CA"}, "carrier" => nil, "name" => "Jenny Rosen", "phone" => nil, "tracking_number" => nil}, "source" => nil, "source_transfer" => nil, "statement_descriptor" => nil, "statement_descriptor_suffix" => nil, "status" => "succeeded", "transfer_data" => nil, "transfer_group" => nil}}, "livemode" => false, "pending_webhooks" => 2, "request" => {"id" => nil, "idempotency_key" => "[FILTERED]"}, "type" => "charge.succeeded"}}
Completed 200 OK in 21ms (Views: 0.1ms | ActiveRecord: 0.0ms (0 queries, 0 cached) | GC: 0.0ms)


Started POST "/webhooks/stripe" for ::1 at 2026-02-28 21:36:26 +0900
Processing by WebhooksController#stripe as XML
  Parameters: {"id" => "evt_3T5mkvRz6rKcQpf60WXWfdp3", "object" => "event", "api_version" => "2026-02-25.clover", "created" => 1772282185, "data" => {"object" => {"id" => "pi_3T5mkvRz6rKcQpf60MrN7QxZ", "object" => "payment_intent", "amount" => 3000, "amount_capturable" => 0, "amount_details" => {"shipping" => {"amount" => 0, "from_postal_code" => nil, "to_postal_code" => nil}, "tax" => {"total_tax_amount" => 0}, "tip" => {}}, "amount_received" => 3000, "application" => nil, "application_fee_amount" => nil, "automatic_payment_methods" => nil, "canceled_at" => nil, "cancellation_reason" => nil, "capture_method" => "automatic_async", "client_secret" => "[FILTERED]", "confirmation_method" => "automatic", "created" => 1772282185, "currency" => "usd", "customer" => nil, "customer_account" => nil, "description" => nil, "excluded_payment_method_types" => nil, "last_payment_error" => nil, "latest_charge" => "ch_3T5mkvRz6rKcQpf6041SBGTr", "livemode" => false, "metadata" => {}, "next_action" => nil, "on_behalf_of" => nil, "payment_details" => {"customer_reference" => nil, "order_reference" => "cs_test_a1Vpoa6Zh6fDCmKYLOKHpaQgzdgoYxllYqGCBpMHmhriYm1BCMXcglMoqi"}, "payment_method" => "pm_1T5mkuRz6rKcQpf6Nc0IWc0g", "payment_method_configuration_details" => nil, "payment_method_options" => {"card" => {"installments" => nil, "mandate_options" => nil, "network" => nil, "request_three_d_secure" => "automatic"}}, "payment_method_types" => ["card"], "processing" => nil, "receipt_email" => "[FILTERED]", "review" => nil, "setup_future_usage" => nil, "shipping" => {"address" => {"city" => "San Francisco", "country" => "US", "line1" => "510 Townsend St", "line2" => nil, "postal_code" => "94103", "state" => "CA"}, "carrier" => nil, "name" => "Jenny Rosen", "phone" => nil, "tracking_number" => nil}, "source" => nil, "statement_descriptor" => nil, "statement_descriptor_suffix" => nil, "status" => "succeeded", "transfer_data" => nil, "transfer_group" => nil}}, "livemode" => false, "pending_webhooks" => 2, "request" => {"id" => nil, "idempotency_key" => "[FILTERED]"}, "type" => "payment_intent.succeeded", "webhook" => {"id" => "evt_3T5mkvRz6rKcQpf60WXWfdp3", "object" => "event", "api_version" => "2026-02-25.clover", "created" => 1772282185, "data" => {"object" => {"id" => "pi_3T5mkvRz6rKcQpf60MrN7QxZ", "object" => "payment_intent", "amount" => 3000, "amount_capturable" => 0, "amount_details" => {"shipping" => {"amount" => 0, "from_postal_code" => nil, "to_postal_code" => nil}, "tax" => {"total_tax_amount" => 0}, "tip" => {}}, "amount_received" => 3000, "application" => nil, "application_fee_amount" => nil, "automatic_payment_methods" => nil, "canceled_at" => nil, "cancellation_reason" => nil, "capture_method" => "automatic_async", "client_secret" => "[FILTERED]", "confirmation_method" => "automatic", "created" => 1772282185, "currency" => "usd", "customer" => nil, "customer_account" => nil, "description" => nil, "excluded_payment_method_types" => nil, "last_payment_error" => nil, "latest_charge" => "ch_3T5mkvRz6rKcQpf6041SBGTr", "livemode" => false, "metadata" => {}, "next_action" => nil, "on_behalf_of" => nil, "payment_details" => {"customer_reference" => nil, "order_reference" => "cs_test_a1Vpoa6Zh6fDCmKYLOKHpaQgzdgoYxllYqGCBpMHmhriYm1BCMXcglMoqi"}, "payment_method" => "pm_1T5mkuRz6rKcQpf6Nc0IWc0g", "payment_method_configuration_details" => nil, "payment_method_options" => {"card" => {"installments" => nil, "mandate_options" => nil, "network" => nil, "request_three_d_secure" => "automatic"}}, "payment_method_types" => ["card"], "processing" => nil, "receipt_email" => "[FILTERED]", "review" => nil, "setup_future_usage" => nil, "shipping" => {"address" => {"city" => "San Francisco", "country" => "US", "line1" => "510 Townsend St", "line2" => nil, "postal_code" => "94103", "state" => "CA"}, "carrier" => nil, "name" => "Jenny Rosen", "phone" => nil, "tracking_number" => nil}, "source" => nil, "statement_descriptor" => nil, "statement_descriptor_suffix" => nil, "status" => "succeeded", "transfer_data" => nil, "transfer_group" => nil}}, "livemode" => false, "pending_webhooks" => 2, "request" => {"id" => nil, "idempotency_key" => "[FILTERED]"}, "type" => "payment_intent.succeeded"}}
Completed 200 OK in 10ms (Views: 0.1ms | ActiveRecord: 0.0ms (0 queries, 0 cached) | GC: 0.0ms)


Started POST "/webhooks/stripe" for ::1 at 2026-02-28 21:36:26 +0900
Started POST "/webhooks/stripe" for ::1 at 2026-02-28 21:36:26 +0900
Processing by WebhooksController#stripe as XML
  Parameters: {"id" => "evt_3T5mkvRz6rKcQpf60gqsiInU", "object" => "event", "api_version" => "2026-02-25.clover", "created" => 1772282185, "data" => {"object" => {"id" => "pi_3T5mkvRz6rKcQpf60MrN7QxZ", "object" => "payment_intent", "amount" => 3000, "amount_capturable" => 0, "amount_details" => {"tip" => {}}, "amount_received" => 0, "application" => nil, "application_fee_amount" => nil, "automatic_payment_methods" => nil, "canceled_at" => nil, "cancellation_reason" => nil, "capture_method" => "automatic_async", "client_secret" => "[FILTERED]", "confirmation_method" => "automatic", "created" => 1772282185, "currency" => "usd", "customer" => nil, "customer_account" => nil, "description" => nil, "excluded_payment_method_types" => nil, "last_payment_error" => nil, "latest_charge" => nil, "livemode" => false, "metadata" => {}, "next_action" => nil, "on_behalf_of" => nil, "payment_method" => nil, "payment_method_configuration_details" => nil, "payment_method_options" => {"card" => {"installments" => nil, "mandate_options" => nil, "network" => nil, "request_three_d_secure" => "automatic"}}, "payment_method_types" => ["card"], "processing" => nil, "receipt_email" => "[FILTERED]", "review" => nil, "setup_future_usage" => nil, "shipping" => {"address" => {"city" => "San Francisco", "country" => "US", "line1" => "510 Townsend St", "line2" => nil, "postal_code" => "94103", "state" => "CA"}, "carrier" => nil, "name" => "Jenny Rosen", "phone" => nil, "tracking_number" => nil}, "source" => nil, "statement_descriptor" => nil, "statement_descriptor_suffix" => nil, "status" => "requires_payment_method", "transfer_data" => nil, "transfer_group" => nil}}, "livemode" => false, "pending_webhooks" => 2, "request" => {"id" => nil, "idempotency_key" => "[FILTERED]"}, "type" => "payment_intent.created", "webhook" => {"id" => "evt_3T5mkvRz6rKcQpf60gqsiInU", "object" => "event", "api_version" => "2026-02-25.clover", "created" => 1772282185, "data" => {"object" => {"id" => "pi_3T5mkvRz6rKcQpf60MrN7QxZ", "object" => "payment_intent", "amount" => 3000, "amount_capturable" => 0, "amount_details" => {"tip" => {}}, "amount_received" => 0, "application" => nil, "application_fee_amount" => nil, "automatic_payment_methods" => nil, "canceled_at" => nil, "cancellation_reason" => nil, "capture_method" => "automatic_async", "client_secret" => "[FILTERED]", "confirmation_method" => "automatic", "created" => 1772282185, "currency" => "usd", "customer" => nil, "customer_account" => nil, "description" => nil, "excluded_payment_method_types" => nil, "last_payment_error" => nil, "latest_charge" => nil, "livemode" => false, "metadata" => {}, "next_action" => nil, "on_behalf_of" => nil, "payment_method" => nil, "payment_method_configuration_details" => nil, "payment_method_options" => {"card" => {"installments" => nil, "mandate_options" => nil, "network" => nil, "request_three_d_secure" => "automatic"}}, "payment_method_types" => ["card"], "processing" => nil, "receipt_email" => "[FILTERED]", "review" => nil, "setup_future_usage" => nil, "shipping" => {"address" => {"city" => "San Francisco", "country" => "US", "line1" => "510 Townsend St", "line2" => nil, "postal_code" => "94103", "state" => "CA"}, "carrier" => nil, "name" => "Jenny Rosen", "phone" => nil, "tracking_number" => nil}, "source" => nil, "statement_descriptor" => nil, "statement_descriptor_suffix" => nil, "status" => "requires_payment_method", "transfer_data" => nil, "transfer_group" => nil}}, "livemode" => false, "pending_webhooks" => 2, "request" => {"id" => nil, "idempotency_key" => "[FILTERED]"}, "type" => "payment_intent.created"}}
Started POST "/webhooks/stripe" for ::1 at 2026-02-28 21:36:26 +0900
Completed 200 OK in 18ms (Views: 0.1ms | ActiveRecord: 0.0ms (0 queries, 0 cached) | GC: 0.0ms)


Processing by WebhooksController#stripe as XML
  Parameters: {"id" => "evt_1T5mkwRz6rKcQpf6HrOoHgeR", "object" => "event", "api_version" => "2026-02-25.clover", "created" => 1772282186, "data" => {"object" => {"id" => "cs_test_a1Vpoa6Zh6fDCmKYLOKHpaQgzdgoYxllYqGCBpMHmhriYm1BCMXcglMoqi", "object" => "checkout.session", "adaptive_pricing" => {"enabled" => true}, "after_expiration" => nil, "allow_promotion_codes" => nil, "amount_subtotal" => 3000, "amount_total" => 3000, "automatic_tax" => {"enabled" => false, "liability" => nil, "provider" => nil, "status" => nil}, "billing_address_collection" => nil, "branding_settings" => {"background_color" => "#ffffff", "border_style" => "rounded", "button_color" => "#0074d4", "display_name" => "New business sandbox", "font_family" => "default", "icon" => nil, "logo" => nil}, "cancel_url" => "https://httpbin.org/post", "client_reference_id" => nil, "client_secret" => "[FILTERED]", "collected_information" => nil, "consent" => nil, "consent_collection" => nil, "created" => 1772282183, "currency" => "usd", "currency_conversion" => nil, "custom_fields" => [], "custom_text" => {"after_submit" => nil, "shipping_address" => nil, "submit" => nil, "terms_of_service_acceptance" => nil}, "customer" => nil, "customer_account" => nil, "customer_creation" => "if_required", "customer_details" => {"address" => {"city" => "South San Francisco", "country" => "US", "line1" => "354 Oyster Point Blvd", "line2" => nil, "postal_code" => "94080", "state" => "CA"}, "business_name" => nil, "email" => "[FILTERED]", "individual_name" => nil, "name" => "Jenny Rosen", "phone" => nil, "tax_exempt" => "none", "tax_ids" => []}, "customer_email" => "[FILTERED]", "discounts" => [], "expires_at" => 1772368583, "invoice" => nil, "invoice_creation" => {"enabled" => false, "invoice_data" => {"account_tax_ids" => nil, "custom_fields" => nil, "description" => nil, "footer" => nil, "issuer" => nil, "metadata" => {}, "rendering_options" => nil}}, "livemode" => false, "locale" => nil, "metadata" => {"plan_id" => "2", "organization_id" => "1"}, "mode" => "payment", "origin_context" => nil, "payment_intent" => "pi_3T5mkvRz6rKcQpf60MrN7QxZ", "payment_link" => nil, "payment_method_collection" => "if_required", "payment_method_configuration_details" => {"id" => "pmc_1T5mLwRz6rKcQpf6eIq6jQX2", "parent" => nil}, "payment_method_options" => {"card" => {"request_three_d_secure" => "automatic"}}, "payment_method_types" => ["card", "klarna", "link", "cashapp", "amazon_pay"], "payment_status" => "paid", "permissions" => nil, "phone_number_collection" => {"enabled" => false}, "recovered_from" => nil, "saved_payment_method_options" => nil, "setup_intent" => nil, "shipping_address_collection" => nil, "shipping_cost" => nil, "shipping_options" => [], "status" => "complete", "submit_type" => nil, "subscription" => nil, "success_url" => "https://httpbin.org/post", "total_details" => {"amount_discount" => 0, "amount_shipping" => 0, "amount_tax" => 0}, "ui_mode" => "hosted", "url" => nil, "wallet_options" => nil}}, "livemode" => false, "pending_webhooks" => 2, "request" => {"id" => nil, "idempotency_key" => "[FILTERED]"}, "type" => "checkout.session.completed", "webhook" => {"id" => "evt_1T5mkwRz6rKcQpf6HrOoHgeR", "object" => "event", "api_version" => "2026-02-25.clover", "created" => 1772282186, "data" => {"object" => {"id" => "cs_test_a1Vpoa6Zh6fDCmKYLOKHpaQgzdgoYxllYqGCBpMHmhriYm1BCMXcglMoqi", "object" => "checkout.session", "adaptive_pricing" => {"enabled" => true}, "after_expiration" => nil, "allow_promotion_codes" => nil, "amount_subtotal" => 3000, "amount_total" => 3000, "automatic_tax" => {"enabled" => false, "liability" => nil, "provider" => nil, "status" => nil}, "billing_address_collection" => nil, "branding_settings" => {"background_color" => "#ffffff", "border_style" => "rounded", "button_color" => "#0074d4", "display_name" => "New business sandbox", "font_family" => "default", "icon" => nil, "logo" => nil}, "cancel_url" => "https://httpbin.org/post", "client_reference_id" => nil, "client_secret" => "[FILTERED]", "collected_information" => nil, "consent" => nil, "consent_collection" => nil, "created" => 1772282183, "currency" => "usd", "currency_conversion" => nil, "custom_fields" => [], "custom_text" => {"after_submit" => nil, "shipping_address" => nil, "submit" => nil, "terms_of_service_acceptance" => nil}, "customer" => nil, "customer_account" => nil, "customer_creation" => "if_required", "customer_details" => {"address" => {"city" => "South San Francisco", "country" => "US", "line1" => "354 Oyster Point Blvd", "line2" => nil, "postal_code" => "94080", "state" => "CA"}, "business_name" => nil, "email" => "[FILTERED]", "individual_name" => nil, "name" => "Jenny Rosen", "phone" => nil, "tax_exempt" => "none", "tax_ids" => []}, "customer_email" => "[FILTERED]", "discounts" => [], "expires_at" => 1772368583, "invoice" => nil, "invoice_creation" => {"enabled" => false, "invoice_data" => {"account_tax_ids" => nil, "custom_fields" => nil, "description" => nil, "footer" => nil, "issuer" => nil, "metadata" => {}, "rendering_options" => nil}}, "livemode" => false, "locale" => nil, "metadata" => {"plan_id" => "2", "organization_id" => "1"}, "mode" => "payment", "origin_context" => nil, "payment_intent" => "pi_3T5mkvRz6rKcQpf60MrN7QxZ", "payment_link" => nil, "payment_method_collection" => "if_required", "payment_method_configuration_details" => {"id" => "pmc_1T5mLwRz6rKcQpf6eIq6jQX2", "parent" => nil}, "payment_method_options" => {"card" => {"request_three_d_secure" => "automatic"}}, "payment_method_types" => ["card", "klarna", "link", "cashapp", "amazon_pay"], "payment_status" => "paid", "permissions" => nil, "phone_number_collection" => {"enabled" => false}, "recovered_from" => nil, "saved_payment_method_options" => nil, "setup_intent" => nil, "shipping_address_collection" => nil, "shipping_cost" => nil, "shipping_options" => [], "status" => "complete", "submit_type" => nil, "subscription" => nil, "success_url" => "https://httpbin.org/post", "total_details" => {"amount_discount" => 0, "amount_shipping" => 0, "amount_tax" => 0}, "ui_mode" => "hosted", "url" => nil, "wallet_options" => nil}}, "livemode" => false, "pending_webhooks" => 2, "request" => {"id" => nil, "idempotency_key" => "[FILTERED]"}, "type" => "checkout.session.completed"}}
Processing by WebhooksController#stripe as XML
  Parameters: {"id" => "evt_1T5mkwRz6rKcQpf6HrOoHgeR", "object" => "event", "api_version" => "2026-02-25.clover", "created" => 1772282186, "data" => {"object" => {"id" => "cs_test_a1Vpoa6Zh6fDCmKYLOKHpaQgzdgoYxllYqGCBpMHmhriYm1BCMXcglMoqi", "object" => "checkout.session", "adaptive_pricing" => {"enabled" => true}, "after_expiration" => nil, "allow_promotion_codes" => nil, "amount_subtotal" => 3000, "amount_total" => 3000, "automatic_tax" => {"enabled" => false, "liability" => nil, "provider" => nil, "status" => nil}, "billing_address_collection" => nil, "branding_settings" => {"background_color" => "#ffffff", "border_style" => "rounded", "button_color" => "#0074d4", "display_name" => "New business sandbox", "font_family" => "default", "icon" => nil, "logo" => nil}, "cancel_url" => "https://httpbin.org/post", "client_reference_id" => nil, "client_secret" => "[FILTERED]", "collected_information" => nil, "consent" => nil, "consent_collection" => nil, "created" => 1772282183, "currency" => "usd", "currency_conversion" => nil, "custom_fields" => [], "custom_text" => {"after_submit" => nil, "shipping_address" => nil, "submit" => nil, "terms_of_service_acceptance" => nil}, "customer" => nil, "customer_account" => nil, "customer_creation" => "if_required", "customer_details" => {"address" => {"city" => "South San Francisco", "country" => "US", "line1" => "354 Oyster Point Blvd", "line2" => nil, "postal_code" => "94080", "state" => "CA"}, "business_name" => nil, "email" => "[FILTERED]", "individual_name" => nil, "name" => "Jenny Rosen", "phone" => nil, "tax_exempt" => "none", "tax_ids" => []}, "customer_email" => "[FILTERED]", "discounts" => [], "expires_at" => 1772368583, "invoice" => nil, "invoice_creation" => {"enabled" => false, "invoice_data" => {"account_tax_ids" => nil, "custom_fields" => nil, "description" => nil, "footer" => nil, "issuer" => nil, "metadata" => {}, "rendering_options" => nil}}, "livemode" => false, "locale" => nil, "metadata" => {"plan_id" => "2", "organization_id" => "1"}, "mode" => "payment", "origin_context" => nil, "payment_intent" => "pi_3T5mkvRz6rKcQpf60MrN7QxZ", "payment_link" => nil, "payment_method_collection" => "if_required", "payment_method_configuration_details" => {"id" => "pmc_1T5mLwRz6rKcQpf6eIq6jQX2", "parent" => nil}, "payment_method_options" => {"card" => {"request_three_d_secure" => "automatic"}}, "payment_method_types" => ["card", "klarna", "link", "cashapp", "amazon_pay"], "payment_status" => "paid", "permissions" => nil, "phone_number_collection" => {"enabled" => false}, "recovered_from" => nil, "saved_payment_method_options" => nil, "setup_intent" => nil, "shipping_address_collection" => nil, "shipping_cost" => nil, "shipping_options" => [], "status" => "complete", "submit_type" => nil, "subscription" => nil, "success_url" => "https://httpbin.org/post", "total_details" => {"amount_discount" => 0, "amount_shipping" => 0, "amount_tax" => 0}, "ui_mode" => "hosted", "url" => nil, "wallet_options" => nil}}, "livemode" => false, "pending_webhooks" => 2, "request" => {"id" => nil, "idempotency_key" => "[FILTERED]"}, "type" => "checkout.session.completed", "webhook" => {"id" => "evt_1T5mkwRz6rKcQpf6HrOoHgeR", "object" => "event", "api_version" => "2026-02-25.clover", "created" => 1772282186, "data" => {"object" => {"id" => "cs_test_a1Vpoa6Zh6fDCmKYLOKHpaQgzdgoYxllYqGCBpMHmhriYm1BCMXcglMoqi", "object" => "checkout.session", "adaptive_pricing" => {"enabled" => true}, "after_expiration" => nil, "allow_promotion_codes" => nil, "amount_subtotal" => 3000, "amount_total" => 3000, "automatic_tax" => {"enabled" => false, "liability" => nil, "provider" => nil, "status" => nil}, "billing_address_collection" => nil, "branding_settings" => {"background_color" => "#ffffff", "border_style" => "rounded", "button_color" => "#0074d4", "display_name" => "New business sandbox", "font_family" => "default", "icon" => nil, "logo" => nil}, "cancel_url" => "https://httpbin.org/post", "client_reference_id" => nil, "client_secret" => "[FILTERED]", "collected_information" => nil, "consent" => nil, "consent_collection" => nil, "created" => 1772282183, "currency" => "usd", "currency_conversion" => nil, "custom_fields" => [], "custom_text" => {"after_submit" => nil, "shipping_address" => nil, "submit" => nil, "terms_of_service_acceptance" => nil}, "customer" => nil, "customer_account" => nil, "customer_creation" => "if_required", "customer_details" => {"address" => {"city" => "South San Francisco", "country" => "US", "line1" => "354 Oyster Point Blvd", "line2" => nil, "postal_code" => "94080", "state" => "CA"}, "business_name" => nil, "email" => "[FILTERED]", "individual_name" => nil, "name" => "Jenny Rosen", "phone" => nil, "tax_exempt" => "none", "tax_ids" => []}, "customer_email" => "[FILTERED]", "discounts" => [], "expires_at" => 1772368583, "invoice" => nil, "invoice_creation" => {"enabled" => false, "invoice_data" => {"account_tax_ids" => nil, "custom_fields" => nil, "description" => nil, "footer" => nil, "issuer" => nil, "metadata" => {}, "rendering_options" => nil}}, "livemode" => false, "locale" => nil, "metadata" => {"plan_id" => "2", "organization_id" => "1"}, "mode" => "payment", "origin_context" => nil, "payment_intent" => "pi_3T5mkvRz6rKcQpf60MrN7QxZ", "payment_link" => nil, "payment_method_collection" => "if_required", "payment_method_configuration_details" => {"id" => "pmc_1T5mLwRz6rKcQpf6eIq6jQX2", "parent" => nil}, "payment_method_options" => {"card" => {"request_three_d_secure" => "automatic"}}, "payment_method_types" => ["card", "klarna", "link", "cashapp", "amazon_pay"], "payment_status" => "paid", "permissions" => nil, "phone_number_collection" => {"enabled" => false}, "recovered_from" => nil, "saved_payment_method_options" => nil, "setup_intent" => nil, "shipping_address_collection" => nil, "shipping_cost" => nil, "shipping_options" => [], "status" => "complete", "submit_type" => nil, "subscription" => nil, "success_url" => "https://httpbin.org/post", "total_details" => {"amount_discount" => 0, "amount_shipping" => 0, "amount_tax" => 0}, "ui_mode" => "hosted", "url" => nil, "wallet_options" => nil}}, "livemode" => false, "pending_webhooks" => 2, "request" => {"id" => nil, "idempotency_key" => "[FILTERED]"}, "type" => "checkout.session.completed"}}
  [1m[36mOrganization Load (135.4ms)[0m  [1m[34mSELECT "organizations".* FROM "organizations" WHERE "organizations"."id" = 1 LIMIT 1 /*action='stripe',application='MeetingRails',controller='webhooks'*/[0m
  ↳ app/controllers/webhooks_controller.rb:31:in 'WebhooksController#handle_checkout_completed'
Completed 500 Internal Server Error in 155ms (ActiveRecord: 143.0ms (1 query, 0 cached) | GC: 0.0ms)


  
NameError (uninitialized constant WebhooksController::StripeSubscriptionSync):
  
app/controllers/webhooks_controller.rb:34:in 'WebhooksController#handle_checkout_completed'
app/controllers/webhooks_controller.rb:14:in 'WebhooksController#stripe'
  [1m[36mOrganization Load (151.2ms)[0m  [1m[34mSELECT "organizations".* FROM "organizations" WHERE "organizations"."id" = 1 LIMIT 1 /*action='stripe',application='MeetingRails',controller='webhooks'*/[0m
  ↳ app/controllers/webhooks_controller.rb:31:in 'WebhooksController#handle_checkout_completed'
Completed 500 Internal Server Error in 168ms (ActiveRecord: 164.1ms (1 query, 0 cached) | GC: 0.0ms)


  
NameError (uninitialized constant WebhooksController::StripeSubscriptionSync):
  
app/controllers/webhooks_controller.rb:34:in 'WebhooksController#handle_checkout_completed'
app/controllers/webhooks_controller.rb:14:in 'WebhooksController#stripe'
Started POST "/webhooks/stripe" for ::1 at 2026-02-28 21:36:28 +0900
Processing by WebhooksController#stripe as XML
  Parameters: {"id" => "evt_3T5mkvRz6rKcQpf60RQFORI8", "object" => "event", "api_version" => "2026-02-25.clover", "created" => 1772282188, "data" => {"object" => {"id" => "ch_3T5mkvRz6rKcQpf6041SBGTr", "object" => "charge", "amount" => 3000, "amount_captured" => 3000, "amount_refunded" => 0, "application" => nil, "application_fee" => nil, "application_fee_amount" => nil, "balance_transaction" => "txn_3T5mkvRz6rKcQpf60WgNTixg", "billing_details" => {"address" => {"city" => "South San Francisco", "country" => "US", "line1" => "354 Oyster Point Blvd", "line2" => nil, "postal_code" => "94080", "state" => "CA"}, "email" => "[FILTERED]", "name" => "Jenny Rosen", "phone" => nil, "tax_id" => nil}, "calculated_statement_descriptor" => "Stripe", "captured" => true, "created" => 1772282185, "currency" => "usd", "customer" => nil, "description" => nil, "destination" => nil, "dispute" => nil, "disputed" => false, "failure_balance_transaction" => nil, "failure_code" => nil, "failure_message" => nil, "fraud_details" => {}, "livemode" => false, "metadata" => {}, "on_behalf_of" => nil, "order" => nil, "outcome" => {"advice_code" => nil, "network_advice_code" => nil, "network_decline_code" => nil, "network_status" => "approved_by_network", "reason" => nil, "risk_level" => "normal", "risk_score" => 20, "seller_message" => "Payment complete.", "type" => "authorized"}, "paid" => true, "payment_intent" => "pi_3T5mkvRz6rKcQpf60MrN7QxZ", "payment_method" => "pm_1T5mkuRz6rKcQpf6Nc0IWc0g", "payment_method_details" => {"card" => {"amount_authorized" => 3000, "authorization_code" => "314395", "brand" => "visa", "checks" => {"address_line1_check" => "pass", "address_postal_code_check" => "pass", "cvc_check" => "[FILTERED]"}, "country" => "US", "exp_month" => 2, "exp_year" => 2027, "extended_authorization" => {"status" => "disabled"}, "fingerprint" => "40hDXqxdHP2V7XSG", "funding" => "credit", "incremental_authorization" => {"status" => "unavailable"}, "installments" => nil, "last4" => "4242", "mandate" => nil, "multicapture" => {"status" => "unavailable"}, "network" => "visa", "network_token" => "[FILTERED]", "network_transaction_id" => "524810468881131", "overcapture" => {"maximum_amount_capturable" => 3000, "status" => "unavailable"}, "regulated_status" => "unregulated", "three_d_secure" => nil, "wallet" => nil}, "type" => "card"}, "radar_options" => {}, "receipt_email" => "[FILTERED]", "receipt_number" => nil, "receipt_url" => "https://pay.stripe.com/receipts/payment/CAcaFwoVYWNjdF8xVDVtTE9SejZyS2NRcGY2KMzCi80GMgaWKnehZgk6LBa4itm0YwPm9x9ca69n7BJ-qZP8QrSKQbxibDOfWYNQLDCS2MYye5jbsiso", "refunded" => false, "review" => nil, "shipping" => {"address" => {"city" => "San Francisco", "country" => "US", "line1" => "510 Townsend St", "line2" => nil, "postal_code" => "94103", "state" => "CA"}, "carrier" => nil, "name" => "Jenny Rosen", "phone" => nil, "tracking_number" => nil}, "source" => nil, "source_transfer" => nil, "statement_descriptor" => nil, "statement_descriptor_suffix" => nil, "status" => "succeeded", "transfer_data" => nil, "transfer_group" => nil}, "previous_attributes" => {"balance_transaction" => nil, "receipt_url" => "https://pay.stripe.com/receipts/payment/CAcaFwoVYWNjdF8xVDVtTE9SejZyS2NRcGY2KMzCi80GMga28atScMQ6LBawl9UzCII3nKRwD0zPfZUp9R9vju-31fIqXQA7GMEws1iA7P4F7KtQnphI"}}, "livemode" => false, "pending_webhooks" => 2, "request" => {"id" => nil, "idempotency_key" => "[FILTERED]"}, "type" => "charge.updated", "webhook" => {"id" => "evt_3T5mkvRz6rKcQpf60RQFORI8", "object" => "event", "api_version" => "2026-02-25.clover", "created" => 1772282188, "data" => {"object" => {"id" => "ch_3T5mkvRz6rKcQpf6041SBGTr", "object" => "charge", "amount" => 3000, "amount_captured" => 3000, "amount_refunded" => 0, "application" => nil, "application_fee" => nil, "application_fee_amount" => nil, "balance_transaction" => "txn_3T5mkvRz6rKcQpf60WgNTixg", "billing_details" => {"address" => {"city" => "South San Francisco", "country" => "US", "line1" => "354 Oyster Point Blvd", "line2" => nil, "postal_code" => "94080", "state" => "CA"}, "email" => "[FILTERED]", "name" => "Jenny Rosen", "phone" => nil, "tax_id" => nil}, "calculated_statement_descriptor" => "Stripe", "captured" => true, "created" => 1772282185, "currency" => "usd", "customer" => nil, "description" => nil, "destination" => nil, "dispute" => nil, "disputed" => false, "failure_balance_transaction" => nil, "failure_code" => nil, "failure_message" => nil, "fraud_details" => {}, "livemode" => false, "metadata" => {}, "on_behalf_of" => nil, "order" => nil, "outcome" => {"advice_code" => nil, "network_advice_code" => nil, "network_decline_code" => nil, "network_status" => "approved_by_network", "reason" => nil, "risk_level" => "normal", "risk_score" => 20, "seller_message" => "Payment complete.", "type" => "authorized"}, "paid" => true, "payment_intent" => "pi_3T5mkvRz6rKcQpf60MrN7QxZ", "payment_method" => "pm_1T5mkuRz6rKcQpf6Nc0IWc0g", "payment_method_details" => {"card" => {"amount_authorized" => 3000, "authorization_code" => "314395", "brand" => "visa", "checks" => {"address_line1_check" => "pass", "address_postal_code_check" => "pass", "cvc_check" => "[FILTERED]"}, "country" => "US", "exp_month" => 2, "exp_year" => 2027, "extended_authorization" => {"status" => "disabled"}, "fingerprint" => "40hDXqxdHP2V7XSG", "funding" => "credit", "incremental_authorization" => {"status" => "unavailable"}, "installments" => nil, "last4" => "4242", "mandate" => nil, "multicapture" => {"status" => "unavailable"}, "network" => "visa", "network_token" => "[FILTERED]", "network_transaction_id" => "524810468881131", "overcapture" => {"maximum_amount_capturable" => 3000, "status" => "unavailable"}, "regulated_status" => "unregulated", "three_d_secure" => nil, "wallet" => nil}, "type" => "card"}, "radar_options" => {}, "receipt_email" => "[FILTERED]", "receipt_number" => nil, "receipt_url" => "https://pay.stripe.com/receipts/payment/CAcaFwoVYWNjdF8xVDVtTE9SejZyS2NRcGY2KMzCi80GMgaWKnehZgk6LBa4itm0YwPm9x9ca69n7BJ-qZP8QrSKQbxibDOfWYNQLDCS2MYye5jbsiso", "refunded" => false, "review" => nil, "shipping" => {"address" => {"city" => "San Francisco", "country" => "US", "line1" => "510 Townsend St", "line2" => nil, "postal_code" => "94103", "state" => "CA"}, "carrier" => nil, "name" => "Jenny Rosen", "phone" => nil, "tracking_number" => nil}, "source" => nil, "source_transfer" => nil, "statement_descriptor" => nil, "statement_descriptor_suffix" => nil, "status" => "succeeded", "transfer_data" => nil, "transfer_group" => nil}, "previous_attributes" => {"balance_transaction" => nil, "receipt_url" => "https://pay.stripe.com/receipts/payment/CAcaFwoVYWNjdF8xVDVtTE9SejZyS2NRcGY2KMzCi80GMga28atScMQ6LBawl9UzCII3nKRwD0zPfZUp9R9vju-31fIqXQA7GMEws1iA7P4F7KtQnphI"}}, "livemode" => false, "pending_webhooks" => 2, "request" => {"id" => nil, "idempotency_key" => "[FILTERED]"}, "type" => "charge.updated"}}
Completed 200 OK in 7ms (Views: 0.1ms | ActiveRecord: 0.0ms (0 queries, 0 cached) | GC: 0.0ms)


[dotenv] Set [36mDB_PASSWORD[0m, [36mDB_USERNAME[0m, [36mSTRIPE_PRICE_BASIC[0m, [36mSTRIPE_PRICE_PRO[0m, [36mSTRIPE_SECRET_KEY[0m, [36mSTRIPE_WEBHOOK_SECRET[0m, [36mSUPER_ADMIN_PASSWORD[0m
[dotenv] Loaded [33m.env[0m
[dotenv] Set [36mDB_PASSWORD[0m, [36mDB_USERNAME[0m, [36mSTRIPE_PRICE_BASIC[0m, [36mSTRIPE_PRICE_PRO[0m, [36mSTRIPE_SECRET_KEY[0m, [36mSTRIPE_WEBHOOK_SECRET[0m, [36mSUPER_ADMIN_PASSWORD[0m
[dotenv] Loaded [33m.env[0m
[dotenv] Set [36mDB_PASSWORD[0m, [36mDB_USERNAME[0m, [36mSTRIPE_PRICE_BASIC[0m, [36mSTRIPE_PRICE_PRO[0m, [36mSTRIPE_SECRET_KEY[0m, [36mSTRIPE_WEBHOOK_SECRET[0m, [36mSUPER_ADMIN_PASSWORD[0m
[dotenv] Loaded [33m.env[0m
Started GET "/up" for 127.0.0.1 at 2026-02-28 21:41:04 +0900
  [1m[36mActiveRecord::SchemaMigration Load (1.4ms)[0m  [1m[34mSELECT "schema_migrations"."version" FROM "schema_migrations" ORDER BY "schema_migrations"."version" ASC /*application='MeetingRails'*/[0m
Processing by Rails::HealthController#show as HTML
  Rendering html template
  Rendered html template (Duration: 0.0ms | GC: 0.0ms)
Completed 200 OK in 129ms (Views: 68.9ms | ActiveRecord: 0.0ms (0 queries, 0 cached) | GC: 0.0ms)


Started GET "/up" for 127.0.0.1 at 2026-02-28 21:41:53 +0900
Processing by Rails::HealthController#show as HTML
  Rendering html template
  Rendered html template (Duration: 0.0ms | GC: 0.0ms)
Completed 200 OK in 7ms (Views: 0.7ms | ActiveRecord: 0.0ms (0 queries, 0 cached) | GC: 0.0ms)


Started POST "/webhooks/stripe" for 127.0.0.1 at 2026-02-28 21:42:33 +0900
Processing by WebhooksController#stripe as XML
  Parameters: {"id" => "evt_1T5mqrRz6rKcQpf6LMrNrhSe", "object" => "event", "api_version" => "2026-02-25.clover", "created" => 1772282553, "data" => {"object" => {"id" => "cs_test_a136poSiBIC8De4j6egXSwKJMiX8JEV6j1BXQbya5eMTMpkFxNAPcXBTci", "object" => "checkout.session", "adaptive_pricing" => {"enabled" => true}, "after_expiration" => nil, "allow_promotion_codes" => nil, "amount_subtotal" => 3000, "amount_total" => 3000, "automatic_tax" => {"enabled" => false, "liability" => nil, "provider" => nil, "status" => nil}, "billing_address_collection" => nil, "branding_settings" => {"background_color" => "#ffffff", "border_style" => "rounded", "button_color" => "#0074d4", "display_name" => "New business sandbox", "font_family" => "default", "icon" => nil, "logo" => nil}, "cancel_url" => "https://httpbin.org/post", "client_reference_id" => nil, "client_secret" => "[FILTERED]", "collected_information" => nil, "consent" => nil, "consent_collection" => nil, "created" => 1772282550, "currency" => "usd", "currency_conversion" => nil, "custom_fields" => [], "custom_text" => {"after_submit" => nil, "shipping_address" => nil, "submit" => nil, "terms_of_service_acceptance" => nil}, "customer" => nil, "customer_account" => nil, "customer_creation" => "if_required", "customer_details" => {"address" => {"city" => "South San Francisco", "country" => "US", "line1" => "354 Oyster Point Blvd", "line2" => nil, "postal_code" => "94080", "state" => "CA"}, "business_name" => nil, "email" => "[FILTERED]", "individual_name" => nil, "name" => "Jenny Rosen", "phone" => nil, "tax_exempt" => "none", "tax_ids" => []}, "customer_email" => "[FILTERED]", "discounts" => [], "expires_at" => 1772368950, "invoice" => nil, "invoice_creation" => {"enabled" => false, "invoice_data" => {"account_tax_ids" => nil, "custom_fields" => nil, "description" => nil, "footer" => nil, "issuer" => nil, "metadata" => {}, "rendering_options" => nil}}, "livemode" => false, "locale" => nil, "metadata" => {"plan_id" => "2", "organization_id" => "1"}, "mode" => "payment", "origin_context" => nil, "payment_intent" => "pi_3T5mqqRz6rKcQpf60lTF6kHz", "payment_link" => nil, "payment_method_collection" => "if_required", "payment_method_configuration_details" => {"id" => "pmc_1T5mLwRz6rKcQpf6eIq6jQX2", "parent" => nil}, "payment_method_options" => {"card" => {"request_three_d_secure" => "automatic"}}, "payment_method_types" => ["card", "klarna", "link", "cashapp", "amazon_pay"], "payment_status" => "paid", "permissions" => nil, "phone_number_collection" => {"enabled" => false}, "recovered_from" => nil, "saved_payment_method_options" => nil, "setup_intent" => nil, "shipping_address_collection" => nil, "shipping_cost" => nil, "shipping_options" => [], "status" => "complete", "submit_type" => nil, "subscription" => nil, "success_url" => "https://httpbin.org/post", "total_details" => {"amount_discount" => 0, "amount_shipping" => 0, "amount_tax" => 0}, "ui_mode" => "hosted", "url" => nil, "wallet_options" => nil}}, "livemode" => false, "pending_webhooks" => 2, "request" => {"id" => nil, "idempotency_key" => "[FILTERED]"}, "type" => "checkout.session.completed", "webhook" => {"id" => "evt_1T5mqrRz6rKcQpf6LMrNrhSe", "object" => "event", "api_version" => "2026-02-25.clover", "created" => 1772282553, "data" => {"object" => {"id" => "cs_test_a136poSiBIC8De4j6egXSwKJMiX8JEV6j1BXQbya5eMTMpkFxNAPcXBTci", "object" => "checkout.session", "adaptive_pricing" => {"enabled" => true}, "after_expiration" => nil, "allow_promotion_codes" => nil, "amount_subtotal" => 3000, "amount_total" => 3000, "automatic_tax" => {"enabled" => false, "liability" => nil, "provider" => nil, "status" => nil}, "billing_address_collection" => nil, "branding_settings" => {"background_color" => "#ffffff", "border_style" => "rounded", "button_color" => "#0074d4", "display_name" => "New business sandbox", "font_family" => "default", "icon" => nil, "logo" => nil}, "cancel_url" => "https://httpbin.org/post", "client_reference_id" => nil, "client_secret" => "[FILTERED]", "collected_information" => nil, "consent" => nil, "consent_collection" => nil, "created" => 1772282550, "currency" => "usd", "currency_conversion" => nil, "custom_fields" => [], "custom_text" => {"after_submit" => nil, "shipping_address" => nil, "submit" => nil, "terms_of_service_acceptance" => nil}, "customer" => nil, "customer_account" => nil, "customer_creation" => "if_required", "customer_details" => {"address" => {"city" => "South San Francisco", "country" => "US", "line1" => "354 Oyster Point Blvd", "line2" => nil, "postal_code" => "94080", "state" => "CA"}, "business_name" => nil, "email" => "[FILTERED]", "individual_name" => nil, "name" => "Jenny Rosen", "phone" => nil, "tax_exempt" => "none", "tax_ids" => []}, "customer_email" => "[FILTERED]", "discounts" => [], "expires_at" => 1772368950, "invoice" => nil, "invoice_creation" => {"enabled" => false, "invoice_data" => {"account_tax_ids" => nil, "custom_fields" => nil, "description" => nil, "footer" => nil, "issuer" => nil, "metadata" => {}, "rendering_options" => nil}}, "livemode" => false, "locale" => nil, "metadata" => {"plan_id" => "2", "organization_id" => "1"}, "mode" => "payment", "origin_context" => nil, "payment_intent" => "pi_3T5mqqRz6rKcQpf60lTF6kHz", "payment_link" => nil, "payment_method_collection" => "if_required", "payment_method_configuration_details" => {"id" => "pmc_1T5mLwRz6rKcQpf6eIq6jQX2", "parent" => nil}, "payment_method_options" => {"card" => {"request_three_d_secure" => "automatic"}}, "payment_method_types" => ["card", "klarna", "link", "cashapp", "amazon_pay"], "payment_status" => "paid", "permissions" => nil, "phone_number_collection" => {"enabled" => false}, "recovered_from" => nil, "saved_payment_method_options" => nil, "setup_intent" => nil, "shipping_address_collection" => nil, "shipping_cost" => nil, "shipping_options" => [], "status" => "complete", "submit_type" => nil, "subscription" => nil, "success_url" => "https://httpbin.org/post", "total_details" => {"amount_discount" => 0, "amount_shipping" => 0, "amount_tax" => 0}, "ui_mode" => "hosted", "url" => nil, "wallet_options" => nil}}, "livemode" => false, "pending_webhooks" => 2, "request" => {"id" => nil, "idempotency_key" => "[FILTERED]"}, "type" => "checkout.session.completed"}}
  [1m[36mOrganization Load (1.8ms)[0m  [1m[34mSELECT "organizations".* FROM "organizations" WHERE "organizations"."id" = 1 LIMIT 1 /*action='stripe',application='MeetingRails',controller='webhooks'*/[0m
  ↳ app/controllers/webhooks_controller.rb:31:in 'WebhooksController#handle_checkout_completed'
Completed 200 OK in 750ms (Views: 0.2ms | ActiveRecord: 26.6ms (1 query, 0 cached) | GC: 0.0ms)


[dotenv] Set [36mDB_PASSWORD[0m, [36mDB_USERNAME[0m, [36mSTRIPE_PRICE_BASIC[0m, [36mSTRIPE_PRICE_PRO[0m, [36mSTRIPE_SECRET_KEY[0m, [36mSTRIPE_WEBHOOK_SECRET[0m, [36mSUPER_ADMIN_PASSWORD[0m
[dotenv] Loaded [33m.env[0m
  [1m[36mActiveRecord::SchemaMigration Load (1.7ms)[0m  [1m[34mSELECT "schema_migrations"."version" FROM "schema_migrations" ORDER BY "schema_migrations"."version" ASC /*application='MeetingRails'*/[0m
[dotenv] Set [36mDB_PASSWORD[0m, [36mDB_USERNAME[0m, [36mSTRIPE_PRICE_BASIC[0m, [36mSTRIPE_PRICE_PRO[0m, [36mSTRIPE_SECRET_KEY[0m, [36mSTRIPE_WEBHOOK_SECRET[0m, [36mSUPER_ADMIN_PASSWORD[0m
[dotenv] Loaded [33m.env[0m
[dotenv] Set [36mDB_PASSWORD[0m, [36mDB_USERNAME[0m, [36mSTRIPE_PRICE_BASIC[0m, [36mSTRIPE_PRICE_PRO[0m, [36mSTRIPE_SECRET_KEY[0m, [36mSTRIPE_WEBHOOK_SECRET[0m, [36mSUPER_ADMIN_PASSWORD[0m
[dotenv] Loaded [33m.env[0m
[dotenv] Set [36mDB_PASSWORD[0m, [36mDB_USERNAME[0m, [36mSTRIPE_PRICE_BASIC[0m, [36mSTRIPE_PRICE_PRO[0m, [36mSTRIPE_SECRET_KEY[0m, [36mSTRIPE_WEBHOOK_SECRET[0m, [36mSUPER_ADMIN_PASSWORD[0m
[dotenv] Loaded [33m.env[0m
[dotenv] Set [36mDB_PASSWORD[0m, [36mDB_USERNAME[0m, [36mSTRIPE_PRICE_BASIC[0m, [36mSTRIPE_PRICE_PRO[0m, [36mSTRIPE_SECRET_KEY[0m, [36mSTRIPE_WEBHOOK_SECRET[0m, [36mSUPER_ADMIN_PASSWORD[0m
[dotenv] Loaded [33m.env[0m
[dotenv] Set [36mDB_PASSWORD[0m, [36mDB_USERNAME[0m, [36mSTRIPE_PRICE_BASIC[0m, [36mSTRIPE_PRICE_PRO[0m, [36mSTRIPE_SECRET_KEY[0m, [36mSTRIPE_WEBHOOK_SECRET[0m, [36mSUPER_ADMIN_PASSWORD[0m
[dotenv] Loaded [33m.env[0m
[dotenv] Set [36mDB_PASSWORD[0m, [36mDB_USERNAME[0m, [36mSTRIPE_PRICE_BASIC[0m, [36mSTRIPE_PRICE_PRO[0m, [36mSTRIPE_SECRET_KEY[0m, [36mSTRIPE_WEBHOOK_SECRET[0m, [36mSUPER_ADMIN_PASSWORD[0m
[dotenv] Loaded [33m.env[0m
[dotenv] Set [36mDB_PASSWORD[0m, [36mDB_USERNAME[0m, [36mSTRIPE_PRICE_BASIC[0m, [36mSTRIPE_PRICE_PRO[0m, [36mSTRIPE_SECRET_KEY[0m, [36mSTRIPE_WEBHOOK_SECRET[0m, [36mSUPER_ADMIN_PASSWORD[0m
[dotenv] Loaded [33m.env[0m
[dotenv] Set [36mDB_PASSWORD[0m, [36mDB_USERNAME[0m, [36mSTRIPE_PRICE_BASIC[0m, [36mSTRIPE_PRICE_PRO[0m, [36mSTRIPE_SECRET_KEY[0m, [36mSTRIPE_WEBHOOK_SECRET[0m, [36mSUPER_ADMIN_PASSWORD[0m
[dotenv] Loaded [33m.env[0m
Started GET "/" for ::1 at 2026-02-28 22:16:57 +0900
  [1m[36mActiveRecord::SchemaMigration Load (1.9ms)[0m  [1m[34mSELECT "schema_migrations"."version" FROM "schema_migrations" ORDER BY "schema_migrations"."version" ASC /*application='MeetingRails'*/[0m
Processing by LandingController#index as HTML
  Rendering layout layouts/application.html.erb
  Rendering landing/index.html.erb within layouts/application
  Rendered landing/index.html.erb within layouts/application (Duration: 1.5ms | GC: 0.0ms)
  Rendered layout layouts/application.html.erb (Duration: 85.7ms | GC: 0.0ms)
Completed 200 OK in 157ms (Views: 97.0ms | ActiveRecord: 0.0ms (0 queries, 0 cached) | GC: 0.0ms)


Started GET "/sw.js" for ::1 at 2026-02-28 22:16:59 +0900
  
ActionController::RoutingError (No route matches [GET] "/sw.js"):
  
Started GET "/registrations/new" for ::1 at 2026-02-28 22:17:01 +0900
Processing by RegistrationsController#new as HTML
  Rendering layout layouts/application.html.erb
  Rendering registrations/new.html.erb within layouts/application
  Rendered registrations/new.html.erb within layouts/application (Duration: 1.2ms | GC: 0.0ms)
  Rendered layout layouts/application.html.erb (Duration: 3.1ms | GC: 0.0ms)
Completed 200 OK in 157ms (Views: 8.0ms | ActiveRecord: 19.0ms (0 queries, 0 cached) | GC: 0.0ms)


Started GET "/users/sign_in" for ::1 at 2026-02-28 22:17:09 +0900
Processing by Devise::SessionsController#new as HTML
  Rendering layout layouts/application.html.erb
  Rendering devise/sessions/new.html.erb within layouts/application
  Rendered devise/shared/_links.html.erb (Duration: 0.8ms | GC: 0.0ms)
  Rendered devise/sessions/new.html.erb within layouts/application (Duration: 41.7ms | GC: 0.0ms)
  Rendered layout layouts/application.html.erb (Duration: 43.2ms | GC: 0.0ms)
Completed 200 OK in 74ms (Views: 51.5ms | ActiveRecord: 0.0ms (0 queries, 0 cached) | GC: 0.0ms)


Started GET "/registrations/new" for ::1 at 2026-02-28 22:17:09 +0900
Processing by RegistrationsController#new as HTML
  Rendering layout layouts/application.html.erb
  Rendering registrations/new.html.erb within layouts/application
  Rendered registrations/new.html.erb within layouts/application (Duration: 0.8ms | GC: 0.0ms)
  Rendered layout layouts/application.html.erb (Duration: 2.2ms | GC: 0.0ms)
Completed 200 OK in 12ms (Views: 3.1ms | ActiveRecord: 0.0ms (0 queries, 0 cached) | GC: 0.0ms)


Started GET "/users/sign_in" for ::1 at 2026-02-28 22:17:12 +0900
Processing by Devise::SessionsController#new as HTML
  Rendering layout layouts/application.html.erb
  Rendering devise/sessions/new.html.erb within layouts/application
  Rendered devise/shared/_links.html.erb (Duration: 0.2ms | GC: 0.0ms)
  Rendered devise/sessions/new.html.erb within layouts/application (Duration: 1.3ms | GC: 0.0ms)
  Rendered layout layouts/application.html.erb (Duration: 2.6ms | GC: 0.0ms)
Completed 200 OK in 14ms (Views: 3.5ms | ActiveRecord: 0.0ms (0 queries, 0 cached) | GC: 0.0ms)


Started GET "/registrations/new" for ::1 at 2026-02-28 22:17:12 +0900
Processing by RegistrationsController#new as HTML
  Rendering layout layouts/application.html.erb
  Rendering registrations/new.html.erb within layouts/application
  Rendered registrations/new.html.erb within layouts/application (Duration: 1.0ms | GC: 0.0ms)
  Rendered layout layouts/application.html.erb (Duration: 2.7ms | GC: 0.0ms)
Completed 200 OK in 12ms (Views: 3.7ms | ActiveRecord: 0.0ms (0 queries, 0 cached) | GC: 0.0ms)


Started GET "/registrations/new" for ::1 at 2026-02-28 22:17:16 +0900
Processing by RegistrationsController#new as HTML
  Rendering layout layouts/application.html.erb
  Rendering registrations/new.html.erb within layouts/application
  Rendered registrations/new.html.erb within layouts/application (Duration: 0.8ms | GC: 0.0ms)
  Rendered layout layouts/application.html.erb (Duration: 2.2ms | GC: 0.0ms)
Completed 200 OK in 14ms (Views: 3.2ms | ActiveRecord: 0.0ms (0 queries, 0 cached) | GC: 0.0ms)


Started GET "/registrations/new" for ::1 at 2026-02-28 22:17:37 +0900
Processing by RegistrationsController#new as HTML
  Rendering layout layouts/application.html.erb
  Rendering registrations/new.html.erb within layouts/application
  Rendered registrations/new.html.erb within layouts/application (Duration: 0.8ms | GC: 0.0ms)
  Rendered layout layouts/application.html.erb (Duration: 2.3ms | GC: 0.0ms)
Completed 200 OK in 11ms (Views: 3.1ms | ActiveRecord: 0.0ms (0 queries, 0 cached) | GC: 0.0ms)


Started GET "/registrations/subdomain_availability?subdomain=abs" for ::1 at 2026-02-28 22:17:58 +0900
Processing by RegistrationsController#subdomain_availability as JSON
  Parameters: {"subdomain" => "abs"}
  [1m[36mOrganization Exists? (2.5ms)[0m  [1m[34mSELECT 1 AS one FROM "organizations" WHERE "organizations"."subdomain" = 'abs' LIMIT 1 /*action='subdomain_availability',application='MeetingRails',controller='registrations'*/[0m
  ↳ app/models/organization.rb:28:in 'Organization.subdomain_available?'
Completed 200 OK in 106ms (Views: 0.2ms | ActiveRecord: 2.5ms (1 query, 0 cached) | GC: 0.0ms)


Started GET "/registrations/subdomain_availability?subdomain=abs-" for ::1 at 2026-02-28 22:17:59 +0900
Processing by RegistrationsController#subdomain_availability as JSON
  Parameters: {"subdomain" => "abs-"}
  [1m[36mOrganization Exists? (0.4ms)[0m  [1m[34mSELECT 1 AS one FROM "organizations" WHERE "organizations"."subdomain" = 'abs-' LIMIT 1 /*action='subdomain_availability',application='MeetingRails',controller='registrations'*/[0m
  ↳ app/models/organization.rb:28:in 'Organization.subdomain_available?'
Completed 200 OK in 9ms (Views: 0.1ms | ActiveRecord: 0.4ms (1 query, 0 cached) | GC: 0.0ms)


Started GET "/registrations/subdomain_availability?subdomain=abc" for ::1 at 2026-02-28 22:18:00 +0900
Processing by RegistrationsController#subdomain_availability as JSON
  Parameters: {"subdomain" => "abc"}
  [1m[36mOrganization Exists? (0.4ms)[0m  [1m[34mSELECT 1 AS one FROM "organizations" WHERE "organizations"."subdomain" = 'abc' LIMIT 1 /*action='subdomain_availability',application='MeetingRails',controller='registrations'*/[0m
  ↳ app/models/organization.rb:28:in 'Organization.subdomain_available?'
Completed 200 OK in 8ms (Views: 0.1ms | ActiveRecord: 0.4ms (1 query, 0 cached) | GC: 0.0ms)


Started GET "/registrations/subdomain_availability?subdomain=abc-" for ::1 at 2026-02-28 22:18:01 +0900
Processing by RegistrationsController#subdomain_availability as JSON
  Parameters: {"subdomain" => "abc-"}
  [1m[36mOrganization Exists? (0.4ms)[0m  [1m[34mSELECT 1 AS one FROM "organizations" WHERE "organizations"."subdomain" = 'abc-' LIMIT 1 /*action='subdomain_availability',application='MeetingRails',controller='registrations'*/[0m
  ↳ app/models/organization.rb:28:in 'Organization.subdomain_available?'
Completed 200 OK in 10ms (Views: 0.1ms | ActiveRecord: 0.4ms (1 query, 0 cached) | GC: 0.0ms)


Started GET "/registrations/subdomain_availability?subdomain=abc-%E3%85%97" for ::1 at 2026-02-28 22:18:02 +0900
Processing by RegistrationsController#subdomain_availability as JSON
  Parameters: {"subdomain" => "abc-ㅗ"}
Completed 200 OK in 6ms (Views: 0.1ms | ActiveRecord: 0.0ms (0 queries, 0 cached) | GC: 0.0ms)


Started GET "/registrations/subdomain_availability?subdomain=abc-" for ::1 at 2026-02-28 22:18:03 +0900
Processing by RegistrationsController#subdomain_availability as JSON
  Parameters: {"subdomain" => "abc-"}
  [1m[36mOrganization Exists? (0.5ms)[0m  [1m[34mSELECT 1 AS one FROM "organizations" WHERE "organizations"."subdomain" = 'abc-' LIMIT 1 /*action='subdomain_availability',application='MeetingRails',controller='registrations'*/[0m
  ↳ app/models/organization.rb:28:in 'Organization.subdomain_available?'
Completed 200 OK in 12ms (Views: 0.1ms | ActiveRecord: 0.5ms (1 query, 0 cached) | GC: 0.0ms)


Started GET "/registrations/subdomain_availability?subdomain=abc-g" for ::1 at 2026-02-28 22:18:03 +0900
Processing by RegistrationsController#subdomain_availability as JSON
  Parameters: {"subdomain" => "abc-g"}
  [1m[36mOrganization Exists? (0.5ms)[0m  [1m[34mSELECT 1 AS one FROM "organizations" WHERE "organizations"."subdomain" = 'abc-g' LIMIT 1 /*action='subdomain_availability',application='MeetingRails',controller='registrations'*/[0m
  ↳ app/models/organization.rb:28:in 'Organization.subdomain_available?'
Completed 200 OK in 10ms (Views: 0.1ms | ActiveRecord: 0.5ms (1 query, 0 cached) | GC: 0.0ms)


Started GET "/registrations/subdomain_availability?subdomain=abc-%E3%85%97" for ::1 at 2026-02-28 22:18:04 +0900
Processing by RegistrationsController#subdomain_availability as JSON
  Parameters: {"subdomain" => "abc-ㅗ"}
Completed 200 OK in 7ms (Views: 0.1ms | ActiveRecord: 0.0ms (0 queries, 0 cached) | GC: 0.0ms)


Started GET "/registrations/subdomain_availability?subdomain=abc-g" for ::1 at 2026-02-28 22:18:05 +0900
Processing by RegistrationsController#subdomain_availability as JSON
  Parameters: {"subdomain" => "abc-g"}
  [1m[36mOrganization Exists? (0.4ms)[0m  [1m[34mSELECT 1 AS one FROM "organizations" WHERE "organizations"."subdomain" = 'abc-g' LIMIT 1 /*action='subdomain_availability',application='MeetingRails',controller='registrations'*/[0m
  ↳ app/models/organization.rb:28:in 'Organization.subdomain_available?'
Completed 200 OK in 9ms (Views: 0.1ms | ActiveRecord: 0.4ms (1 query, 0 cached) | GC: 0.0ms)


Started GET "/registrations/subdomain_availability?subdomain=abc-h" for ::1 at 2026-02-28 22:18:06 +0900
Processing by RegistrationsController#subdomain_availability as JSON
  Parameters: {"subdomain" => "abc-h"}
  [1m[36mOrganization Exists? (0.5ms)[0m  [1m[34mSELECT 1 AS one FROM "organizations" WHERE "organizations"."subdomain" = 'abc-h' LIMIT 1 /*action='subdomain_availability',application='MeetingRails',controller='registrations'*/[0m
  ↳ app/models/organization.rb:28:in 'Organization.subdomain_available?'
Completed 200 OK in 10ms (Views: 0.2ms | ActiveRecord: 0.5ms (1 query, 0 cached) | GC: 0.0ms)


Started GET "/registrations/subdomain_availability?subdomain=abc-h" for ::1 at 2026-02-28 22:18:10 +0900
Processing by RegistrationsController#subdomain_availability as JSON
  Parameters: {"subdomain" => "abc-h"}
  [1m[36mOrganization Exists? (0.4ms)[0m  [1m[34mSELECT 1 AS one FROM "organizations" WHERE "organizations"."subdomain" = 'abc-h' LIMIT 1 /*action='subdomain_availability',application='MeetingRails',controller='registrations'*/[0m
  ↳ app/models/organization.rb:28:in 'Organization.subdomain_available?'
Completed 200 OK in 9ms (Views: 0.1ms | ActiveRecord: 0.4ms (1 query, 0 cached) | GC: 0.0ms)


Started POST "/registrations" for ::1 at 2026-02-28 22:18:26 +0900
Processing by RegistrationsController#create as TURBO_STREAM
  Parameters: {"authenticity_token" => "[FILTERED]", "organization" => {"name" => "부산대병원", "subdomain" => "abc-h"}, "user" => {"email" => "[FILTERED]", "password" => "[FILTERED]", "password_confirmation" => "[FILTERED]"}}
  [1m[36mTRANSACTION (0.3ms)[0m  [1m[35mBEGIN /*action='create',application='MeetingRails',controller='registrations'*/[0m
  ↳ app/controllers/registrations_controller.rb:13:in 'block in RegistrationsController#create'
  [1m[36mPlan Load (1.7ms)[0m  [1m[34mSELECT "plans".* FROM "plans" WHERE "plans"."name" = 'free' LIMIT 1 /*action='create',application='MeetingRails',controller='registrations'*/[0m
  ↳ app/controllers/registrations_controller.rb:13:in 'block in RegistrationsController#create'
  [1m[36mOrganization Exists? (0.5ms)[0m  [1m[34mSELECT 1 AS one FROM "organizations" WHERE "organizations"."subdomain" = 'abc-h' LIMIT 1 /*action='create',application='MeetingRails',controller='registrations'*/[0m
  ↳ app/controllers/registrations_controller.rb:15:in 'block in RegistrationsController#create'
  [1m[36mOrganization Create (1.1ms)[0m  [1m[32mINSERT INTO "organizations" ("name", "subdomain", "stripe_customer_id", "active", "plan_id", "created_at", "updated_at") VALUES ('부산대병원', 'abc-h', NULL, TRUE, 1, '2026-02-28 13:18:26.544548', '2026-02-28 13:18:26.544548') RETURNING "id" /*action='create',application='MeetingRails',controller='registrations'*/[0m
  ↳ app/controllers/registrations_controller.rb:15:in 'block in RegistrationsController#create'
  [1m[36mUser Exists? (3.7ms)[0m  [1m[34mSELECT 1 AS one FROM "users" WHERE "users"."email" = 'dovi0628@gmail.com' LIMIT 1 /*action='create',application='MeetingRails',controller='registrations'*/[0m
  ↳ app/controllers/registrations_controller.rb:16:in 'block in RegistrationsController#create'
  [1m[36mUser Create (1.2ms)[0m  [1m[32mINSERT INTO "users" ("email", "encrypted_password", "reset_password_token", "reset_password_sent_at", "remember_created_at", "created_at", "updated_at", "organization_id", "role") VALUES ('dovi0628@gmail.com', '$2a$12$3ba9.4DuPJwqEANJO2TG0OpROx5oYxWAO2TNqN06Ob8bruxG/2H.m', NULL, NULL, NULL, '2026-02-28 13:18:26.559025', '2026-02-28 13:18:26.559025', 2, 1) RETURNING "id" /*action='create',application='MeetingRails',controller='registrations'*/[0m
  ↳ app/controllers/registrations_controller.rb:16:in 'block in RegistrationsController#create'
  [1m[36mSubscription Create (2.5ms)[0m  [1m[32mINSERT INTO "subscriptions" ("organization_id", "plan_id", "stripe_subscription_id", "status", "current_period_end", "created_at", "updated_at") VALUES (2, 1, NULL, 'active', '2126-02-28 13:18:26.563736', '2026-02-28 13:18:26.584555', '2026-02-28 13:18:26.584555') RETURNING "id" /*action='create',application='MeetingRails',controller='registrations'*/[0m
  ↳ app/controllers/registrations_controller.rb:17:in 'block in RegistrationsController#create'
  [1m[36mSubscription Load (2.3ms)[0m  [1m[34mSELECT "subscriptions".* FROM "subscriptions" WHERE "subscriptions"."organization_id" = 2 LIMIT 1 /*action='create',application='MeetingRails',controller='registrations'*/[0m
  ↳ app/controllers/registrations_controller.rb:17:in 'block in RegistrationsController#create'
  [1m[36mTRANSACTION (1.2ms)[0m  [1m[35mCOMMIT /*action='create',application='MeetingRails',controller='registrations'*/[0m
  ↳ app/controllers/registrations_controller.rb:12:in 'RegistrationsController#create'
Redirected to 
↳ app/controllers/registrations_controller.rb:25:in 'RegistrationsController#create'
Completed 500 Internal Server Error in 278ms (ActiveRecord: 20.8ms (7 queries, 0 cached) | GC: 0.0ms)


  
ActionController::Redirecting::OpenRedirectError (Unsafe redirect to "http://abc-h.localhost:3000/admin", pass allow_other_host: true to redirect anyway.):
  
app/controllers/registrations_controller.rb:25:in 'RegistrationsController#create'
Started GET "/" for ::1 at 2026-02-28 22:34:32 +0900
Processing by LandingController#index as HTML
  Rendering layout layouts/application.html.erb
  Rendering landing/index.html.erb within layouts/application
  Rendered landing/index.html.erb within layouts/application (Duration: 1.6ms | GC: 0.0ms)
  Rendered layout layouts/application.html.erb (Duration: 12.5ms | GC: 0.0ms)
Completed 200 OK in 30ms (Views: 19.1ms | ActiveRecord: 0.0ms (0 queries, 0 cached) | GC: 0.0ms)


Started GET "/registrations/new" for ::1 at 2026-02-28 22:34:33 +0900
Processing by RegistrationsController#new as HTML
  Rendering layout layouts/application.html.erb
  Rendering registrations/new.html.erb within layouts/application
  Rendered registrations/new.html.erb within layouts/application (Duration: 1.8ms | GC: 0.0ms)
  Rendered layout layouts/application.html.erb (Duration: 3.3ms | GC: 0.0ms)
Completed 200 OK in 28ms (Views: 8.4ms | ActiveRecord: 0.0ms (0 queries, 0 cached) | GC: 0.0ms)


Started GET "/sw.js" for ::1 at 2026-02-28 22:34:34 +0900
  
ActionController::RoutingError (No route matches [GET] "/sw.js"):
  
Started GET "/registrations/subdomain_availability?subdomain=abc-h" for ::1 at 2026-02-28 22:34:37 +0900
Processing by RegistrationsController#subdomain_availability as JSON
  Parameters: {"subdomain" => "abc-h"}
  [1m[36mOrganization Exists? (2.5ms)[0m  [1m[34mSELECT 1 AS one FROM "organizations" WHERE "organizations"."subdomain" = 'abc-h' LIMIT 1 /*action='subdomain_availability',application='MeetingRails',controller='registrations'*/[0m
  ↳ app/models/organization.rb:28:in 'Organization.subdomain_available?'
Completed 200 OK in 148ms (Views: 0.2ms | ActiveRecord: 9.7ms (1 query, 0 cached) | GC: 0.2ms)


Started GET "/registrations/subdomain_availability?subdomain=abc-h" for ::1 at 2026-02-28 22:34:37 +0900
Processing by RegistrationsController#subdomain_availability as JSON
  Parameters: {"subdomain" => "abc-h"}
  [1m[36mOrganization Exists? (0.4ms)[0m  [1m[34mSELECT 1 AS one FROM "organizations" WHERE "organizations"."subdomain" = 'abc-h' LIMIT 1 /*action='subdomain_availability',application='MeetingRails',controller='registrations'*/[0m
  ↳ app/models/organization.rb:28:in 'Organization.subdomain_available?'
Completed 200 OK in 10ms (Views: 0.1ms | ActiveRecord: 0.4ms (1 query, 0 cached) | GC: 0.0ms)


Started GET "/registrations/subdomain_availability?subdomain=abc-h" for ::1 at 2026-02-28 22:34:50 +0900
Processing by RegistrationsController#subdomain_availability as JSON
  Parameters: {"subdomain" => "abc-h"}
  [1m[36mOrganization Exists? (0.5ms)[0m  [1m[34mSELECT 1 AS one FROM "organizations" WHERE "organizations"."subdomain" = 'abc-h' LIMIT 1 /*action='subdomain_availability',application='MeetingRails',controller='registrations'*/[0m
  ↳ app/models/organization.rb:28:in 'Organization.subdomain_available?'
Completed 200 OK in 11ms (Views: 0.1ms | ActiveRecord: 0.5ms (1 query, 0 cached) | GC: 0.0ms)


Started GET "/registrations/subdomain_availability?subdomain=abc-h" for ::1 at 2026-02-28 22:34:51 +0900
Processing by RegistrationsController#subdomain_availability as JSON
  Parameters: {"subdomain" => "abc-h"}
  [1m[36mOrganization Exists? (0.4ms)[0m  [1m[34mSELECT 1 AS one FROM "organizations" WHERE "organizations"."subdomain" = 'abc-h' LIMIT 1 /*action='subdomain_availability',application='MeetingRails',controller='registrations'*/[0m
  ↳ app/models/organization.rb:28:in 'Organization.subdomain_available?'
Completed 200 OK in 10ms (Views: 0.1ms | ActiveRecord: 0.4ms (1 query, 0 cached) | GC: 0.0ms)


Started GET "/users/sign_in" for ::1 at 2026-02-28 22:34:52 +0900
Processing by Devise::SessionsController#new as HTML
  Rendering layout layouts/application.html.erb
  Rendering devise/sessions/new.html.erb within layouts/application
  Rendered devise/shared/_links.html.erb (Duration: 0.6ms | GC: 0.0ms)
  Rendered devise/sessions/new.html.erb within layouts/application (Duration: 3.3ms | GC: 0.0ms)
  Rendered layout layouts/application.html.erb (Duration: 4.4ms | GC: 0.0ms)
Completed 200 OK in 23ms (Views: 12.8ms | ActiveRecord: 0.0ms (0 queries, 0 cached) | GC: 0.0ms)


Started GET "/" for ::1 at 2026-02-28 22:34:54 +0900
Processing by LandingController#index as HTML
  Rendering layout layouts/application.html.erb
  Rendering landing/index.html.erb within layouts/application
  Rendered landing/index.html.erb within layouts/application (Duration: 0.2ms | GC: 0.0ms)
  Rendered layout layouts/application.html.erb (Duration: 1.9ms | GC: 0.0ms)
Completed 200 OK in 12ms (Views: 2.6ms | ActiveRecord: 0.0ms (0 queries, 0 cached) | GC: 0.0ms)


Started GET "/" for ::1 at 2026-02-28 22:34:54 +0900
Processing by LandingController#index as HTML
  Rendering layout layouts/application.html.erb
  Rendering landing/index.html.erb within layouts/application
  Rendered landing/index.html.erb within layouts/application (Duration: 0.2ms | GC: 0.0ms)
  Rendered layout layouts/application.html.erb (Duration: 1.8ms | GC: 0.0ms)
Completed 200 OK in 11ms (Views: 2.7ms | ActiveRecord: 0.0ms (0 queries, 0 cached) | GC: 0.0ms)


Started GET "/registrations/subdomain_availability?subdomain=abc-hh" for ::1 at 2026-02-28 22:35:04 +0900
Processing by RegistrationsController#subdomain_availability as JSON
  Parameters: {"subdomain" => "abc-hh"}
  [1m[36mOrganization Exists? (0.5ms)[0m  [1m[34mSELECT 1 AS one FROM "organizations" WHERE "organizations"."subdomain" = 'abc-hh' LIMIT 1 /*action='subdomain_availability',application='MeetingRails',controller='registrations'*/[0m
  ↳ app/models/organization.rb:28:in 'Organization.subdomain_available?'
Completed 200 OK in 13ms (Views: 0.2ms | ActiveRecord: 0.5ms (1 query, 0 cached) | GC: 0.0ms)


Started GET "/registrations/subdomain_availability?subdomain=abc-hh" for ::1 at 2026-02-28 22:35:04 +0900
Processing by RegistrationsController#subdomain_availability as JSON
  Parameters: {"subdomain" => "abc-hh"}
  [1m[36mOrganization Exists? (0.4ms)[0m  [1m[34mSELECT 1 AS one FROM "organizations" WHERE "organizations"."subdomain" = 'abc-hh' LIMIT 1 /*action='subdomain_availability',application='MeetingRails',controller='registrations'*/[0m
  ↳ app/models/organization.rb:28:in 'Organization.subdomain_available?'
Completed 200 OK in 10ms (Views: 0.1ms | ActiveRecord: 0.4ms (1 query, 0 cached) | GC: 0.0ms)


Started POST "/registrations" for ::1 at 2026-02-28 22:35:07 +0900
Processing by RegistrationsController#create as TURBO_STREAM
  Parameters: {"authenticity_token" => "[FILTERED]", "organization" => {"name" => "부산대병원", "subdomain" => "abc-hh"}, "user" => {"email" => "[FILTERED]", "password" => "[FILTERED]", "password_confirmation" => "[FILTERED]"}}
  [1m[36mTRANSACTION (0.3ms)[0m  [1m[35mBEGIN /*action='create',application='MeetingRails',controller='registrations'*/[0m
  ↳ app/controllers/registrations_controller.rb:13:in 'block in RegistrationsController#create'
  [1m[36mPlan Load (3.0ms)[0m  [1m[34mSELECT "plans".* FROM "plans" WHERE "plans"."name" = 'free' LIMIT 1 /*action='create',application='MeetingRails',controller='registrations'*/[0m
  ↳ app/controllers/registrations_controller.rb:13:in 'block in RegistrationsController#create'
  [1m[36mOrganization Exists? (0.3ms)[0m  [1m[34mSELECT 1 AS one FROM "organizations" WHERE "organizations"."subdomain" = 'abc-hh' LIMIT 1 /*action='create',application='MeetingRails',controller='registrations'*/[0m
  ↳ app/controllers/registrations_controller.rb:15:in 'block in RegistrationsController#create'
  [1m[36mOrganization Create (0.8ms)[0m  [1m[32mINSERT INTO "organizations" ("name", "subdomain", "stripe_customer_id", "active", "plan_id", "created_at", "updated_at") VALUES ('부산대병원', 'abc-hh', NULL, TRUE, 1, '2026-02-28 13:35:07.622550', '2026-02-28 13:35:07.622550') RETURNING "id" /*action='create',application='MeetingRails',controller='registrations'*/[0m
  ↳ app/controllers/registrations_controller.rb:15:in 'block in RegistrationsController#create'
  [1m[36mUser Exists? (3.0ms)[0m  [1m[34mSELECT 1 AS one FROM "users" WHERE "users"."email" = 'dovi0628@gmail.com' LIMIT 1 /*action='create',application='MeetingRails',controller='registrations'*/[0m
  ↳ app/controllers/registrations_controller.rb:16:in 'block in RegistrationsController#create'
  [1m[36mTRANSACTION (0.3ms)[0m  [1m[31mROLLBACK /*action='create',application='MeetingRails',controller='registrations'*/[0m
  ↳ app/controllers/registrations_controller.rb:12:in 'RegistrationsController#create'
  Rendering layout layouts/application.html.erb
  Rendering registrations/new.html.erb within layouts/application
  Rendered registrations/new.html.erb within layouts/application (Duration: 0.6ms | GC: 0.0ms)
  Rendered layout layouts/application.html.erb (Duration: 1.7ms | GC: 0.0ms)
Completed 422 Unprocessable Content in 288ms (Views: 2.9ms | ActiveRecord: 7.6ms (4 queries, 0 cached) | GC: 0.0ms)


Started GET "/registrations/subdomain_availability?subdomain=abc-hh" for ::1 at 2026-02-28 22:35:07 +0900
Processing by RegistrationsController#subdomain_availability as JSON
  Parameters: {"subdomain" => "abc-hh"}
  [1m[36mOrganization Exists? (0.5ms)[0m  [1m[34mSELECT 1 AS one FROM "organizations" WHERE "organizations"."subdomain" = 'abc-hh' LIMIT 1 /*action='subdomain_availability',application='MeetingRails',controller='registrations'*/[0m
  ↳ app/models/organization.rb:28:in 'Organization.subdomain_available?'
Completed 200 OK in 12ms (Views: 0.1ms | ActiveRecord: 0.5ms (1 query, 0 cached) | GC: 0.0ms)


[dotenv] Set [36mDB_PASSWORD[0m, [36mDB_USERNAME[0m, [36mSTRIPE_PRICE_BASIC[0m, [36mSTRIPE_PRICE_PRO[0m, [36mSTRIPE_SECRET_KEY[0m, [36mSTRIPE_WEBHOOK_SECRET[0m, [36mSUPER_ADMIN_PASSWORD[0m
[dotenv] Loaded [33m.env[0m
[dotenv] Set [36mDB_PASSWORD[0m, [36mDB_USERNAME[0m, [36mSTRIPE_PRICE_BASIC[0m, [36mSTRIPE_PRICE_PRO[0m, [36mSTRIPE_SECRET_KEY[0m, [36mSTRIPE_WEBHOOK_SECRET[0m, [36mSUPER_ADMIN_PASSWORD[0m
[dotenv] Loaded [33m.env[0m
[dotenv] Set [36mDB_PASSWORD[0m, [36mDB_USERNAME[0m, [36mSTRIPE_PRICE_BASIC[0m, [36mSTRIPE_PRICE_PRO[0m, [36mSTRIPE_SECRET_KEY[0m, [36mSTRIPE_WEBHOOK_SECRET[0m, [36mSUPER_ADMIN_PASSWORD[0m
[dotenv] Loaded [33m.env[0m
[dotenv] Set [36mDB_PASSWORD[0m, [36mDB_USERNAME[0m, [36mSTRIPE_PRICE_BASIC[0m, [36mSTRIPE_PRICE_PRO[0m, [36mSTRIPE_SECRET_KEY[0m, [36mSTRIPE_WEBHOOK_SECRET[0m, [36mSUPER_ADMIN_PASSWORD[0m
[dotenv] Loaded [33m.env[0m
  [1m[36mUser Load (2.8ms)[0m  [1m[34mSELECT "users".* FROM "users" WHERE "users"."email" = 'dovi0628@gmail.com' LIMIT 1 /*application='MeetingRails'*/[0m
  [1m[36mUser Load (0.5ms)[0m  [1m[34mSELECT "users".* FROM "users" WHERE "users"."email" = 'dovi0628@gmail.com' LIMIT 1 /*application='MeetingRails'*/[0m
  [1m[36mTRANSACTION (0.2ms)[0m  [1m[35mBEGIN /*application='MeetingRails'*/[0m
  [1m[36mUser Destroy (1.2ms)[0m  [1m[31mDELETE FROM "users" WHERE "users"."id" = 2 /*application='MeetingRails'*/[0m
  [1m[36mTRANSACTION (1.1ms)[0m  [1m[35mCOMMIT /*application='MeetingRails'*/[0m
  [1m[36mUser Delete All (0.9ms)[0m  [1m[31mDELETE FROM "users" /*application='MeetingRails'*/[0m
Started GET "/registrations/subdomain_availability?subdomain=abc-h" for ::1 at 2026-02-28 22:41:11 +0900
  [1m[36mActiveRecord::SchemaMigration Load (1.9ms)[0m  [1m[34mSELECT "schema_migrations"."version" FROM "schema_migrations" ORDER BY "schema_migrations"."version" ASC /*application='MeetingRails'*/[0m
Processing by RegistrationsController#subdomain_availability as JSON
  Parameters: {"subdomain" => "abc-h"}
  [1m[36mOrganization Exists? (2.1ms)[0m  [1m[34mSELECT 1 AS one FROM "organizations" WHERE "organizations"."subdomain" = 'abc-h' LIMIT 1 /*action='subdomain_availability',application='MeetingRails',controller='registrations'*/[0m
  ↳ app/models/organization.rb:28:in 'Organization.subdomain_available?'
Completed 200 OK in 175ms (Views: 0.2ms | ActiveRecord: 12.6ms (1 query, 0 cached) | GC: 0.0ms)


Started GET "/registrations/subdomain_availability?subdomain=abc-h" for ::1 at 2026-02-28 22:41:11 +0900
Processing by RegistrationsController#subdomain_availability as JSON
  Parameters: {"subdomain" => "abc-h"}
  [1m[36mOrganization Exists? (0.4ms)[0m  [1m[34mSELECT 1 AS one FROM "organizations" WHERE "organizations"."subdomain" = 'abc-h' LIMIT 1 /*action='subdomain_availability',application='MeetingRails',controller='registrations'*/[0m
  ↳ app/models/organization.rb:28:in 'Organization.subdomain_available?'
Completed 200 OK in 10ms (Views: 0.1ms | ActiveRecord: 0.4ms (1 query, 0 cached) | GC: 0.0ms)


Started GET "/" for ::1 at 2026-02-28 22:41:28 +0900
Processing by LandingController#index as HTML
  Rendering layout layouts/application.html.erb
  Rendering landing/index.html.erb within layouts/application
  Rendered landing/index.html.erb within layouts/application (Duration: 1.1ms | GC: 0.0ms)
  Rendered layout layouts/application.html.erb (Duration: 38.8ms | GC: 0.0ms)
Completed 200 OK in 74ms (Views: 49.3ms | ActiveRecord: 0.0ms (0 queries, 0 cached) | GC: 0.0ms)


Started GET "/registrations/new" for ::1 at 2026-02-28 22:41:29 +0900
Processing by RegistrationsController#new as HTML
  Rendering layout layouts/application.html.erb
  Rendering registrations/new.html.erb within layouts/application
  Rendered registrations/new.html.erb within layouts/application (Duration: 1.3ms | GC: 0.0ms)
  Rendered layout layouts/application.html.erb (Duration: 2.8ms | GC: 0.0ms)
Completed 200 OK in 26ms (Views: 6.5ms | ActiveRecord: 5.2ms (0 queries, 0 cached) | GC: 0.0ms)


Started GET "/sw.js" for ::1 at 2026-02-28 22:41:29 +0900
  
ActionController::RoutingError (No route matches [GET] "/sw.js"):
  
Started GET "/registrations/subdomain_availability?subdomain=abc-h" for ::1 at 2026-02-28 22:41:33 +0900
Processing by RegistrationsController#subdomain_availability as JSON
  Parameters: {"subdomain" => "abc-h"}
  [1m[36mOrganization Exists? (0.5ms)[0m  [1m[34mSELECT 1 AS one FROM "organizations" WHERE "organizations"."subdomain" = 'abc-h' LIMIT 1 /*action='subdomain_availability',application='MeetingRails',controller='registrations'*/[0m
  ↳ app/models/organization.rb:28:in 'Organization.subdomain_available?'
Completed 200 OK in 9ms (Views: 0.1ms | ActiveRecord: 0.5ms (1 query, 0 cached) | GC: 0.0ms)


Started GET "/registrations/subdomain_availability?subdomain=abc-hh" for ::1 at 2026-02-28 22:41:35 +0900
Processing by RegistrationsController#subdomain_availability as JSON
  Parameters: {"subdomain" => "abc-hh"}
  [1m[36mOrganization Exists? (0.5ms)[0m  [1m[34mSELECT 1 AS one FROM "organizations" WHERE "organizations"."subdomain" = 'abc-hh' LIMIT 1 /*action='subdomain_availability',application='MeetingRails',controller='registrations'*/[0m
  ↳ app/models/organization.rb:28:in 'Organization.subdomain_available?'
Completed 200 OK in 8ms (Views: 0.1ms | ActiveRecord: 0.5ms (1 query, 0 cached) | GC: 0.0ms)


Started GET "/" for ::1 at 2026-02-28 22:41:54 +0900
Processing by LandingController#index as HTML
  Rendering layout layouts/application.html.erb
  Rendering landing/index.html.erb within layouts/application
  Rendered landing/index.html.erb within layouts/application (Duration: 0.3ms | GC: 0.0ms)
  Rendered layout layouts/application.html.erb (Duration: 1.7ms | GC: 0.0ms)
Completed 200 OK in 12ms (Views: 2.6ms | ActiveRecord: 0.0ms (0 queries, 0 cached) | GC: 0.0ms)


Started GET "/registrations/new" for ::1 at 2026-02-28 22:41:55 +0900
Processing by RegistrationsController#new as HTML
  Rendering layout layouts/application.html.erb
  Rendering registrations/new.html.erb within layouts/application
  Rendered registrations/new.html.erb within layouts/application (Duration: 0.9ms | GC: 0.0ms)
  Rendered layout layouts/application.html.erb (Duration: 2.5ms | GC: 0.0ms)
Completed 200 OK in 12ms (Views: 3.2ms | ActiveRecord: 0.0ms (0 queries, 0 cached) | GC: 0.0ms)


Started GET "/sw.js" for ::1 at 2026-02-28 22:41:56 +0900
  
ActionController::RoutingError (No route matches [GET] "/sw.js"):
  
Started GET "/users/sign_in" for ::1 at 2026-02-28 22:41:56 +0900
Processing by Devise::SessionsController#new as HTML
  Rendering layout layouts/application.html.erb
  Rendering devise/sessions/new.html.erb within layouts/application
  Rendered devise/shared/_links.html.erb (Duration: 0.7ms | GC: 0.0ms)
  Rendered devise/sessions/new.html.erb within layouts/application (Duration: 11.4ms | GC: 0.0ms)
  Rendered layout layouts/application.html.erb (Duration: 12.8ms | GC: 0.0ms)
Completed 200 OK in 32ms (Views: 21.0ms | ActiveRecord: 0.0ms (0 queries, 0 cached) | GC: 0.0ms)


Started GET "/users/sign_in" for ::1 at 2026-02-28 22:41:56 +0900
Processing by Devise::SessionsController#new as HTML
  Rendering layout layouts/application.html.erb
  Rendering devise/sessions/new.html.erb within layouts/application
  Rendered devise/shared/_links.html.erb (Duration: 0.1ms | GC: 0.0ms)
  Rendered devise/sessions/new.html.erb within layouts/application (Duration: 1.3ms | GC: 0.0ms)
  Rendered layout layouts/application.html.erb (Duration: 2.6ms | GC: 0.0ms)
Completed 200 OK in 12ms (Views: 3.7ms | ActiveRecord: 0.0ms (0 queries, 0 cached) | GC: 0.0ms)


Started POST "/users/sign_in" for ::1 at 2026-02-28 22:42:04 +0900
Processing by Devise::SessionsController#create as TURBO_STREAM
  Parameters: {"authenticity_token" => "[FILTERED]", "user" => {"email" => "[FILTERED]", "password" => "[FILTERED]", "remember_me" => "0"}, "commit" => "로그인"}
  [1m[36mUser Load (3.0ms)[0m  [1m[34mSELECT "users".* FROM "users" WHERE "users"."email" = 'dovi0628@gmail.com' ORDER BY "users"."id" ASC LIMIT 1 /*action='create',application='MeetingRails',controller='sessions'*/[0m
Completed 401 Unauthorized in 26ms (ActiveRecord: 3.0ms (1 query, 0 cached) | GC: 0.0ms)


Processing by Devise::SessionsController#new as TURBO_STREAM
  Parameters: {"authenticity_token" => "[FILTERED]", "user" => {"email" => "[FILTERED]", "password" => "[FILTERED]", "remember_me" => "0"}, "commit" => "로그인"}
  Rendering layout layouts/application.html.erb
  Rendering devise/sessions/new.html.erb within layouts/application
  Rendered devise/shared/_links.html.erb (Duration: 0.1ms | GC: 0.0ms)
  Rendered devise/sessions/new.html.erb within layouts/application (Duration: 1.1ms | GC: 0.0ms)
  Rendered layout layouts/application.html.erb (Duration: 2.4ms | GC: 0.0ms)
Completed 200 OK in 201ms (Views: 3.4ms | ActiveRecord: 0.0ms (0 queries, 0 cached) | GC: 0.0ms)


Started GET "/" for ::1 at 2026-02-28 22:42:06 +0900
Processing by LandingController#index as HTML
  Rendering layout layouts/application.html.erb
  Rendering landing/index.html.erb within layouts/application
  Rendered landing/index.html.erb within layouts/application (Duration: 0.3ms | GC: 0.0ms)
  Rendered layout layouts/application.html.erb (Duration: 2.1ms | GC: 0.0ms)
Completed 200 OK in 12ms (Views: 3.1ms | ActiveRecord: 0.0ms (0 queries, 0 cached) | GC: 0.0ms)


Started GET "/" for ::1 at 2026-02-28 22:42:08 +0900
Processing by LandingController#index as HTML
  Rendering layout layouts/application.html.erb
  Rendering landing/index.html.erb within layouts/application
  Rendered landing/index.html.erb within layouts/application (Duration: 0.2ms | GC: 0.0ms)
  Rendered layout layouts/application.html.erb (Duration: 2.4ms | GC: 0.0ms)
Completed 200 OK in 11ms (Views: 3.3ms | ActiveRecord: 0.0ms (0 queries, 0 cached) | GC: 0.0ms)


Started GET "/registrations/new" for ::1 at 2026-02-28 22:42:09 +0900
Processing by RegistrationsController#new as HTML
  Rendering layout layouts/application.html.erb
  Rendering registrations/new.html.erb within layouts/application
  Rendered registrations/new.html.erb within layouts/application (Duration: 1.0ms | GC: 0.0ms)
  Rendered layout layouts/application.html.erb (Duration: 2.3ms | GC: 0.0ms)
Completed 200 OK in 13ms (Views: 3.2ms | ActiveRecord: 0.0ms (0 queries, 0 cached) | GC: 0.0ms)


Started GET "/registrations/subdomain_availability?subdomain=abc-h" for ::1 at 2026-02-28 22:42:13 +0900
Processing by RegistrationsController#subdomain_availability as JSON
  Parameters: {"subdomain" => "abc-h"}
  [1m[36mOrganization Exists? (0.5ms)[0m  [1m[34mSELECT 1 AS one FROM "organizations" WHERE "organizations"."subdomain" = 'abc-h' LIMIT 1 /*action='subdomain_availability',application='MeetingRails',controller='registrations'*/[0m
  ↳ app/models/organization.rb:28:in 'Organization.subdomain_available?'
Completed 200 OK in 13ms (Views: 0.1ms | ActiveRecord: 0.5ms (1 query, 0 cached) | GC: 0.0ms)


Started GET "/registrations/subdomain_availability?subdomain=abc-h" for ::1 at 2026-02-28 22:42:16 +0900
Processing by RegistrationsController#subdomain_availability as JSON
  Parameters: {"subdomain" => "abc-h"}
  [1m[36mOrganization Exists? (0.6ms)[0m  [1m[34mSELECT 1 AS one FROM "organizations" WHERE "organizations"."subdomain" = 'abc-h' LIMIT 1 /*action='subdomain_availability',application='MeetingRails',controller='registrations'*/[0m
  ↳ app/models/organization.rb:28:in 'Organization.subdomain_available?'
Completed 200 OK in 17ms (Views: 1.1ms | ActiveRecord: 0.6ms (1 query, 0 cached) | GC: 0.0ms)


Started GET "/registrations/subdomain_availability?subdomain=abc-hh" for ::1 at 2026-02-28 22:42:46 +0900
Processing by RegistrationsController#subdomain_availability as JSON
  Parameters: {"subdomain" => "abc-hh"}
  [1m[36mOrganization Exists? (0.6ms)[0m  [1m[34mSELECT 1 AS one FROM "organizations" WHERE "organizations"."subdomain" = 'abc-hh' LIMIT 1 /*action='subdomain_availability',application='MeetingRails',controller='registrations'*/[0m
  ↳ app/models/organization.rb:28:in 'Organization.subdomain_available?'
Completed 200 OK in 19ms (Views: 0.2ms | ActiveRecord: 1.1ms (1 query, 0 cached) | GC: 0.0ms)


Started GET "/registrations/subdomain_availability?subdomain=abc-hh" for ::1 at 2026-02-28 22:42:46 +0900
Processing by RegistrationsController#subdomain_availability as JSON
  Parameters: {"subdomain" => "abc-hh"}
  [1m[36mOrganization Exists? (0.5ms)[0m  [1m[34mSELECT 1 AS one FROM "organizations" WHERE "organizations"."subdomain" = 'abc-hh' LIMIT 1 /*action='subdomain_availability',application='MeetingRails',controller='registrations'*/[0m
  ↳ app/models/organization.rb:28:in 'Organization.subdomain_available?'
Completed 200 OK in 10ms (Views: 0.1ms | ActiveRecord: 0.4ms (1 query, 0 cached) | GC: 0.0ms)


Started POST "/registrations" for ::1 at 2026-02-28 22:42:53 +0900
Processing by RegistrationsController#create as TURBO_STREAM
  Parameters: {"authenticity_token" => "[FILTERED]", "organization" => {"name" => "부산대병원", "subdomain" => "abc-hh"}, "user" => {"email" => "[FILTERED]", "password" => "[FILTERED]", "password_confirmation" => "[FILTERED]"}}
  [1m[36mTRANSACTION (0.2ms)[0m  [1m[35mBEGIN /*action='create',application='MeetingRails',controller='registrations'*/[0m
  ↳ app/controllers/registrations_controller.rb:13:in 'block in RegistrationsController#create'
  [1m[36mPlan Load (1.4ms)[0m  [1m[34mSELECT "plans".* FROM "plans" WHERE "plans"."name" = 'free' LIMIT 1 /*action='create',application='MeetingRails',controller='registrations'*/[0m
  ↳ app/controllers/registrations_controller.rb:13:in 'block in RegistrationsController#create'
  [1m[36mOrganization Exists? (0.5ms)[0m  [1m[34mSELECT 1 AS one FROM "organizations" WHERE "organizations"."subdomain" = 'abc-hh' LIMIT 1 /*action='create',application='MeetingRails',controller='registrations'*/[0m
  ↳ app/controllers/registrations_controller.rb:15:in 'block in RegistrationsController#create'
  [1m[36mOrganization Create (0.7ms)[0m  [1m[32mINSERT INTO "organizations" ("name", "subdomain", "stripe_customer_id", "active", "plan_id", "created_at", "updated_at") VALUES ('부산대병원', 'abc-hh', NULL, TRUE, 1, '2026-02-28 13:42:53.674552', '2026-02-28 13:42:53.674552') RETURNING "id" /*action='create',application='MeetingRails',controller='registrations'*/[0m
  ↳ app/controllers/registrations_controller.rb:15:in 'block in RegistrationsController#create'
  [1m[36mUser Exists? (0.4ms)[0m  [1m[34mSELECT 1 AS one FROM "users" WHERE "users"."email" = 'dovi0628@gmail.com' LIMIT 1 /*action='create',application='MeetingRails',controller='registrations'*/[0m
  ↳ app/controllers/registrations_controller.rb:16:in 'block in RegistrationsController#create'
  [1m[36mUser Create (0.9ms)[0m  [1m[32mINSERT INTO "users" ("email", "encrypted_password", "reset_password_token", "reset_password_sent_at", "remember_created_at", "created_at", "updated_at", "organization_id", "role") VALUES ('dovi0628@gmail.com', '$2a$12$b56CVENBNf9xMm1Ufbhg8OMVXpIqCVQalgNKZAXRaR1uiG2kxqB3u', NULL, NULL, NULL, '2026-02-28 13:42:53.684508', '2026-02-28 13:42:53.684508', 4, 1) RETURNING "id" /*action='create',application='MeetingRails',controller='registrations'*/[0m
  ↳ app/controllers/registrations_controller.rb:16:in 'block in RegistrationsController#create'
  [1m[36mSubscription Create (1.8ms)[0m  [1m[32mINSERT INTO "subscriptions" ("organization_id", "plan_id", "stripe_subscription_id", "status", "current_period_end", "created_at", "updated_at") VALUES (4, 1, NULL, 'active', '2126-02-28 13:42:53.688597', '2026-02-28 13:42:53.712053', '2026-02-28 13:42:53.712053') RETURNING "id" /*action='create',application='MeetingRails',controller='registrations'*/[0m
  ↳ app/controllers/registrations_controller.rb:17:in 'block in RegistrationsController#create'
  [1m[36mSubscription Load (2.1ms)[0m  [1m[34mSELECT "subscriptions".* FROM "subscriptions" WHERE "subscriptions"."organization_id" = 4 LIMIT 1 /*action='create',application='MeetingRails',controller='registrations'*/[0m
  ↳ app/controllers/registrations_controller.rb:17:in 'block in RegistrationsController#create'
  [1m[36mTRANSACTION (0.7ms)[0m  [1m[35mCOMMIT /*action='create',application='MeetingRails',controller='registrations'*/[0m
  ↳ app/controllers/registrations_controller.rb:12:in 'RegistrationsController#create'
Redirected to http://abc-hh.localhost:3000/admin
↳ app/controllers/registrations_controller.rb:25:in 'RegistrationsController#create'
Completed 302 Found in 368ms (ActiveRecord: 14.3ms (7 queries, 0 cached) | GC: 0.0ms)


Started GET "/registrations/new" for ::1 at 2026-02-28 22:43:08 +0900
Started GET "/.well-known/appspecific/com.chrome.devtools.json" for ::1 at 2026-02-28 22:43:08 +0900
Processing by RegistrationsController#new as */*
  Rendering layout layouts/application.html.erb
  Rendering registrations/new.html.erb within layouts/application
  Rendered registrations/new.html.erb within layouts/application (Duration: 1.1ms | GC: 0.0ms)
  [1m[36mUser Load (0.9ms)[0m  [1m[34mSELECT "users".* FROM "users" WHERE "users"."id" = 3 ORDER BY "users"."id" ASC LIMIT 1 /*action='new',application='MeetingRails',controller='registrations'*/[0m
  ↳ app/views/layouts/application.html.erb:40
  Rendered layout layouts/application.html.erb (Duration: 7.7ms | GC: 0.0ms)
Completed 200 OK in 33ms (Views: 7.8ms | ActiveRecord: 0.9ms (1 query, 0 cached) | GC: 0.0ms)


  
ActionController::RoutingError (No route matches [GET] "/.well-known/appspecific/com.chrome.devtools.json"):
  
Started POST "/registrations" for ::1 at 2026-02-28 22:43:13 +0900
Processing by RegistrationsController#create as TURBO_STREAM
  Parameters: {"authenticity_token" => "[FILTERED]", "organization" => {"name" => "부산대병원", "subdomain" => "abc-hh"}, "user" => {"email" => "[FILTERED]", "password" => "[FILTERED]", "password_confirmation" => "[FILTERED]"}}
  [1m[36mTRANSACTION (0.2ms)[0m  [1m[35mBEGIN /*action='create',application='MeetingRails',controller='registrations'*/[0m
  ↳ app/controllers/registrations_controller.rb:13:in 'block in RegistrationsController#create'
  [1m[36mPlan Load (2.2ms)[0m  [1m[34mSELECT "plans".* FROM "plans" WHERE "plans"."name" = 'free' LIMIT 1 /*action='create',application='MeetingRails',controller='registrations'*/[0m
  ↳ app/controllers/registrations_controller.rb:13:in 'block in RegistrationsController#create'
  [1m[36mOrganization Exists? (0.4ms)[0m  [1m[34mSELECT 1 AS one FROM "organizations" WHERE "organizations"."subdomain" = 'abc-hh' LIMIT 1 /*action='create',application='MeetingRails',controller='registrations'*/[0m
  ↳ app/controllers/registrations_controller.rb:15:in 'block in RegistrationsController#create'
  [1m[36mTRANSACTION (0.2ms)[0m  [1m[31mROLLBACK /*action='create',application='MeetingRails',controller='registrations'*/[0m
  ↳ app/controllers/registrations_controller.rb:12:in 'RegistrationsController#create'
  Rendering layout layouts/application.html.erb
  Rendering registrations/new.html.erb within layouts/application
  Rendered registrations/new.html.erb within layouts/application (Duration: 0.5ms | GC: 0.0ms)
  [1m[36mUser Load (0.4ms)[0m  [1m[34mSELECT "users".* FROM "users" WHERE "users"."id" = 3 ORDER BY "users"."id" ASC LIMIT 1 /*action='create',application='MeetingRails',controller='registrations'*/[0m
  ↳ app/views/layouts/application.html.erb:40
  Rendered layout layouts/application.html.erb (Duration: 4.5ms | GC: 0.0ms)
Completed 422 Unprocessable Content in 210ms (Views: 4.9ms | ActiveRecord: 3.4ms (3 queries, 0 cached) | GC: 0.0ms)


Started GET "/registrations/subdomain_availability?subdomain=abc-hh" for ::1 at 2026-02-28 22:43:14 +0900
Processing by RegistrationsController#subdomain_availability as JSON
  Parameters: {"subdomain" => "abc-hh"}
  [1m[36mOrganization Exists? (0.4ms)[0m  [1m[34mSELECT 1 AS one FROM "organizations" WHERE "organizations"."subdomain" = 'abc-hh' LIMIT 1 /*action='subdomain_availability',application='MeetingRails',controller='registrations'*/[0m
  ↳ app/models/organization.rb:28:in 'Organization.subdomain_available?'
Completed 200 OK in 9ms (Views: 0.1ms | ActiveRecord: 0.4ms (1 query, 0 cached) | GC: 0.0ms)


Started GET "/admin" for ::1 at 2026-02-28 22:43:32 +0900
  
ActionController::RoutingError (No route matches [GET] "/admin"):
  
Started GET "/admin" for ::1 at 2026-02-28 22:43:34 +0900
  
ActionController::RoutingError (No route matches [GET] "/admin"):
  
Started GET "/favicon.ico" for ::1 at 2026-02-28 22:43:40 +0900
Started GET "/sw.js" for ::1 at 2026-02-28 22:43:40 +0900
  
ActionController::RoutingError (No route matches [GET] "/favicon.ico"):
  
  
ActionController::RoutingError (No route matches [GET] "/sw.js"):
  
Started GET "/registrations/new" for ::1 at 2026-02-28 22:43:40 +0900
Processing by RegistrationsController#new as HTML
  Rendering layout layouts/application.html.erb
  Rendering registrations/new.html.erb within layouts/application
  Rendered registrations/new.html.erb within layouts/application (Duration: 0.8ms | GC: 0.0ms)
  [1m[36mUser Load (0.6ms)[0m  [1m[34mSELECT "users".* FROM "users" WHERE "users"."id" = 3 ORDER BY "users"."id" ASC LIMIT 1 /*action='new',application='MeetingRails',controller='registrations'*/[0m
  ↳ app/views/layouts/application.html.erb:40
  Rendered layout layouts/application.html.erb (Duration: 6.2ms | GC: 0.0ms)
Completed 200 OK in 14ms (Views: 6.4ms | ActiveRecord: 0.6ms (1 query, 0 cached) | GC: 0.0ms)


Started GET "/.well-known/appspecific/com.chrome.devtools.json" for ::1 at 2026-02-28 22:43:40 +0900
  
ActionController::RoutingError (No route matches [GET] "/.well-known/appspecific/com.chrome.devtools.json"):
  
Started GET "/sw.js" for ::1 at 2026-02-28 22:43:42 +0900
  
ActionController::RoutingError (No route matches [GET] "/sw.js"):
  
  [1m[36mUser Load (124.3ms)[0m  [1m[34mSELECT "users".* FROM "users" /* loading for pp */ LIMIT 11 /*application='MeetingRails'*/[0m
  [1m[36mUser Count (0.6ms)[0m  [1m[34mSELECT COUNT(*) FROM "users" /*application='MeetingRails'*/[0m
  [1m[36mUser Pluck (0.4ms)[0m  [1m[34mSELECT "users"."email" FROM "users" /*application='MeetingRails'*/[0m
  [1m[36mUser Delete All (1.2ms)[0m  [1m[31mDELETE FROM "users" /*application='MeetingRails'*/[0m
  [1m[36mUser Load (0.4ms)[0m  [1m[34mSELECT "users".* FROM "users" /* loading for pp */ LIMIT 11 /*application='MeetingRails'*/[0m
Started GET "/registrations/new" for ::1 at 2026-02-28 22:50:20 +0900
Processing by RegistrationsController#new as HTML
  Rendering layout layouts/application.html.erb
  Rendering registrations/new.html.erb within layouts/application
  Rendered registrations/new.html.erb within layouts/application (Duration: 1.0ms | GC: 0.0ms)
  [1m[36mUser Load (111.7ms)[0m  [1m[34mSELECT "users".* FROM "users" WHERE "users"."id" = 3 ORDER BY "users"."id" ASC LIMIT 1 /*action='new',application='MeetingRails',controller='registrations'*/[0m
  ↳ app/views/layouts/application.html.erb:40
  Rendered layout layouts/application.html.erb (Duration: 117.6ms | GC: 0.0ms)
Completed 200 OK in 125ms (Views: -0.0ms | ActiveRecord: 118.6ms (1 query, 0 cached) | GC: 0.0ms)


Started GET "/.well-known/appspecific/com.chrome.devtools.json" for ::1 at 2026-02-28 22:50:20 +0900
  
ActionController::RoutingError (No route matches [GET] "/.well-known/appspecific/com.chrome.devtools.json"):
  
Started GET "/" for ::1 at 2026-02-28 22:50:21 +0900
Processing by LandingController#index as HTML
  Rendering layout layouts/application.html.erb
  Rendering landing/index.html.erb within layouts/application
  Rendered landing/index.html.erb within layouts/application (Duration: 0.3ms | GC: 0.0ms)
  Rendered layout layouts/application.html.erb (Duration: 2.4ms | GC: 0.0ms)
Completed 200 OK in 11ms (Views: 3.1ms | ActiveRecord: 0.0ms (0 queries, 0 cached) | GC: 0.0ms)


Started GET "/" for ::1 at 2026-02-28 22:50:23 +0900
Processing by LandingController#index as HTML
  Rendering layout layouts/application.html.erb
  Rendering landing/index.html.erb within layouts/application
  Rendered landing/index.html.erb within layouts/application (Duration: 0.2ms | GC: 0.0ms)
  Rendered layout layouts/application.html.erb (Duration: 2.0ms | GC: 0.0ms)
Completed 200 OK in 9ms (Views: 2.8ms | ActiveRecord: 0.0ms (0 queries, 0 cached) | GC: 0.0ms)


Started GET "/.well-known/appspecific/com.chrome.devtools.json" for ::1 at 2026-02-28 22:50:23 +0900
  
ActionController::RoutingError (No route matches [GET] "/.well-known/appspecific/com.chrome.devtools.json"):
  
Started GET "/sw.js" for ::1 at 2026-02-28 22:50:24 +0900
  
ActionController::RoutingError (No route matches [GET] "/sw.js"):
  
Started GET "/" for ::1 at 2026-02-28 22:50:25 +0900
Processing by LandingController#index as HTML
  Rendering layout layouts/application.html.erb
  Rendering landing/index.html.erb within layouts/application
  Rendered landing/index.html.erb within layouts/application (Duration: 0.2ms | GC: 0.0ms)
  Rendered layout layouts/application.html.erb (Duration: 1.6ms | GC: 0.0ms)
Completed 200 OK in 9ms (Views: 2.3ms | ActiveRecord: 0.0ms (0 queries, 0 cached) | GC: 0.0ms)


Started GET "/.well-known/appspecific/com.chrome.devtools.json" for ::1 at 2026-02-28 22:50:25 +0900
  
ActionController::RoutingError (No route matches [GET] "/.well-known/appspecific/com.chrome.devtools.json"):
  
Started GET "/sw.js" for ::1 at 2026-02-28 22:50:25 +0900
  
ActionController::RoutingError (No route matches [GET] "/sw.js"):
  
Started GET "/" for ::1 at 2026-02-28 22:50:25 +0900
Processing by LandingController#index as HTML
  Rendering layout layouts/application.html.erb
  Rendering landing/index.html.erb within layouts/application
  Rendered landing/index.html.erb within layouts/application (Duration: 0.2ms | GC: 0.0ms)
  Rendered layout layouts/application.html.erb (Duration: 2.4ms | GC: 0.0ms)
Completed 200 OK in 10ms (Views: 3.0ms | ActiveRecord: 0.0ms (0 queries, 0 cached) | GC: 0.0ms)


Started GET "/.well-known/appspecific/com.chrome.devtools.json" for ::1 at 2026-02-28 22:50:25 +0900
  
ActionController::RoutingError (No route matches [GET] "/.well-known/appspecific/com.chrome.devtools.json"):
  
Started GET "/sw.js" for ::1 at 2026-02-28 22:50:26 +0900
  
ActionController::RoutingError (No route matches [GET] "/sw.js"):
  
Started GET "/" for ::1 at 2026-02-28 22:50:26 +0900
Processing by LandingController#index as HTML
  Rendering layout layouts/application.html.erb
  Rendering landing/index.html.erb within layouts/application
  Rendered landing/index.html.erb within layouts/application (Duration: 0.2ms | GC: 0.0ms)
  Rendered layout layouts/application.html.erb (Duration: 1.6ms | GC: 0.0ms)
Completed 200 OK in 8ms (Views: 2.2ms | ActiveRecord: 0.0ms (0 queries, 0 cached) | GC: 0.0ms)


Started GET "/.well-known/appspecific/com.chrome.devtools.json" for ::1 at 2026-02-28 22:50:26 +0900
  
ActionController::RoutingError (No route matches [GET] "/.well-known/appspecific/com.chrome.devtools.json"):
  
Started GET "/registrations/new" for ::1 at 2026-02-28 22:50:27 +0900
Processing by RegistrationsController#new as HTML
  Rendering layout layouts/application.html.erb
  Rendering registrations/new.html.erb within layouts/application
  Rendered registrations/new.html.erb within layouts/application (Duration: 1.0ms | GC: 0.0ms)
  Rendered layout layouts/application.html.erb (Duration: 2.7ms | GC: 0.0ms)
Completed 200 OK in 13ms (Views: 3.6ms | ActiveRecord: 0.0ms (0 queries, 0 cached) | GC: 0.0ms)


Started GET "/sw.js" for ::1 at 2026-02-28 22:50:28 +0900
  
ActionController::RoutingError (No route matches [GET] "/sw.js"):
  
Started GET "/registrations/subdomain_availability?subdomain=abc-h" for ::1 at 2026-02-28 22:50:30 +0900
Processing by RegistrationsController#subdomain_availability as JSON
  Parameters: {"subdomain" => "abc-h"}
  [1m[36mOrganization Exists? (2.0ms)[0m  [1m[34mSELECT 1 AS one FROM "organizations" WHERE "organizations"."subdomain" = 'abc-h' LIMIT 1 /*action='subdomain_availability',application='MeetingRails',controller='registrations'*/[0m
  ↳ app/models/organization.rb:28:in 'Organization.subdomain_available?'
Completed 200 OK in 12ms (Views: 0.1ms | ActiveRecord: 2.0ms (1 query, 0 cached) | GC: 0.0ms)


Started GET "/registrations/subdomain_availability?subdomain=abc-h" for ::1 at 2026-02-28 22:50:33 +0900
Processing by RegistrationsController#subdomain_availability as JSON
  Parameters: {"subdomain" => "abc-h"}
  [1m[36mOrganization Exists? (0.4ms)[0m  [1m[34mSELECT 1 AS one FROM "organizations" WHERE "organizations"."subdomain" = 'abc-h' LIMIT 1 /*action='subdomain_availability',application='MeetingRails',controller='registrations'*/[0m
  ↳ app/models/organization.rb:28:in 'Organization.subdomain_available?'
Completed 200 OK in 8ms (Views: 0.1ms | ActiveRecord: 0.4ms (1 query, 0 cached) | GC: 0.0ms)


  [1m[36mOrganization Pluck (1.3ms)[0m  [1m[34mSELECT "organizations"."subdomain" FROM "organizations" /*application='MeetingRails'*/[0m
  [1m[36mOrganization Delete All (5.6ms)[0m  [1m[31mDELETE FROM "organizations" /*application='MeetingRails'*/[0m
  [1m[36mSubscription Delete All (0.4ms)[0m  [1m[31mDELETE FROM "subscriptions" /*application='MeetingRails'*/[0m
  [1m[36mOrganization Delete All (2.8ms)[0m  [1m[31mDELETE FROM "organizations" /*application='MeetingRails'*/[0m
  [1m[36mUser Delete All (0.4ms)[0m  [1m[31mDELETE FROM "users" /*application='MeetingRails'*/[0m
[dotenv] Set [36mDB_PASSWORD[0m, [36mDB_USERNAME[0m, [36mSTRIPE_PRICE_BASIC[0m, [36mSTRIPE_PRICE_PRO[0m, [36mSTRIPE_SECRET_KEY[0m, [36mSTRIPE_WEBHOOK_SECRET[0m, [36mSUPER_ADMIN_PASSWORD[0m
[dotenv] Loaded [33m.env[0m
  [1m[36mActiveRecord::SchemaMigration Load (1.6ms)[0m  [1m[34mSELECT "schema_migrations"."version" FROM "schema_migrations" ORDER BY "schema_migrations"."version" ASC /*application='MeetingRails'*/[0m
  [1m[36mActiveRecord::InternalMetadata Load (1.7ms)[0m  [1m[34mSELECT * FROM "ar_internal_metadata" WHERE "ar_internal_metadata"."key" = 'environment' ORDER BY "ar_internal_metadata"."key" ASC LIMIT 1 /*application='MeetingRails'*/[0m
  [1m[36mActiveRecord::SchemaMigration Load (0.2ms)[0m  [1m[34mSELECT "schema_migrations"."version" FROM "schema_migrations" ORDER BY "schema_migrations"."version" ASC /*application='MeetingRails'*/[0m
  [1m[36mActiveRecord::InternalMetadata Load (0.2ms)[0m  [1m[34mSELECT * FROM "ar_internal_metadata" WHERE "ar_internal_metadata"."key" = 'environment' ORDER BY "ar_internal_metadata"."key" ASC LIMIT 1 /*application='MeetingRails'*/[0m
  [1m[36mActiveRecord::SchemaMigration Load (0.2ms)[0m  [1m[34mSELECT "schema_migrations"."version" FROM "schema_migrations" ORDER BY "schema_migrations"."version" ASC /*application='MeetingRails'*/[0m
  [1m[36mActiveRecord::InternalMetadata Load (0.2ms)[0m  [1m[34mSELECT * FROM "ar_internal_metadata" WHERE "ar_internal_metadata"."key" = 'environment' ORDER BY "ar_internal_metadata"."key" ASC LIMIT 1 /*application='MeetingRails'*/[0m
  [1m[35mSQL (0.1ms)[0m  [1m[35mSET search_path TO public /*application='MeetingRails'*/[0m
  [1m[35m (184.4ms)[0m  [1m[35mDROP DATABASE IF EXISTS "meeting_rails_development" /*application='MeetingRails'*/[0m
  [1m[35mSQL (0.1ms)[0m  [1m[35mSET search_path TO public /*application='MeetingRails'*/[0m
  [1m[35m (186.4ms)[0m  [1m[35mDROP DATABASE IF EXISTS "meeting_rails_test" /*application='MeetingRails'*/[0m
  [1m[35mSQL (0.1ms)[0m  [1m[35mSET search_path TO public /*application='MeetingRails'*/[0m
  [1m[35m (860.8ms)[0m  [1m[35mCREATE DATABASE "meeting_rails_development" ENCODING = 'unicode' /*application='MeetingRails'*/[0m
  [1m[35mSQL (0.1ms)[0m  [1m[35mSET search_path TO public /*application='MeetingRails'*/[0m
  [1m[35m (360.8ms)[0m  [1m[35mCREATE DATABASE "meeting_rails_test" ENCODING = 'unicode' /*application='MeetingRails'*/[0m
  [1m[35mSQL (122.1ms)[0m  [1m[35mCREATE EXTENSION IF NOT EXISTS "plpgsql" SCHEMA pg_catalog /*application='MeetingRails'*/[0m
  [1m[35m (0.2ms)[0m  [1m[35mDROP TABLE IF EXISTS "organizations" CASCADE /*application='MeetingRails'*/[0m
  [1m[35m (43.1ms)[0m  [1m[35mCREATE TABLE "organizations" ("id" bigserial primary key, "active" boolean DEFAULT TRUE NOT NULL, "created_at" timestamp(6) NOT NULL, "name" character varying NOT NULL, "plan_id" bigint, "stripe_customer_id" character varying, "subdomain" character varying NOT NULL, "updated_at" timestamp(6) NOT NULL) /*application='MeetingRails'*/[0m
  [1m[35m (1.4ms)[0m  [1m[35mCREATE INDEX "index_organizations_on_plan_id" ON "organizations" ("plan_id") /*application='MeetingRails'*/[0m
  [1m[35m (1.2ms)[0m  [1m[35mCREATE UNIQUE INDEX "index_organizations_on_subdomain" ON "organizations" ("subdomain") /*application='MeetingRails'*/[0m
  [1m[35m (0.2ms)[0m  [1m[35mDROP TABLE IF EXISTS "plans" CASCADE /*application='MeetingRails'*/[0m
  [1m[35m (3.5ms)[0m  [1m[35mCREATE TABLE "plans" ("id" bigserial primary key, "created_at" timestamp(6) NOT NULL, "name" character varying, "price_cents" integer, "room_limit" integer, "stripe_price_id" character varying, "updated_at" timestamp(6) NOT NULL) /*application='MeetingRails'*/[0m
  [1m[35m (0.3ms)[0m  [1m[35mDROP TABLE IF EXISTS "reservations" CASCADE /*application='MeetingRails'*/[0m
  [1m[35m (3.6ms)[0m  [1m[35mCREATE TABLE "reservations" ("id" bigserial primary key, "created_at" timestamp(6) NOT NULL, "date" date, "end_time" time, "organization_id" bigint NOT NULL, "organizer" character varying, "password_digest" character varying, "purpose" character varying, "room_id" bigint NOT NULL, "start_time" time, "updated_at" timestamp(6) NOT NULL) /*application='MeetingRails'*/[0m
  [1m[35m (1.3ms)[0m  [1m[35mCREATE INDEX "index_reservations_on_organization_id" ON "reservations" ("organization_id") /*application='MeetingRails'*/[0m
  [1m[35m (1.2ms)[0m  [1m[35mCREATE INDEX "index_reservations_on_room_id_and_date" ON "reservations" ("room_id", "date") /*application='MeetingRails'*/[0m
  [1m[35m (1.2ms)[0m  [1m[35mCREATE INDEX "index_reservations_on_room_id" ON "reservations" ("room_id") /*application='MeetingRails'*/[0m
  [1m[35m (0.2ms)[0m  [1m[35mDROP TABLE IF EXISTS "rooms" CASCADE /*application='MeetingRails'*/[0m
  [1m[35m (3.6ms)[0m  [1m[35mCREATE TABLE "rooms" ("id" bigserial primary key, "active" boolean DEFAULT TRUE NOT NULL, "capacity" integer, "created_at" timestamp(6) NOT NULL, "floor" character varying, "name" character varying, "organization_id" bigint NOT NULL, "updated_at" timestamp(6) NOT NULL) /*application='MeetingRails'*/[0m
  [1m[35m (1.6ms)[0m  [1m[35mCREATE INDEX "index_rooms_on_organization_id_and_floor" ON "rooms" ("organization_id", "floor") /*application='MeetingRails'*/[0m
  [1m[35m (1.4ms)[0m  [1m[35mCREATE INDEX "index_rooms_on_organization_id" ON "rooms" ("organization_id") /*application='MeetingRails'*/[0m
  [1m[35m (0.2ms)[0m  [1m[35mDROP TABLE IF EXISTS "subscriptions" CASCADE /*application='MeetingRails'*/[0m
  [1m[35m (4.1ms)[0m  [1m[35mCREATE TABLE "subscriptions" ("id" bigserial primary key, "created_at" timestamp(6) NOT NULL, "current_period_end" timestamp(6), "organization_id" bigint NOT NULL, "plan_id" bigint NOT NULL, "status" character varying, "stripe_subscription_id" character varying, "updated_at" timestamp(6) NOT NULL) /*application='MeetingRails'*/[0m
  [1m[35m (1.5ms)[0m  [1m[35mCREATE UNIQUE INDEX "index_subscriptions_on_organization_id" ON "subscriptions" ("organization_id") /*application='MeetingRails'*/[0m
  [1m[35m (1.6ms)[0m  [1m[35mCREATE INDEX "index_subscriptions_on_plan_id" ON "subscriptions" ("plan_id") /*application='MeetingRails'*/[0m
  [1m[35m (1.3ms)[0m  [1m[35mCREATE UNIQUE INDEX "index_subscriptions_on_stripe_subscription_id" ON "subscriptions" ("stripe_subscription_id") WHERE (stripe_subscription_id IS NOT NULL) /*application='MeetingRails'*/[0m
  [1m[35m (0.3ms)[0m  [1m[35mDROP TABLE IF EXISTS "users" CASCADE /*application='MeetingRails'*/[0m
  [1m[35m (4.1ms)[0m  [1m[35mCREATE TABLE "users" ("id" bigserial primary key, "created_at" timestamp(6) NOT NULL, "email" character varying DEFAULT '' NOT NULL, "encrypted_password" character varying DEFAULT '' NOT NULL, "organization_id" bigint NOT NULL, "remember_created_at" timestamp(6), "reset_password_sent_at" timestamp(6), "reset_password_token" character varying, "role" integer, "updated_at" timestamp(6) NOT NULL) /*application='MeetingRails'*/[0m
  [1m[35m (1.2ms)[0m  [1m[35mCREATE UNIQUE INDEX "index_users_on_email" ON "users" ("email") /*application='MeetingRails'*/[0m
  [1m[35m (1.2ms)[0m  [1m[35mCREATE INDEX "index_users_on_organization_id" ON "users" ("organization_id") /*application='MeetingRails'*/[0m
  [1m[35m (1.2ms)[0m  [1m[35mCREATE UNIQUE INDEX "index_users_on_reset_password_token" ON "users" ("reset_password_token") /*application='MeetingRails'*/[0m
  [1m[35m (4.9ms)[0m  [1m[35mALTER TABLE "reservations" ADD CONSTRAINT "fk_rails_bf8a5a02cd"
FOREIGN KEY ("organization_id")
  REFERENCES "organizations" ("id")
 /*application='MeetingRails'*/[0m
  [1m[35m (1.9ms)[0m  [1m[35mALTER TABLE "reservations" ADD CONSTRAINT "fk_rails_78d1025283"
FOREIGN KEY ("room_id")
  REFERENCES "rooms" ("id")
 /*application='MeetingRails'*/[0m
  [1m[35m (1.0ms)[0m  [1m[35mALTER TABLE "rooms" ADD CONSTRAINT "fk_rails_c2da7dc036"
FOREIGN KEY ("organization_id")
  REFERENCES "organizations" ("id")
 /*application='MeetingRails'*/[0m
  [1m[35m (2.4ms)[0m  [1m[35mALTER TABLE "subscriptions" ADD CONSTRAINT "fk_rails_364213cc3e"
FOREIGN KEY ("organization_id")
  REFERENCES "organizations" ("id")
 /*application='MeetingRails'*/[0m
  [1m[35m (1.4ms)[0m  [1m[35mALTER TABLE "subscriptions" ADD CONSTRAINT "fk_rails_63d3df128b"
FOREIGN KEY ("plan_id")
  REFERENCES "plans" ("id")
 /*application='MeetingRails'*/[0m
  [1m[35m (3.1ms)[0m  [1m[35mALTER TABLE "users" ADD CONSTRAINT "fk_rails_d7b9ff90af"
FOREIGN KEY ("organization_id")
  REFERENCES "organizations" ("id")
 /*application='MeetingRails'*/[0m
  [1m[35m (3.3ms)[0m  [1m[35mCREATE TABLE "schema_migrations" ("version" character varying NOT NULL PRIMARY KEY) /*application='MeetingRails'*/[0m
  [1m[36mActiveRecord::SchemaMigration Load (0.9ms)[0m  [1m[34mSELECT "schema_migrations"."version" FROM "schema_migrations" ORDER BY "schema_migrations"."version" ASC /*application='MeetingRails'*/[0m
  [1m[35m (0.9ms)[0m  [1m[32mINSERT INTO "schema_migrations" (version) VALUES (20260228120000) /*application='MeetingRails'*/[0m
  [1m[35m (0.4ms)[0m  [1m[32mINSERT INTO "schema_migrations" (version) VALUES
(20260228082050),
(20260228082044),
(20260228082038),
(20260228082013),
(20260228081804),
(20260228081758),
(20260228081751); /*application='MeetingRails'*/[0m
  [1m[35m (3.7ms)[0m  [1m[35mCREATE TABLE "ar_internal_metadata" ("key" character varying NOT NULL PRIMARY KEY, "value" character varying, "created_at" timestamp(6) NOT NULL, "updated_at" timestamp(6) NOT NULL) /*application='MeetingRails'*/[0m
  [1m[36mActiveRecord::InternalMetadata Load (1.0ms)[0m  [1m[34mSELECT * FROM "ar_internal_metadata" WHERE "ar_internal_metadata"."key" = 'environment' ORDER BY "ar_internal_metadata"."key" ASC LIMIT 1 /*application='MeetingRails'*/[0m
  [1m[36mActiveRecord::InternalMetadata Create (1.1ms)[0m  [1m[32mINSERT INTO "ar_internal_metadata" ("key", "value", "created_at", "updated_at") VALUES ('environment', 'development', '2026-02-28 13:53:14.344750', '2026-02-28 13:53:14.344754') RETURNING "key" /*application='MeetingRails'*/[0m
  [1m[36mActiveRecord::InternalMetadata Load (0.2ms)[0m  [1m[34mSELECT * FROM "ar_internal_metadata" WHERE "ar_internal_metadata"."key" = 'environment' ORDER BY "ar_internal_metadata"."key" ASC LIMIT 1 /*application='MeetingRails'*/[0m
  [1m[36mActiveRecord::InternalMetadata Load (0.2ms)[0m  [1m[34mSELECT * FROM "ar_internal_metadata" WHERE "ar_internal_metadata"."key" = 'schema_sha1' ORDER BY "ar_internal_metadata"."key" ASC LIMIT 1 /*application='MeetingRails'*/[0m
  [1m[36mActiveRecord::InternalMetadata Create (0.4ms)[0m  [1m[32mINSERT INTO "ar_internal_metadata" ("key", "value", "created_at", "updated_at") VALUES ('schema_sha1', '4a547b972cb39d8090fe3c925cae13c651fd7287', '2026-02-28 13:53:14.359710', '2026-02-28 13:53:14.359712') RETURNING "key" /*application='MeetingRails'*/[0m
  [1m[35mSQL (112.3ms)[0m  [1m[35mCREATE EXTENSION IF NOT EXISTS "plpgsql" SCHEMA pg_catalog /*application='MeetingRails'*/[0m
  [1m[35m (0.1ms)[0m  [1m[35mDROP TABLE IF EXISTS "organizations" CASCADE /*application='MeetingRails'*/[0m
  [1m[35m (44.4ms)[0m  [1m[35mCREATE TABLE "organizations" ("id" bigserial primary key, "active" boolean DEFAULT TRUE NOT NULL, "created_at" timestamp(6) NOT NULL, "name" character varying NOT NULL, "plan_id" bigint, "stripe_customer_id" character varying, "subdomain" character varying NOT NULL, "updated_at" timestamp(6) NOT NULL) /*application='MeetingRails'*/[0m
  [1m[35m (1.8ms)[0m  [1m[35mCREATE INDEX "index_organizations_on_plan_id" ON "organizations" ("plan_id") /*application='MeetingRails'*/[0m
  [1m[35m (1.8ms)[0m  [1m[35mCREATE UNIQUE INDEX "index_organizations_on_subdomain" ON "organizations" ("subdomain") /*application='MeetingRails'*/[0m
  [1m[35m (0.3ms)[0m  [1m[35mDROP TABLE IF EXISTS "plans" CASCADE /*application='MeetingRails'*/[0m
  [1m[35m (3.9ms)[0m  [1m[35mCREATE TABLE "plans" ("id" bigserial primary key, "created_at" timestamp(6) NOT NULL, "name" character varying, "price_cents" integer, "room_limit" integer, "stripe_price_id" character varying, "updated_at" timestamp(6) NOT NULL) /*application='MeetingRails'*/[0m
  [1m[35m (0.5ms)[0m  [1m[35mDROP TABLE IF EXISTS "reservations" CASCADE /*application='MeetingRails'*/[0m
  [1m[35m (3.5ms)[0m  [1m[35mCREATE TABLE "reservations" ("id" bigserial primary key, "created_at" timestamp(6) NOT NULL, "date" date, "end_time" time, "organization_id" bigint NOT NULL, "organizer" character varying, "password_digest" character varying, "purpose" character varying, "room_id" bigint NOT NULL, "start_time" time, "updated_at" timestamp(6) NOT NULL) /*application='MeetingRails'*/[0m
  [1m[35m (1.2ms)[0m  [1m[35mCREATE INDEX "index_reservations_on_organization_id" ON "reservations" ("organization_id") /*application='MeetingRails'*/[0m
  [1m[35m (1.1ms)[0m  [1m[35mCREATE INDEX "index_reservations_on_room_id_and_date" ON "reservations" ("room_id", "date") /*application='MeetingRails'*/[0m
  [1m[35m (1.1ms)[0m  [1m[35mCREATE INDEX "index_reservations_on_room_id" ON "reservations" ("room_id") /*application='MeetingRails'*/[0m
  [1m[35m (0.2ms)[0m  [1m[35mDROP TABLE IF EXISTS "rooms" CASCADE /*application='MeetingRails'*/[0m
  [1m[35m (3.4ms)[0m  [1m[35mCREATE TABLE "rooms" ("id" bigserial primary key, "active" boolean DEFAULT TRUE NOT NULL, "capacity" integer, "created_at" timestamp(6) NOT NULL, "floor" character varying, "name" character varying, "organization_id" bigint NOT NULL, "updated_at" timestamp(6) NOT NULL) /*application='MeetingRails'*/[0m
  [1m[35m (1.2ms)[0m  [1m[35mCREATE INDEX "index_rooms_on_organization_id_and_floor" ON "rooms" ("organization_id", "floor") /*application='MeetingRails'*/[0m
  [1m[35m (1.0ms)[0m  [1m[35mCREATE INDEX "index_rooms_on_organization_id" ON "rooms" ("organization_id") /*application='MeetingRails'*/[0m
  [1m[35m (0.1ms)[0m  [1m[35mDROP TABLE IF EXISTS "subscriptions" CASCADE /*application='MeetingRails'*/[0m
  [1m[35m (3.9ms)[0m  [1m[35mCREATE TABLE "subscriptions" ("id" bigserial primary key, "created_at" timestamp(6) NOT NULL, "current_period_end" timestamp(6), "organization_id" bigint NOT NULL, "plan_id" bigint NOT NULL, "status" character varying, "stripe_subscription_id" character varying, "updated_at" timestamp(6) NOT NULL) /*application='MeetingRails'*/[0m
  [1m[35m (1.4ms)[0m  [1m[35mCREATE UNIQUE INDEX "index_subscriptions_on_organization_id" ON "subscriptions" ("organization_id") /*application='MeetingRails'*/[0m
  [1m[35m (1.7ms)[0m  [1m[35mCREATE INDEX "index_subscriptions_on_plan_id" ON "subscriptions" ("plan_id") /*application='MeetingRails'*/[0m
  [1m[35m (1.3ms)[0m  [1m[35mCREATE UNIQUE INDEX "index_subscriptions_on_stripe_subscription_id" ON "subscriptions" ("stripe_subscription_id") WHERE (stripe_subscription_id IS NOT NULL) /*application='MeetingRails'*/[0m
  [1m[35m (0.2ms)[0m  [1m[35mDROP TABLE IF EXISTS "users" CASCADE /*application='MeetingRails'*/[0m
  [1m[35m (3.7ms)[0m  [1m[35mCREATE TABLE "users" ("id" bigserial primary key, "created_at" timestamp(6) NOT NULL, "email" character varying DEFAULT '' NOT NULL, "encrypted_password" character varying DEFAULT '' NOT NULL, "organization_id" bigint NOT NULL, "remember_created_at" timestamp(6), "reset_password_sent_at" timestamp(6), "reset_password_token" character varying, "role" integer, "updated_at" timestamp(6) NOT NULL) /*application='MeetingRails'*/[0m
  [1m[35m (1.5ms)[0m  [1m[35mCREATE UNIQUE INDEX "index_users_on_email" ON "users" ("email") /*application='MeetingRails'*/[0m
  [1m[35m (1.3ms)[0m  [1m[35mCREATE INDEX "index_users_on_organization_id" ON "users" ("organization_id") /*application='MeetingRails'*/[0m
  [1m[35m (1.5ms)[0m  [1m[35mCREATE UNIQUE INDEX "index_users_on_reset_password_token" ON "users" ("reset_password_token") /*application='MeetingRails'*/[0m
  [1m[35m (5.4ms)[0m  [1m[35mALTER TABLE "reservations" ADD CONSTRAINT "fk_rails_bf8a5a02cd"
FOREIGN KEY ("organization_id")
  REFERENCES "organizations" ("id")
 /*application='MeetingRails'*/[0m
  [1m[35m (1.8ms)[0m  [1m[35mALTER TABLE "reservations" ADD CONSTRAINT "fk_rails_78d1025283"
FOREIGN KEY ("room_id")
  REFERENCES "rooms" ("id")
 /*application='MeetingRails'*/[0m
  [1m[35m (0.8ms)[0m  [1m[35mALTER TABLE "rooms" ADD CONSTRAINT "fk_rails_c2da7dc036"
FOREIGN KEY ("organization_id")
  REFERENCES "organizations" ("id")
 /*application='MeetingRails'*/[0m
  [1m[35m (2.0ms)[0m  [1m[35mALTER TABLE "subscriptions" ADD CONSTRAINT "fk_rails_364213cc3e"
FOREIGN KEY ("organization_id")
  REFERENCES "organizations" ("id")
 /*application='MeetingRails'*/[0m
  [1m[35m (1.4ms)[0m  [1m[35mALTER TABLE "subscriptions" ADD CONSTRAINT "fk_rails_63d3df128b"
FOREIGN KEY ("plan_id")
  REFERENCES "plans" ("id")
 /*application='MeetingRails'*/[0m
  [1m[35m (2.4ms)[0m  [1m[35mALTER TABLE "users" ADD CONSTRAINT "fk_rails_d7b9ff90af"
FOREIGN KEY ("organization_id")
  REFERENCES "organizations" ("id")
 /*application='MeetingRails'*/[0m
  [1m[35m (2.9ms)[0m  [1m[35mCREATE TABLE "schema_migrations" ("version" character varying NOT NULL PRIMARY KEY) /*application='MeetingRails'*/[0m
  [1m[36mActiveRecord::SchemaMigration Load (0.7ms)[0m  [1m[34mSELECT "schema_migrations"."version" FROM "schema_migrations" ORDER BY "schema_migrations"."version" ASC /*application='MeetingRails'*/[0m
  [1m[35m (0.7ms)[0m  [1m[32mINSERT INTO "schema_migrations" (version) VALUES (20260228120000) /*application='MeetingRails'*/[0m
  [1m[35m (0.3ms)[0m  [1m[32mINSERT INTO "schema_migrations" (version) VALUES
(20260228082050),
(20260228082044),
(20260228082038),
(20260228082013),
(20260228081804),
(20260228081758),
(20260228081751); /*application='MeetingRails'*/[0m
  [1m[35m (3.4ms)[0m  [1m[35mCREATE TABLE "ar_internal_metadata" ("key" character varying NOT NULL PRIMARY KEY, "value" character varying, "created_at" timestamp(6) NOT NULL, "updated_at" timestamp(6) NOT NULL) /*application='MeetingRails'*/[0m
  [1m[36mActiveRecord::InternalMetadata Load (0.9ms)[0m  [1m[34mSELECT * FROM "ar_internal_metadata" WHERE "ar_internal_metadata"."key" = 'environment' ORDER BY "ar_internal_metadata"."key" ASC LIMIT 1 /*application='MeetingRails'*/[0m
  [1m[36mActiveRecord::InternalMetadata Create (0.7ms)[0m  [1m[32mINSERT INTO "ar_internal_metadata" ("key", "value", "created_at", "updated_at") VALUES ('environment', 'development', '2026-02-28 13:53:14.671755', '2026-02-28 13:53:14.671758') RETURNING "key" /*application='MeetingRails'*/[0m
  [1m[36mActiveRecord::InternalMetadata Load (0.2ms)[0m  [1m[34mSELECT * FROM "ar_internal_metadata" WHERE "ar_internal_metadata"."key" = 'environment' ORDER BY "ar_internal_metadata"."key" ASC LIMIT 1 /*application='MeetingRails'*/[0m
  [1m[36mActiveRecord::InternalMetadata Update (0.5ms)[0m  [1m[33mUPDATE "ar_internal_metadata" SET "value" = 'test', "updated_at" = '2026-02-28 13:53:14.677037' WHERE "ar_internal_metadata"."key" = 'environment' /*application='MeetingRails'*/[0m
  [1m[36mActiveRecord::InternalMetadata Load (0.3ms)[0m  [1m[34mSELECT * FROM "ar_internal_metadata" WHERE "ar_internal_metadata"."key" = 'schema_sha1' ORDER BY "ar_internal_metadata"."key" ASC LIMIT 1 /*application='MeetingRails'*/[0m
  [1m[36mActiveRecord::InternalMetadata Create (0.4ms)[0m  [1m[32mINSERT INTO "ar_internal_metadata" ("key", "value", "created_at", "updated_at") VALUES ('schema_sha1', '4a547b972cb39d8090fe3c925cae13c651fd7287', '2026-02-28 13:53:14.680733', '2026-02-28 13:53:14.680735') RETURNING "key" /*application='MeetingRails'*/[0m
  [1m[36mActiveRecord::SchemaMigration Load (1.6ms)[0m  [1m[34mSELECT "schema_migrations"."version" FROM "schema_migrations" ORDER BY "schema_migrations"."version" ASC /*application='MeetingRails'*/[0m
  [1m[36mPlan Load (0.7ms)[0m  [1m[34mSELECT "plans".* FROM "plans" WHERE "plans"."name" = 'free' LIMIT 1 /*application='MeetingRails'*/[0m
  [1m[36mTRANSACTION (0.1ms)[0m  [1m[35mBEGIN /*application='MeetingRails'*/[0m
  [1m[36mPlan Exists? (0.2ms)[0m  [1m[34mSELECT 1 AS one FROM "plans" WHERE "plans"."name" = 'free' LIMIT 1 /*application='MeetingRails'*/[0m
  [1m[36mPlan Create (0.7ms)[0m  [1m[32mINSERT INTO "plans" ("created_at", "name", "price_cents", "room_limit", "stripe_price_id", "updated_at") VALUES ('2026-02-28 13:53:14.855437', 'free', 0, 2, NULL, '2026-02-28 13:53:14.855437') RETURNING "id" /*application='MeetingRails'*/[0m
  [1m[36mTRANSACTION (0.9ms)[0m  [1m[35mCOMMIT /*application='MeetingRails'*/[0m
  [1m[36mPlan Load (0.3ms)[0m  [1m[34mSELECT "plans".* FROM "plans" WHERE "plans"."name" = 'basic' LIMIT 1 /*application='MeetingRails'*/[0m
  [1m[36mTRANSACTION (0.1ms)[0m  [1m[35mBEGIN /*application='MeetingRails'*/[0m
  [1m[36mPlan Exists? (3.2ms)[0m  [1m[34mSELECT 1 AS one FROM "plans" WHERE "plans"."name" = 'basic' LIMIT 1 /*application='MeetingRails'*/[0m
  [1m[36mPlan Create (0.3ms)[0m  [1m[32mINSERT INTO "plans" ("created_at", "name", "price_cents", "room_limit", "stripe_price_id", "updated_at") VALUES ('2026-02-28 13:53:14.871871', 'basic', 29000, 10, 'price_1T5mZcRz6rKcQpf6LPZSBZ20', '2026-02-28 13:53:14.871871') RETURNING "id" /*application='MeetingRails'*/[0m
  [1m[36mTRANSACTION (0.3ms)[0m  [1m[35mCOMMIT /*application='MeetingRails'*/[0m
  [1m[36mPlan Load (0.2ms)[0m  [1m[34mSELECT "plans".* FROM "plans" WHERE "plans"."name" = 'pro' LIMIT 1 /*application='MeetingRails'*/[0m
  [1m[36mTRANSACTION (0.1ms)[0m  [1m[35mBEGIN /*application='MeetingRails'*/[0m
  [1m[36mPlan Exists? (2.0ms)[0m  [1m[34mSELECT 1 AS one FROM "plans" WHERE "plans"."name" = 'pro' LIMIT 1 /*application='MeetingRails'*/[0m
  [1m[36mPlan Create (0.2ms)[0m  [1m[32mINSERT INTO "plans" ("created_at", "name", "price_cents", "room_limit", "stripe_price_id", "updated_at") VALUES ('2026-02-28 13:53:14.881476', 'pro', 99000, NULL, 'price_1T5mZcRz6rKcQpf6DPYvg8BQ', '2026-02-28 13:53:14.881476') RETURNING "id" /*application='MeetingRails'*/[0m
  [1m[36mTRANSACTION (0.3ms)[0m  [1m[35mCOMMIT /*application='MeetingRails'*/[0m
  [1m[36mPlan Load (0.2ms)[0m  [1m[34mSELECT "plans".* FROM "plans" WHERE "plans"."name" = 'basic' LIMIT 1 /*application='MeetingRails'*/[0m
  [1m[36mTRANSACTION (0.2ms)[0m  [1m[35mBEGIN /*application='MeetingRails'*/[0m
  [1m[36mPlan Exists? (0.2ms)[0m  [1m[34mSELECT 1 AS one FROM "plans" WHERE "plans"."name" = 'basic' AND "plans"."id" != 2 LIMIT 1 /*application='MeetingRails'*/[0m
  [1m[36mTRANSACTION (0.1ms)[0m  [1m[35mCOMMIT /*application='MeetingRails'*/[0m
  [1m[36mPlan Load (0.2ms)[0m  [1m[34mSELECT "plans".* FROM "plans" WHERE "plans"."name" = 'pro' LIMIT 1 /*application='MeetingRails'*/[0m
  [1m[36mTRANSACTION (0.1ms)[0m  [1m[35mBEGIN /*application='MeetingRails'*/[0m
  [1m[36mPlan Exists? (3.1ms)[0m  [1m[34mSELECT 1 AS one FROM "plans" WHERE "plans"."name" = 'pro' AND "plans"."id" != 3 LIMIT 1 /*application='MeetingRails'*/[0m
  [1m[36mTRANSACTION (0.1ms)[0m  [1m[35mCOMMIT /*application='MeetingRails'*/[0m
  [1m[36mPlan Count (0.3ms)[0m  [1m[34mSELECT COUNT(*) FROM "plans" /*application='MeetingRails'*/[0m
  [1m[36mOrganization Load (2.0ms)[0m  [1m[34mSELECT "organizations".* FROM "organizations" WHERE "organizations"."subdomain" = 'demo' LIMIT 1 /*application='MeetingRails'*/[0m
  [1m[36mTRANSACTION (0.2ms)[0m  [1m[35mBEGIN /*application='MeetingRails'*/[0m
  [1m[36mOrganization Exists? (0.4ms)[0m  [1m[34mSELECT 1 AS one FROM "organizations" WHERE "organizations"."subdomain" = 'demo' LIMIT 1 /*application='MeetingRails'*/[0m
  [1m[36mOrganization Create (0.8ms)[0m  [1m[32mINSERT INTO "organizations" ("active", "created_at", "name", "plan_id", "stripe_customer_id", "subdomain", "updated_at") VALUES (TRUE, '2026-02-28 13:53:14.955891', '데모 병원', 1, NULL, 'demo', '2026-02-28 13:53:14.955891') RETURNING "id" /*application='MeetingRails'*/[0m
  [1m[36mTRANSACTION (0.4ms)[0m  [1m[35mCOMMIT /*application='MeetingRails'*/[0m
  [1m[36mUser Load (2.0ms)[0m  [1m[34mSELECT "users".* FROM "users" WHERE "users"."email" = 'admin@demo.com' LIMIT 1 /*application='MeetingRails'*/[0m
  [1m[36mTRANSACTION (0.2ms)[0m  [1m[35mBEGIN /*application='MeetingRails'*/[0m
  [1m[36mUser Exists? (0.4ms)[0m  [1m[34mSELECT 1 AS one FROM "users" WHERE "users"."email" = 'admin@demo.com' LIMIT 1 /*application='MeetingRails'*/[0m
  [1m[36mUser Create (1.2ms)[0m  [1m[32mINSERT INTO "users" ("created_at", "email", "encrypted_password", "organization_id", "remember_created_at", "reset_password_sent_at", "reset_password_token", "role", "updated_at") VALUES ('2026-02-28 13:53:15.173189', 'admin@demo.com', '$2a$12$UXIayqy80vlqHQgWWvl5y.6l859XOTvsGFGdQQC/d.Ihqv8LtDqnO', 1, NULL, NULL, NULL, 1, '2026-02-28 13:53:15.173189') RETURNING "id" /*application='MeetingRails'*/[0m
  [1m[36mTRANSACTION (0.4ms)[0m  [1m[35mCOMMIT /*application='MeetingRails'*/[0m
  [1m[36mSubscription Load (2.0ms)[0m  [1m[34mSELECT "subscriptions".* FROM "subscriptions" WHERE "subscriptions"."organization_id" = 1 LIMIT 1 /*application='MeetingRails'*/[0m
  [1m[36mTRANSACTION (0.2ms)[0m  [1m[35mBEGIN /*application='MeetingRails'*/[0m
  [1m[36mSubscription Create (2.8ms)[0m  [1m[32mINSERT INTO "subscriptions" ("created_at", "current_period_end", "organization_id", "plan_id", "status", "stripe_subscription_id", "updated_at") VALUES ('2026-02-28 13:53:15.192964', '2126-02-28 13:53:15.190120', 1, 1, 'active', NULL, '2026-02-28 13:53:15.192964') RETURNING "id" /*application='MeetingRails'*/[0m
  [1m[36mTRANSACTION (0.3ms)[0m  [1m[35mCOMMIT /*application='MeetingRails'*/[0m
  [1m[36mRoom Load (1.7ms)[0m  [1m[34mSELECT "rooms".* FROM "rooms" WHERE "rooms"."organization_id" = 1 AND "rooms"."name" = '소회의실 A' LIMIT 1 /*application='MeetingRails'*/[0m
  [1m[36mTRANSACTION (0.1ms)[0m  [1m[35mBEGIN /*application='MeetingRails'*/[0m
  [1m[36mRoom Create (1.2ms)[0m  [1m[32mINSERT INTO "rooms" ("active", "capacity", "created_at", "floor", "name", "organization_id", "updated_at") VALUES (TRUE, 6, '2026-02-28 13:53:15.214903', '1층', '소회의실 A', 1, '2026-02-28 13:53:15.214903') RETURNING "id" /*application='MeetingRails'*/[0m
  [1m[36mTRANSACTION (0.3ms)[0m  [1m[35mCOMMIT /*application='MeetingRails'*/[0m
  [1m[36mRoom Load (0.3ms)[0m  [1m[34mSELECT "rooms".* FROM "rooms" WHERE "rooms"."organization_id" = 1 AND "rooms"."name" = '소회의실 B' LIMIT 1 /*application='MeetingRails'*/[0m
  [1m[36mTRANSACTION (0.2ms)[0m  [1m[35mBEGIN /*application='MeetingRails'*/[0m
  [1m[36mRoom Create (2.3ms)[0m  [1m[32mINSERT INTO "rooms" ("active", "capacity", "created_at", "floor", "name", "organization_id", "updated_at") VALUES (TRUE, 8, '2026-02-28 13:53:15.223687', '1층', '소회의실 B', 1, '2026-02-28 13:53:15.223687') RETURNING "id" /*application='MeetingRails'*/[0m
  [1m[36mTRANSACTION (0.4ms)[0m  [1m[35mCOMMIT /*application='MeetingRails'*/[0m
  [1m[36mRoom Count (0.3ms)[0m  [1m[34mSELECT COUNT(*) FROM "rooms" WHERE "rooms"."organization_id" = 1 /*application='MeetingRails'*/[0m
[dotenv] Set [36mDB_PASSWORD[0m, [36mDB_USERNAME[0m, [36mSTRIPE_PRICE_BASIC[0m, [36mSTRIPE_PRICE_PRO[0m, [36mSTRIPE_SECRET_KEY[0m, [36mSTRIPE_WEBHOOK_SECRET[0m, [36mSUPER_ADMIN_PASSWORD[0m
[dotenv] Loaded [33m.env[0m
Started GET "/registrations/new" for ::1 at 2026-02-28 22:53:33 +0900
Started GET "/" for ::1 at 2026-02-28 22:53:33 +0900
  [1m[36mActiveRecord::SchemaMigration Load (1.6ms)[0m  [1m[34mSELECT "schema_migrations"."version" FROM "schema_migrations" ORDER BY "schema_migrations"."version" ASC /*application='MeetingRails'*/[0m
  
ActionController::RoutingError (No route matches [GET] "/"):
  
Processing by RegistrationsController#new as HTML
  Rendering layout layouts/application.html.erb
  Rendering registrations/new.html.erb within layouts/application
  Rendered registrations/new.html.erb within layouts/application (Duration: 1.8ms | GC: 0.0ms)
  Rendered layout layouts/application.html.erb (Duration: 20.8ms | GC: 0.0ms)
Completed 200 OK in 248ms (Views: 26.5ms | ActiveRecord: 20.8ms (0 queries, 0 cached) | GC: 0.0ms)


Started GET "/.well-known/appspecific/com.chrome.devtools.json" for ::1 at 2026-02-28 22:53:34 +0900
  
ActionController::RoutingError (No route matches [GET] "/.well-known/appspecific/com.chrome.devtools.json"):
  
Started GET "/" for ::1 at 2026-02-28 22:53:35 +0900
Processing by LandingController#index as HTML
  Rendering layout layouts/application.html.erb
  Rendering landing/index.html.erb within layouts/application
  Rendered landing/index.html.erb within layouts/application (Duration: 0.7ms | GC: 0.0ms)
  Rendered layout layouts/application.html.erb (Duration: 3.0ms | GC: 0.0ms)
Completed 200 OK in 17ms (Views: 7.8ms | ActiveRecord: 0.0ms (0 queries, 0 cached) | GC: 0.0ms)


Started GET "/registrations/new" for ::1 at 2026-02-28 22:53:36 +0900
Processing by RegistrationsController#new as HTML
  Rendering layout layouts/application.html.erb
  Rendering registrations/new.html.erb within layouts/application
  Rendered registrations/new.html.erb within layouts/application (Duration: 0.8ms | GC: 0.0ms)
  Rendered layout layouts/application.html.erb (Duration: 2.2ms | GC: 0.0ms)
Completed 200 OK in 12ms (Views: 3.2ms | ActiveRecord: 0.0ms (0 queries, 0 cached) | GC: 0.0ms)


Started GET "/registrations/subdomain_availability?subdomain=abc-h" for ::1 at 2026-02-28 22:53:40 +0900
Processing by RegistrationsController#subdomain_availability as JSON
  Parameters: {"subdomain" => "abc-h"}
  [1m[36mOrganization Exists? (2.2ms)[0m  [1m[34mSELECT 1 AS one FROM "organizations" WHERE "organizations"."subdomain" = 'abc-h' LIMIT 1 /*action='subdomain_availability',application='MeetingRails',controller='registrations'*/[0m
  ↳ app/models/organization.rb:28:in 'Organization.subdomain_available?'
Completed 200 OK in 21ms (Views: 0.1ms | ActiveRecord: 2.2ms (1 query, 0 cached) | GC: 0.0ms)


Started GET "/registrations/subdomain_availability?subdomain=abc-h" for ::1 at 2026-02-28 22:53:40 +0900
Processing by RegistrationsController#subdomain_availability as JSON
  Parameters: {"subdomain" => "abc-h"}
  [1m[36mOrganization Exists? (0.4ms)[0m  [1m[34mSELECT 1 AS one FROM "organizations" WHERE "organizations"."subdomain" = 'abc-h' LIMIT 1 /*action='subdomain_availability',application='MeetingRails',controller='registrations'*/[0m
  ↳ app/models/organization.rb:28:in 'Organization.subdomain_available?'
Completed 200 OK in 9ms (Views: 0.1ms | ActiveRecord: 0.4ms (1 query, 0 cached) | GC: 0.0ms)


Started POST "/registrations" for ::1 at 2026-02-28 22:53:47 +0900
Processing by RegistrationsController#create as TURBO_STREAM
  Parameters: {"authenticity_token" => "[FILTERED]", "organization" => {"name" => "부산대병원", "subdomain" => "abc-h"}, "user" => {"email" => "[FILTERED]", "password" => "[FILTERED]", "password_confirmation" => "[FILTERED]"}}
  [1m[36mTRANSACTION (0.3ms)[0m  [1m[35mBEGIN /*action='create',application='MeetingRails',controller='registrations'*/[0m
  ↳ app/controllers/registrations_controller.rb:13:in 'block in RegistrationsController#create'
  [1m[36mPlan Load (1.2ms)[0m  [1m[34mSELECT "plans".* FROM "plans" WHERE "plans"."name" = 'free' LIMIT 1 /*action='create',application='MeetingRails',controller='registrations'*/[0m
  ↳ app/controllers/registrations_controller.rb:13:in 'block in RegistrationsController#create'
  [1m[36mOrganization Exists? (0.3ms)[0m  [1m[34mSELECT 1 AS one FROM "organizations" WHERE "organizations"."subdomain" = 'abc-h' LIMIT 1 /*action='create',application='MeetingRails',controller='registrations'*/[0m
  ↳ app/controllers/registrations_controller.rb:15:in 'block in RegistrationsController#create'
  [1m[36mOrganization Create (0.6ms)[0m  [1m[32mINSERT INTO "organizations" ("active", "created_at", "name", "plan_id", "stripe_customer_id", "subdomain", "updated_at") VALUES (TRUE, '2026-02-28 13:53:47.654494', '부산대병원', 1, NULL, 'abc-h', '2026-02-28 13:53:47.654494') RETURNING "id" /*action='create',application='MeetingRails',controller='registrations'*/[0m
  ↳ app/controllers/registrations_controller.rb:15:in 'block in RegistrationsController#create'
  [1m[36mUser Exists? (2.0ms)[0m  [1m[34mSELECT 1 AS one FROM "users" WHERE "users"."email" = 'dovi0628@gmail.com' LIMIT 1 /*action='create',application='MeetingRails',controller='registrations'*/[0m
  ↳ app/controllers/registrations_controller.rb:16:in 'block in RegistrationsController#create'
  [1m[36mUser Create (0.6ms)[0m  [1m[32mINSERT INTO "users" ("created_at", "email", "encrypted_password", "organization_id", "remember_created_at", "reset_password_sent_at", "reset_password_token", "role", "updated_at") VALUES ('2026-02-28 13:53:47.661458', 'dovi0628@gmail.com', '$2a$12$JdR/0hNLxi/5KiZxj1xuTeT8r63vR61vTJlzib6FEmePdjaH8ICqW', 2, NULL, NULL, NULL, 1, '2026-02-28 13:53:47.661458') RETURNING "id" /*action='create',application='MeetingRails',controller='registrations'*/[0m
  ↳ app/controllers/registrations_controller.rb:16:in 'block in RegistrationsController#create'
  [1m[36mSubscription Create (1.4ms)[0m  [1m[32mINSERT INTO "subscriptions" ("created_at", "current_period_end", "organization_id", "plan_id", "status", "stripe_subscription_id", "updated_at") VALUES ('2026-02-28 13:53:47.674833', '2126-02-28 13:53:47.663702', 2, 1, 'active', NULL, '2026-02-28 13:53:47.674833') RETURNING "id" /*action='create',application='MeetingRails',controller='registrations'*/[0m
  ↳ app/controllers/registrations_controller.rb:17:in 'block in RegistrationsController#create'
  [1m[36mSubscription Load (2.1ms)[0m  [1m[34mSELECT "subscriptions".* FROM "subscriptions" WHERE "subscriptions"."organization_id" = 2 LIMIT 1 /*action='create',application='MeetingRails',controller='registrations'*/[0m
  ↳ app/controllers/registrations_controller.rb:17:in 'block in RegistrationsController#create'
  [1m[36mTRANSACTION (0.9ms)[0m  [1m[35mCOMMIT /*action='create',application='MeetingRails',controller='registrations'*/[0m
  ↳ app/controllers/registrations_controller.rb:12:in 'RegistrationsController#create'
Redirected to http://abc-h.localhost:3000/admin
↳ app/controllers/registrations_controller.rb:25:in 'RegistrationsController#create'
Completed 302 Found in 244ms (ActiveRecord: 13.7ms (7 queries, 0 cached) | GC: 0.0ms)


Started GET "/" for ::1 at 2026-02-28 22:56:56 +0900
Processing by LandingController#index as HTML
  Rendering layout layouts/application.html.erb
  Rendering landing/index.html.erb within layouts/application
  Rendered landing/index.html.erb within layouts/application (Duration: 0.3ms | GC: 0.0ms)
  [1m[36mUser Load (0.7ms)[0m  [1m[34mSELECT "users".* FROM "users" WHERE "users"."id" = 2 ORDER BY "users"."id" ASC LIMIT 1 /*action='index',application='MeetingRails',controller='landing'*/[0m
  ↳ app/views/layouts/application.html.erb:40
  Rendered layout layouts/application.html.erb (Duration: 5.0ms | GC: 0.0ms)
Completed 200 OK in 12ms (Views: 5.1ms | ActiveRecord: 0.7ms (1 query, 0 cached) | GC: 0.0ms)


[dotenv] Set [36mDB_PASSWORD[0m, [36mDB_USERNAME[0m, [36mSTRIPE_PRICE_BASIC[0m, [36mSTRIPE_PRICE_PRO[0m, [36mSTRIPE_SECRET_KEY[0m, [36mSTRIPE_WEBHOOK_SECRET[0m, [36mSUPER_ADMIN_PASSWORD[0m
[dotenv] Loaded [33m.env[0m
  [1m[36mActiveRecord::SchemaMigration Load (1.6ms)[0m  [1m[34mSELECT "schema_migrations"."version" FROM "schema_migrations" ORDER BY "schema_migrations"."version" ASC /*application='MeetingRails'*/[0m
  [1m[36mActiveRecord::InternalMetadata Load (1.5ms)[0m  [1m[34mSELECT * FROM "ar_internal_metadata" WHERE "ar_internal_metadata"."key" = 'environment' ORDER BY "ar_internal_metadata"."key" ASC LIMIT 1 /*application='MeetingRails'*/[0m
  [1m[36mActiveRecord::SchemaMigration Load (0.2ms)[0m  [1m[34mSELECT "schema_migrations"."version" FROM "schema_migrations" ORDER BY "schema_migrations"."version" ASC /*application='MeetingRails'*/[0m
  [1m[36mActiveRecord::InternalMetadata Load (0.2ms)[0m  [1m[34mSELECT * FROM "ar_internal_metadata" WHERE "ar_internal_metadata"."key" = 'environment' ORDER BY "ar_internal_metadata"."key" ASC LIMIT 1 /*application='MeetingRails'*/[0m
  [1m[36mActiveRecord::SchemaMigration Load (0.2ms)[0m  [1m[34mSELECT "schema_migrations"."version" FROM "schema_migrations" ORDER BY "schema_migrations"."version" ASC /*application='MeetingRails'*/[0m
  [1m[36mActiveRecord::InternalMetadata Load (0.2ms)[0m  [1m[34mSELECT * FROM "ar_internal_metadata" WHERE "ar_internal_metadata"."key" = 'environment' ORDER BY "ar_internal_metadata"."key" ASC LIMIT 1 /*application='MeetingRails'*/[0m
  [1m[35mSQL (0.1ms)[0m  [1m[35mSET search_path TO public /*application='MeetingRails'*/[0m
  [1m[35m (616.9ms)[0m  [1m[35mDROP DATABASE IF EXISTS "meeting_rails_development" /*application='MeetingRails'*/[0m
  [1m[35mSQL (0.1ms)[0m  [1m[35mSET search_path TO public /*application='MeetingRails'*/[0m
  [1m[35m (194.4ms)[0m  [1m[35mDROP DATABASE IF EXISTS "meeting_rails_test" /*application='MeetingRails'*/[0m
  [1m[35mSQL (0.1ms)[0m  [1m[35mSET search_path TO public /*application='MeetingRails'*/[0m
  [1m[35m (342.7ms)[0m  [1m[35mCREATE DATABASE "meeting_rails_development" ENCODING = 'unicode' /*application='MeetingRails'*/[0m
  [1m[35mSQL (0.1ms)[0m  [1m[35mSET search_path TO public /*application='MeetingRails'*/[0m
  [1m[35m (344.4ms)[0m  [1m[35mCREATE DATABASE "meeting_rails_test" ENCODING = 'unicode' /*application='MeetingRails'*/[0m
  [1m[35mSQL (112.0ms)[0m  [1m[35mCREATE EXTENSION IF NOT EXISTS "plpgsql" SCHEMA pg_catalog /*application='MeetingRails'*/[0m
  [1m[35m (0.2ms)[0m  [1m[35mDROP TABLE IF EXISTS "organizations" CASCADE /*application='MeetingRails'*/[0m
  [1m[35m (45.0ms)[0m  [1m[35mCREATE TABLE "organizations" ("id" bigserial primary key, "active" boolean DEFAULT TRUE NOT NULL, "created_at" timestamp(6) NOT NULL, "name" character varying NOT NULL, "plan_id" bigint, "stripe_customer_id" character varying, "subdomain" character varying NOT NULL, "updated_at" timestamp(6) NOT NULL) /*application='MeetingRails'*/[0m
  [1m[35m (1.5ms)[0m  [1m[35mCREATE INDEX "index_organizations_on_plan_id" ON "organizations" ("plan_id") /*application='MeetingRails'*/[0m
  [1m[35m (1.7ms)[0m  [1m[35mCREATE UNIQUE INDEX "index_organizations_on_subdomain" ON "organizations" ("subdomain") /*application='MeetingRails'*/[0m
  [1m[35m (0.2ms)[0m  [1m[35mDROP TABLE IF EXISTS "plans" CASCADE /*application='MeetingRails'*/[0m
  [1m[35m (4.4ms)[0m  [1m[35mCREATE TABLE "plans" ("id" bigserial primary key, "created_at" timestamp(6) NOT NULL, "name" character varying, "price_cents" integer, "room_limit" integer, "stripe_price_id" character varying, "updated_at" timestamp(6) NOT NULL) /*application='MeetingRails'*/[0m
  [1m[35m (0.3ms)[0m  [1m[35mDROP TABLE IF EXISTS "reservations" CASCADE /*application='MeetingRails'*/[0m
  [1m[35m (4.3ms)[0m  [1m[35mCREATE TABLE "reservations" ("id" bigserial primary key, "created_at" timestamp(6) NOT NULL, "date" date, "end_time" time, "organization_id" bigint NOT NULL, "organizer" character varying, "password_digest" character varying, "purpose" character varying, "room_id" bigint NOT NULL, "start_time" time, "updated_at" timestamp(6) NOT NULL) /*application='MeetingRails'*/[0m
  [1m[35m (1.6ms)[0m  [1m[35mCREATE INDEX "index_reservations_on_organization_id" ON "reservations" ("organization_id") /*application='MeetingRails'*/[0m
  [1m[35m (1.2ms)[0m  [1m[35mCREATE INDEX "index_reservations_on_room_id_and_date" ON "reservations" ("room_id", "date") /*application='MeetingRails'*/[0m
  [1m[35m (1.2ms)[0m  [1m[35mCREATE INDEX "index_reservations_on_room_id" ON "reservations" ("room_id") /*application='MeetingRails'*/[0m
  [1m[35m (0.2ms)[0m  [1m[35mDROP TABLE IF EXISTS "rooms" CASCADE /*application='MeetingRails'*/[0m
  [1m[35m (3.5ms)[0m  [1m[35mCREATE TABLE "rooms" ("id" bigserial primary key, "active" boolean DEFAULT TRUE NOT NULL, "capacity" integer, "created_at" timestamp(6) NOT NULL, "floor" character varying, "name" character varying, "organization_id" bigint NOT NULL, "updated_at" timestamp(6) NOT NULL) /*application='MeetingRails'*/[0m
  [1m[35m (1.3ms)[0m  [1m[35mCREATE INDEX "index_rooms_on_organization_id_and_floor" ON "rooms" ("organization_id", "floor") /*application='MeetingRails'*/[0m
  [1m[35m (1.2ms)[0m  [1m[35mCREATE INDEX "index_rooms_on_organization_id" ON "rooms" ("organization_id") /*application='MeetingRails'*/[0m
  [1m[35m (0.2ms)[0m  [1m[35mDROP TABLE IF EXISTS "subscriptions" CASCADE /*application='MeetingRails'*/[0m
  [1m[35m (5.1ms)[0m  [1m[35mCREATE TABLE "subscriptions" ("id" bigserial primary key, "created_at" timestamp(6) NOT NULL, "current_period_end" timestamp(6), "organization_id" bigint NOT NULL, "plan_id" bigint NOT NULL, "status" character varying, "stripe_subscription_id" character varying, "updated_at" timestamp(6) NOT NULL) /*application='MeetingRails'*/[0m
  [1m[35m (1.8ms)[0m  [1m[35mCREATE UNIQUE INDEX "index_subscriptions_on_organization_id" ON "subscriptions" ("organization_id") /*application='MeetingRails'*/[0m
  [1m[35m (2.1ms)[0m  [1m[35mCREATE INDEX "index_subscriptions_on_plan_id" ON "subscriptions" ("plan_id") /*application='MeetingRails'*/[0m
  [1m[35m (1.3ms)[0m  [1m[35mCREATE UNIQUE INDEX "index_subscriptions_on_stripe_subscription_id" ON "subscriptions" ("stripe_subscription_id") WHERE (stripe_subscription_id IS NOT NULL) /*application='MeetingRails'*/[0m
  [1m[35m (0.2ms)[0m  [1m[35mDROP TABLE IF EXISTS "users" CASCADE /*application='MeetingRails'*/[0m
  [1m[35m (5.2ms)[0m  [1m[35mCREATE TABLE "users" ("id" bigserial primary key, "created_at" timestamp(6) NOT NULL, "email" character varying DEFAULT '' NOT NULL, "encrypted_password" character varying DEFAULT '' NOT NULL, "organization_id" bigint NOT NULL, "remember_created_at" timestamp(6), "reset_password_sent_at" timestamp(6), "reset_password_token" character varying, "role" integer, "updated_at" timestamp(6) NOT NULL) /*application='MeetingRails'*/[0m
  [1m[35m (1.6ms)[0m  [1m[35mCREATE UNIQUE INDEX "index_users_on_email" ON "users" ("email") /*application='MeetingRails'*/[0m
  [1m[35m (1.2ms)[0m  [1m[35mCREATE INDEX "index_users_on_organization_id" ON "users" ("organization_id") /*application='MeetingRails'*/[0m
  [1m[35m (1.1ms)[0m  [1m[35mCREATE UNIQUE INDEX "index_users_on_reset_password_token" ON "users" ("reset_password_token") /*application='MeetingRails'*/[0m
  [1m[35m (4.4ms)[0m  [1m[35mALTER TABLE "reservations" ADD CONSTRAINT "fk_rails_bf8a5a02cd"
FOREIGN KEY ("organization_id")
  REFERENCES "organizations" ("id")
 /*application='MeetingRails'*/[0m
  [1m[35m (1.9ms)[0m  [1m[35mALTER TABLE "reservations" ADD CONSTRAINT "fk_rails_78d1025283"
FOREIGN KEY ("room_id")
  REFERENCES "rooms" ("id")
 /*application='MeetingRails'*/[0m
  [1m[35m (0.8ms)[0m  [1m[35mALTER TABLE "rooms" ADD CONSTRAINT "fk_rails_c2da7dc036"
FOREIGN KEY ("organization_id")
  REFERENCES "organizations" ("id")
 /*application='MeetingRails'*/[0m
  [1m[35m (2.2ms)[0m  [1m[35mALTER TABLE "subscriptions" ADD CONSTRAINT "fk_rails_364213cc3e"
FOREIGN KEY ("organization_id")
  REFERENCES "organizations" ("id")
 /*application='MeetingRails'*/[0m
  [1m[35m (1.2ms)[0m  [1m[35mALTER TABLE "subscriptions" ADD CONSTRAINT "fk_rails_63d3df128b"
FOREIGN KEY ("plan_id")
  REFERENCES "plans" ("id")
 /*application='MeetingRails'*/[0m
  [1m[35m (2.9ms)[0m  [1m[35mALTER TABLE "users" ADD CONSTRAINT "fk_rails_d7b9ff90af"
FOREIGN KEY ("organization_id")
  REFERENCES "organizations" ("id")
 /*application='MeetingRails'*/[0m
  [1m[35m (2.7ms)[0m  [1m[35mCREATE TABLE "schema_migrations" ("version" character varying NOT NULL PRIMARY KEY) /*application='MeetingRails'*/[0m
  [1m[36mActiveRecord::SchemaMigration Load (0.7ms)[0m  [1m[34mSELECT "schema_migrations"."version" FROM "schema_migrations" ORDER BY "schema_migrations"."version" ASC /*application='MeetingRails'*/[0m
  [1m[35m (0.7ms)[0m  [1m[32mINSERT INTO "schema_migrations" (version) VALUES (20260228120000) /*application='MeetingRails'*/[0m
  [1m[35m (0.4ms)[0m  [1m[32mINSERT INTO "schema_migrations" (version) VALUES
(20260228082050),
(20260228082044),
(20260228082038),
(20260228082013),
(20260228081804),
(20260228081758),
(20260228081751); /*application='MeetingRails'*/[0m
  [1m[35m (3.4ms)[0m  [1m[35mCREATE TABLE "ar_internal_metadata" ("key" character varying NOT NULL PRIMARY KEY, "value" character varying, "created_at" timestamp(6) NOT NULL, "updated_at" timestamp(6) NOT NULL) /*application='MeetingRails'*/[0m
  [1m[36mActiveRecord::InternalMetadata Load (1.2ms)[0m  [1m[34mSELECT * FROM "ar_internal_metadata" WHERE "ar_internal_metadata"."key" = 'environment' ORDER BY "ar_internal_metadata"."key" ASC LIMIT 1 /*application='MeetingRails'*/[0m
  [1m[36mActiveRecord::InternalMetadata Create (1.0ms)[0m  [1m[32mINSERT INTO "ar_internal_metadata" ("key", "value", "created_at", "updated_at") VALUES ('environment', 'development', '2026-02-28 13:57:13.815411', '2026-02-28 13:57:13.815415') RETURNING "key" /*application='MeetingRails'*/[0m
  [1m[36mActiveRecord::InternalMetadata Load (0.2ms)[0m  [1m[34mSELECT * FROM "ar_internal_metadata" WHERE "ar_internal_metadata"."key" = 'environment' ORDER BY "ar_internal_metadata"."key" ASC LIMIT 1 /*application='MeetingRails'*/[0m
  [1m[36mActiveRecord::InternalMetadata Load (0.3ms)[0m  [1m[34mSELECT * FROM "ar_internal_metadata" WHERE "ar_internal_metadata"."key" = 'schema_sha1' ORDER BY "ar_internal_metadata"."key" ASC LIMIT 1 /*application='MeetingRails'*/[0m
  [1m[36mActiveRecord::InternalMetadata Create (0.4ms)[0m  [1m[32mINSERT INTO "ar_internal_metadata" ("key", "value", "created_at", "updated_at") VALUES ('schema_sha1', '4a547b972cb39d8090fe3c925cae13c651fd7287', '2026-02-28 13:57:13.830891', '2026-02-28 13:57:13.830893') RETURNING "key" /*application='MeetingRails'*/[0m
  [1m[35mSQL (132.3ms)[0m  [1m[35mCREATE EXTENSION IF NOT EXISTS "plpgsql" SCHEMA pg_catalog /*application='MeetingRails'*/[0m
  [1m[35m (0.1ms)[0m  [1m[35mDROP TABLE IF EXISTS "organizations" CASCADE /*application='MeetingRails'*/[0m
  [1m[35m (40.3ms)[0m  [1m[35mCREATE TABLE "organizations" ("id" bigserial primary key, "active" boolean DEFAULT TRUE NOT NULL, "created_at" timestamp(6) NOT NULL, "name" character varying NOT NULL, "plan_id" bigint, "stripe_customer_id" character varying, "subdomain" character varying NOT NULL, "updated_at" timestamp(6) NOT NULL) /*application='MeetingRails'*/[0m
  [1m[35m (1.7ms)[0m  [1m[35mCREATE INDEX "index_organizations_on_plan_id" ON "organizations" ("plan_id") /*application='MeetingRails'*/[0m
  [1m[35m (1.3ms)[0m  [1m[35mCREATE UNIQUE INDEX "index_organizations_on_subdomain" ON "organizations" ("subdomain") /*application='MeetingRails'*/[0m
  [1m[35m (0.2ms)[0m  [1m[35mDROP TABLE IF EXISTS "plans" CASCADE /*application='MeetingRails'*/[0m
  [1m[35m (3.6ms)[0m  [1m[35mCREATE TABLE "plans" ("id" bigserial primary key, "created_at" timestamp(6) NOT NULL, "name" character varying, "price_cents" integer, "room_limit" integer, "stripe_price_id" character varying, "updated_at" timestamp(6) NOT NULL) /*application='MeetingRails'*/[0m
  [1m[35m (0.3ms)[0m  [1m[35mDROP TABLE IF EXISTS "reservations" CASCADE /*application='MeetingRails'*/[0m
  [1m[35m (4.8ms)[0m  [1m[35mCREATE TABLE "reservations" ("id" bigserial primary key, "created_at" timestamp(6) NOT NULL, "date" date, "end_time" time, "organization_id" bigint NOT NULL, "organizer" character varying, "password_digest" character varying, "purpose" character varying, "room_id" bigint NOT NULL, "start_time" time, "updated_at" timestamp(6) NOT NULL) /*application='MeetingRails'*/[0m
  [1m[35m (1.9ms)[0m  [1m[35mCREATE INDEX "index_reservations_on_organization_id" ON "reservations" ("organization_id") /*application='MeetingRails'*/[0m
  [1m[35m (1.6ms)[0m  [1m[35mCREATE INDEX "index_reservations_on_room_id_and_date" ON "reservations" ("room_id", "date") /*application='MeetingRails'*/[0m
  [1m[35m (1.7ms)[0m  [1m[35mCREATE INDEX "index_reservations_on_room_id" ON "reservations" ("room_id") /*application='MeetingRails'*/[0m
  [1m[35m (0.3ms)[0m  [1m[35mDROP TABLE IF EXISTS "rooms" CASCADE /*application='MeetingRails'*/[0m
  [1m[35m (3.5ms)[0m  [1m[35mCREATE TABLE "rooms" ("id" bigserial primary key, "active" boolean DEFAULT TRUE NOT NULL, "capacity" integer, "created_at" timestamp(6) NOT NULL, "floor" character varying, "name" character varying, "organization_id" bigint NOT NULL, "updated_at" timestamp(6) NOT NULL) /*application='MeetingRails'*/[0m
  [1m[35m (1.5ms)[0m  [1m[35mCREATE INDEX "index_rooms_on_organization_id_and_floor" ON "rooms" ("organization_id", "floor") /*application='MeetingRails'*/[0m
  [1m[35m (1.1ms)[0m  [1m[35mCREATE INDEX "index_rooms_on_organization_id" ON "rooms" ("organization_id") /*application='MeetingRails'*/[0m
  [1m[35m (0.1ms)[0m  [1m[35mDROP TABLE IF EXISTS "subscriptions" CASCADE /*application='MeetingRails'*/[0m
  [1m[35m (4.1ms)[0m  [1m[35mCREATE TABLE "subscriptions" ("id" bigserial primary key, "created_at" timestamp(6) NOT NULL, "current_period_end" timestamp(6), "organization_id" bigint NOT NULL, "plan_id" bigint NOT NULL, "status" character varying, "stripe_subscription_id" character varying, "updated_at" timestamp(6) NOT NULL) /*application='MeetingRails'*/[0m
  [1m[35m (1.3ms)[0m  [1m[35mCREATE UNIQUE INDEX "index_subscriptions_on_organization_id" ON "subscriptions" ("organization_id") /*application='MeetingRails'*/[0m
  [1m[35m (1.4ms)[0m  [1m[35mCREATE INDEX "index_subscriptions_on_plan_id" ON "subscriptions" ("plan_id") /*application='MeetingRails'*/[0m
  [1m[35m (1.3ms)[0m  [1m[35mCREATE UNIQUE INDEX "index_subscriptions_on_stripe_subscription_id" ON "subscriptions" ("stripe_subscription_id") WHERE (stripe_subscription_id IS NOT NULL) /*application='MeetingRails'*/[0m
  [1m[35m (0.2ms)[0m  [1m[35mDROP TABLE IF EXISTS "users" CASCADE /*application='MeetingRails'*/[0m
  [1m[35m (3.7ms)[0m  [1m[35mCREATE TABLE "users" ("id" bigserial primary key, "created_at" timestamp(6) NOT NULL, "email" character varying DEFAULT '' NOT NULL, "encrypted_password" character varying DEFAULT '' NOT NULL, "organization_id" bigint NOT NULL, "remember_created_at" timestamp(6), "reset_password_sent_at" timestamp(6), "reset_password_token" character varying, "role" integer, "updated_at" timestamp(6) NOT NULL) /*application='MeetingRails'*/[0m
  [1m[35m (1.5ms)[0m  [1m[35mCREATE UNIQUE INDEX "index_users_on_email" ON "users" ("email") /*application='MeetingRails'*/[0m
  [1m[35m (1.2ms)[0m  [1m[35mCREATE INDEX "index_users_on_organization_id" ON "users" ("organization_id") /*application='MeetingRails'*/[0m
  [1m[35m (1.1ms)[0m  [1m[35mCREATE UNIQUE INDEX "index_users_on_reset_password_token" ON "users" ("reset_password_token") /*application='MeetingRails'*/[0m
  [1m[35m (4.5ms)[0m  [1m[35mALTER TABLE "reservations" ADD CONSTRAINT "fk_rails_bf8a5a02cd"
FOREIGN KEY ("organization_id")
  REFERENCES "organizations" ("id")
 /*application='MeetingRails'*/[0m
  [1m[35m (1.8ms)[0m  [1m[35mALTER TABLE "reservations" ADD CONSTRAINT "fk_rails_78d1025283"
FOREIGN KEY ("room_id")
  REFERENCES "rooms" ("id")
 /*application='MeetingRails'*/[0m
  [1m[35m (1.0ms)[0m  [1m[35mALTER TABLE "rooms" ADD CONSTRAINT "fk_rails_c2da7dc036"
FOREIGN KEY ("organization_id")
  REFERENCES "organizations" ("id")
 /*application='MeetingRails'*/[0m
  [1m[35m (2.3ms)[0m  [1m[35mALTER TABLE "subscriptions" ADD CONSTRAINT "fk_rails_364213cc3e"
FOREIGN KEY ("organization_id")
  REFERENCES "organizations" ("id")
 /*application='MeetingRails'*/[0m
  [1m[35m (1.3ms)[0m  [1m[35mALTER TABLE "subscriptions" ADD CONSTRAINT "fk_rails_63d3df128b"
FOREIGN KEY ("plan_id")
  REFERENCES "plans" ("id")
 /*application='MeetingRails'*/[0m
  [1m[35m (2.2ms)[0m  [1m[35mALTER TABLE "users" ADD CONSTRAINT "fk_rails_d7b9ff90af"
FOREIGN KEY ("organization_id")
  REFERENCES "organizations" ("id")
 /*application='MeetingRails'*/[0m
  [1m[35m (3.5ms)[0m  [1m[35mCREATE TABLE "schema_migrations" ("version" character varying NOT NULL PRIMARY KEY) /*application='MeetingRails'*/[0m
  [1m[36mActiveRecord::SchemaMigration Load (0.7ms)[0m  [1m[34mSELECT "schema_migrations"."version" FROM "schema_migrations" ORDER BY "schema_migrations"."version" ASC /*application='MeetingRails'*/[0m
  [1m[35m (0.6ms)[0m  [1m[32mINSERT INTO "schema_migrations" (version) VALUES (20260228120000) /*application='MeetingRails'*/[0m
  [1m[35m (0.3ms)[0m  [1m[32mINSERT INTO "schema_migrations" (version) VALUES
(20260228082050),
(20260228082044),
(20260228082038),
(20260228082013),
(20260228081804),
(20260228081758),
(20260228081751); /*application='MeetingRails'*/[0m
  [1m[35m (3.0ms)[0m  [1m[35mCREATE TABLE "ar_internal_metadata" ("key" character varying NOT NULL PRIMARY KEY, "value" character varying, "created_at" timestamp(6) NOT NULL, "updated_at" timestamp(6) NOT NULL) /*application='MeetingRails'*/[0m
  [1m[36mActiveRecord::InternalMetadata Load (1.0ms)[0m  [1m[34mSELECT * FROM "ar_internal_metadata" WHERE "ar_internal_metadata"."key" = 'environment' ORDER BY "ar_internal_metadata"."key" ASC LIMIT 1 /*application='MeetingRails'*/[0m
  [1m[36mActiveRecord::InternalMetadata Create (0.9ms)[0m  [1m[32mINSERT INTO "ar_internal_metadata" ("key", "value", "created_at", "updated_at") VALUES ('environment', 'development', '2026-02-28 13:57:14.159064', '2026-02-28 13:57:14.159067') RETURNING "key" /*application='MeetingRails'*/[0m
  [1m[36mActiveRecord::InternalMetadata Load (0.2ms)[0m  [1m[34mSELECT * FROM "ar_internal_metadata" WHERE "ar_internal_metadata"."key" = 'environment' ORDER BY "ar_internal_metadata"."key" ASC LIMIT 1 /*application='MeetingRails'*/[0m
  [1m[36mActiveRecord::InternalMetadata Update (0.6ms)[0m  [1m[33mUPDATE "ar_internal_metadata" SET "value" = 'test', "updated_at" = '2026-02-28 13:57:14.164704' WHERE "ar_internal_metadata"."key" = 'environment' /*application='MeetingRails'*/[0m
  [1m[36mActiveRecord::InternalMetadata Load (0.2ms)[0m  [1m[34mSELECT * FROM "ar_internal_metadata" WHERE "ar_internal_metadata"."key" = 'schema_sha1' ORDER BY "ar_internal_metadata"."key" ASC LIMIT 1 /*application='MeetingRails'*/[0m
  [1m[36mActiveRecord::InternalMetadata Create (0.4ms)[0m  [1m[32mINSERT INTO "ar_internal_metadata" ("key", "value", "created_at", "updated_at") VALUES ('schema_sha1', '4a547b972cb39d8090fe3c925cae13c651fd7287', '2026-02-28 13:57:14.168865', '2026-02-28 13:57:14.168867') RETURNING "key" /*application='MeetingRails'*/[0m
  [1m[36mActiveRecord::SchemaMigration Load (0.9ms)[0m  [1m[34mSELECT "schema_migrations"."version" FROM "schema_migrations" ORDER BY "schema_migrations"."version" ASC /*application='MeetingRails'*/[0m
  [1m[36mPlan Load (1.0ms)[0m  [1m[34mSELECT "plans".* FROM "plans" WHERE "plans"."name" = 'free' LIMIT 1 /*application='MeetingRails'*/[0m
  [1m[36mTRANSACTION (0.2ms)[0m  [1m[35mBEGIN /*application='MeetingRails'*/[0m
  [1m[36mPlan Exists? (0.2ms)[0m  [1m[34mSELECT 1 AS one FROM "plans" WHERE "plans"."name" = 'free' LIMIT 1 /*application='MeetingRails'*/[0m
  [1m[36mPlan Create (0.9ms)[0m  [1m[32mINSERT INTO "plans" ("created_at", "name", "price_cents", "room_limit", "stripe_price_id", "updated_at") VALUES ('2026-02-28 13:57:14.331864', 'free', 0, 2, NULL, '2026-02-28 13:57:14.331864') RETURNING "id" /*application='MeetingRails'*/[0m
  [1m[36mTRANSACTION (0.8ms)[0m  [1m[35mCOMMIT /*application='MeetingRails'*/[0m
  [1m[36mPlan Load (0.3ms)[0m  [1m[34mSELECT "plans".* FROM "plans" WHERE "plans"."name" = 'basic' LIMIT 1 /*application='MeetingRails'*/[0m
  [1m[36mTRANSACTION (0.1ms)[0m  [1m[35mBEGIN /*application='MeetingRails'*/[0m
  [1m[36mPlan Exists? (2.2ms)[0m  [1m[34mSELECT 1 AS one FROM "plans" WHERE "plans"."name" = 'basic' LIMIT 1 /*application='MeetingRails'*/[0m
  [1m[36mPlan Create (0.3ms)[0m  [1m[32mINSERT INTO "plans" ("created_at", "name", "price_cents", "room_limit", "stripe_price_id", "updated_at") VALUES ('2026-02-28 13:57:14.345548', 'basic', 29000, 10, 'price_1T5mZcRz6rKcQpf6LPZSBZ20', '2026-02-28 13:57:14.345548') RETURNING "id" /*application='MeetingRails'*/[0m
  [1m[36mTRANSACTION (0.3ms)[0m  [1m[35mCOMMIT /*application='MeetingRails'*/[0m
  [1m[36mPlan Load (0.3ms)[0m  [1m[34mSELECT "plans".* FROM "plans" WHERE "plans"."name" = 'pro' LIMIT 1 /*application='MeetingRails'*/[0m
  [1m[36mTRANSACTION (0.1ms)[0m  [1m[35mBEGIN /*application='MeetingRails'*/[0m
  [1m[36mPlan Exists? (3.0ms)[0m  [1m[34mSELECT 1 AS one FROM "plans" WHERE "plans"."name" = 'pro' LIMIT 1 /*application='MeetingRails'*/[0m
  [1m[36mPlan Create (0.2ms)[0m  [1m[32mINSERT INTO "plans" ("created_at", "name", "price_cents", "room_limit", "stripe_price_id", "updated_at") VALUES ('2026-02-28 13:57:14.357746', 'pro', 99000, NULL, 'price_1T5mZcRz6rKcQpf6DPYvg8BQ', '2026-02-28 13:57:14.357746') RETURNING "id" /*application='MeetingRails'*/[0m
  [1m[36mTRANSACTION (0.4ms)[0m  [1m[35mCOMMIT /*application='MeetingRails'*/[0m
  [1m[36mPlan Load (0.2ms)[0m  [1m[34mSELECT "plans".* FROM "plans" WHERE "plans"."name" = 'basic' LIMIT 1 /*application='MeetingRails'*/[0m
  [1m[36mTRANSACTION (0.2ms)[0m  [1m[35mBEGIN /*application='MeetingRails'*/[0m
  [1m[36mPlan Exists? (0.2ms)[0m  [1m[34mSELECT 1 AS one FROM "plans" WHERE "plans"."name" = 'basic' AND "plans"."id" != 2 LIMIT 1 /*application='MeetingRails'*/[0m
  [1m[36mTRANSACTION (0.1ms)[0m  [1m[35mCOMMIT /*application='MeetingRails'*/[0m
  [1m[36mPlan Load (0.2ms)[0m  [1m[34mSELECT "plans".* FROM "plans" WHERE "plans"."name" = 'pro' LIMIT 1 /*application='MeetingRails'*/[0m
  [1m[36mTRANSACTION (0.1ms)[0m  [1m[35mBEGIN /*application='MeetingRails'*/[0m
  [1m[36mPlan Exists? (2.0ms)[0m  [1m[34mSELECT 1 AS one FROM "plans" WHERE "plans"."name" = 'pro' AND "plans"."id" != 3 LIMIT 1 /*application='MeetingRails'*/[0m
  [1m[36mTRANSACTION (0.2ms)[0m  [1m[35mCOMMIT /*application='MeetingRails'*/[0m
  [1m[36mPlan Count (0.4ms)[0m  [1m[34mSELECT COUNT(*) FROM "plans" /*application='MeetingRails'*/[0m
  [1m[36mOrganization Load (1.9ms)[0m  [1m[34mSELECT "organizations".* FROM "organizations" WHERE "organizations"."subdomain" = 'demo' LIMIT 1 /*application='MeetingRails'*/[0m
  [1m[36mTRANSACTION (0.2ms)[0m  [1m[35mBEGIN /*application='MeetingRails'*/[0m
  [1m[36mOrganization Exists? (0.4ms)[0m  [1m[34mSELECT 1 AS one FROM "organizations" WHERE "organizations"."subdomain" = 'demo' LIMIT 1 /*application='MeetingRails'*/[0m
  [1m[36mOrganization Create (0.9ms)[0m  [1m[32mINSERT INTO "organizations" ("active", "created_at", "name", "plan_id", "stripe_customer_id", "subdomain", "updated_at") VALUES (TRUE, '2026-02-28 13:57:14.430706', '데모 병원', 1, NULL, 'demo', '2026-02-28 13:57:14.430706') RETURNING "id" /*application='MeetingRails'*/[0m
  [1m[36mTRANSACTION (0.4ms)[0m  [1m[35mCOMMIT /*application='MeetingRails'*/[0m
  [1m[36mUser Load (1.8ms)[0m  [1m[34mSELECT "users".* FROM "users" WHERE "users"."email" = 'admin@demo.com' LIMIT 1 /*application='MeetingRails'*/[0m
  [1m[36mTRANSACTION (0.2ms)[0m  [1m[35mBEGIN /*application='MeetingRails'*/[0m
  [1m[36mUser Exists? (0.4ms)[0m  [1m[34mSELECT 1 AS one FROM "users" WHERE "users"."email" = 'admin@demo.com' LIMIT 1 /*application='MeetingRails'*/[0m
  [1m[36mUser Create (1.5ms)[0m  [1m[32mINSERT INTO "users" ("created_at", "email", "encrypted_password", "organization_id", "remember_created_at", "reset_password_sent_at", "reset_password_token", "role", "updated_at") VALUES ('2026-02-28 13:57:14.646083', 'admin@demo.com', '$2a$12$fmACzMSu6oFD0ESTbTW1U.x1k6T3O/gBYBqo8tmelPlEfRLu6k8i.', 1, NULL, NULL, NULL, 1, '2026-02-28 13:57:14.646083') RETURNING "id" /*application='MeetingRails'*/[0m
  [1m[36mTRANSACTION (0.4ms)[0m  [1m[35mCOMMIT /*application='MeetingRails'*/[0m
  [1m[36mSubscription Load (1.9ms)[0m  [1m[34mSELECT "subscriptions".* FROM "subscriptions" WHERE "subscriptions"."organization_id" = 1 LIMIT 1 /*application='MeetingRails'*/[0m
  [1m[36mTRANSACTION (0.1ms)[0m  [1m[35mBEGIN /*application='MeetingRails'*/[0m
  [1m[36mSubscription Create (3.6ms)[0m  [1m[32mINSERT INTO "subscriptions" ("created_at", "current_period_end", "organization_id", "plan_id", "status", "stripe_subscription_id", "updated_at") VALUES ('2026-02-28 13:57:14.671289', '2126-02-28 13:57:14.667315', 1, 1, 'active', NULL, '2026-02-28 13:57:14.671289') RETURNING "id" /*application='MeetingRails'*/[0m
  [1m[36mTRANSACTION (0.3ms)[0m  [1m[35mCOMMIT /*application='MeetingRails'*/[0m
  [1m[36mRoom Load (1.5ms)[0m  [1m[34mSELECT "rooms".* FROM "rooms" WHERE "rooms"."organization_id" = 1 AND "rooms"."name" = '소회의실 A' LIMIT 1 /*application='MeetingRails'*/[0m
  [1m[36mTRANSACTION (0.1ms)[0m  [1m[35mBEGIN /*application='MeetingRails'*/[0m
  [1m[36mRoom Create (1.2ms)[0m  [1m[32mINSERT INTO "rooms" ("active", "capacity", "created_at", "floor", "name", "organization_id", "updated_at") VALUES (TRUE, 6, '2026-02-28 13:57:14.693878', '1층', '소회의실 A', 1, '2026-02-28 13:57:14.693878') RETURNING "id" /*application='MeetingRails'*/[0m
  [1m[36mTRANSACTION (0.3ms)[0m  [1m[35mCOMMIT /*application='MeetingRails'*/[0m
  [1m[36mRoom Load (0.3ms)[0m  [1m[34mSELECT "rooms".* FROM "rooms" WHERE "rooms"."organization_id" = 1 AND "rooms"."name" = '소회의실 B' LIMIT 1 /*application='MeetingRails'*/[0m
  [1m[36mTRANSACTION (0.1ms)[0m  [1m[35mBEGIN /*application='MeetingRails'*/[0m
  [1m[36mRoom Create (3.1ms)[0m  [1m[32mINSERT INTO "rooms" ("active", "capacity", "created_at", "floor", "name", "organization_id", "updated_at") VALUES (TRUE, 8, '2026-02-28 13:57:14.703380', '1층', '소회의실 B', 1, '2026-02-28 13:57:14.703380') RETURNING "id" /*application='MeetingRails'*/[0m
  [1m[36mTRANSACTION (0.3ms)[0m  [1m[35mCOMMIT /*application='MeetingRails'*/[0m
  [1m[36mRoom Count (0.3ms)[0m  [1m[34mSELECT COUNT(*) FROM "rooms" WHERE "rooms"."organization_id" = 1 /*application='MeetingRails'*/[0m
[dotenv] Set [36mDB_PASSWORD[0m, [36mDB_USERNAME[0m, [36mSTRIPE_PRICE_BASIC[0m, [36mSTRIPE_PRICE_PRO[0m, [36mSTRIPE_SECRET_KEY[0m, [36mSTRIPE_WEBHOOK_SECRET[0m, [36mSUPER_ADMIN_PASSWORD[0m
[dotenv] Loaded [33m.env[0m
Started GET "/sw.js" for ::1 at 2026-02-28 22:57:26 +0900
  [1m[36mActiveRecord::SchemaMigration Load (1.7ms)[0m  [1m[34mSELECT "schema_migrations"."version" FROM "schema_migrations" ORDER BY "schema_migrations"."version" ASC /*application='MeetingRails'*/[0m
  
ActionController::RoutingError (No route matches [GET] "/sw.js"):
  
Started GET "/" for ::1 at 2026-02-28 22:57:27 +0900
Processing by LandingController#index as HTML
  Rendering layout layouts/application.html.erb
  Rendering landing/index.html.erb within layouts/application
  Rendered landing/index.html.erb within layouts/application (Duration: 0.6ms | GC: 0.0ms)
  [1m[36mUser Load (2.5ms)[0m  [1m[34mSELECT "users".* FROM "users" WHERE "users"."id" = 2 ORDER BY "users"."id" ASC LIMIT 1 /*action='index',application='MeetingRails',controller='landing'*/[0m
  ↳ app/views/layouts/application.html.erb:40
  Rendered layout layouts/application.html.erb (Duration: 185.2ms | GC: 0.0ms)
Completed 200 OK in 223ms (Views: 41.9ms | ActiveRecord: 148.8ms (1 query, 0 cached) | GC: 0.0ms)


Started GET "/.well-known/appspecific/com.chrome.devtools.json" for ::1 at 2026-02-28 22:57:27 +0900
  
ActionController::RoutingError (No route matches [GET] "/.well-known/appspecific/com.chrome.devtools.json"):
  
Started GET "/registrations/new" for ::1 at 2026-02-28 22:57:28 +0900
Processing by RegistrationsController#new as HTML
  Rendering layout layouts/application.html.erb
  Rendering registrations/new.html.erb within layouts/application
  Rendered registrations/new.html.erb within layouts/application (Duration: 1.9ms | GC: 0.0ms)
  Rendered layout layouts/application.html.erb (Duration: 3.3ms | GC: 0.0ms)
Completed 200 OK in 33ms (Views: 7.5ms | ActiveRecord: 1.5ms (0 queries, 0 cached) | GC: 0.0ms)


Started GET "/sw.js" for ::1 at 2026-02-28 22:57:29 +0900
  
ActionController::RoutingError (No route matches [GET] "/sw.js"):
  
Started GET "/registrations/subdomain_availability?subdomain=abc-h" for ::1 at 2026-02-28 22:57:31 +0900
Processing by RegistrationsController#subdomain_availability as JSON
  Parameters: {"subdomain" => "abc-h"}
  [1m[36mOrganization Exists? (1.6ms)[0m  [1m[34mSELECT 1 AS one FROM "organizations" WHERE "organizations"."subdomain" = 'abc-h' LIMIT 1 /*action='subdomain_availability',application='MeetingRails',controller='registrations'*/[0m
  ↳ app/models/organization.rb:28:in 'Organization.subdomain_available?'
Completed 200 OK in 11ms (Views: 0.1ms | ActiveRecord: 1.6ms (1 query, 0 cached) | GC: 0.0ms)


Started GET "/registrations/subdomain_availability?subdomain=abc-h" for ::1 at 2026-02-28 22:57:31 +0900
Processing by RegistrationsController#subdomain_availability as JSON
  Parameters: {"subdomain" => "abc-h"}
  [1m[36mOrganization Exists? (0.3ms)[0m  [1m[34mSELECT 1 AS one FROM "organizations" WHERE "organizations"."subdomain" = 'abc-h' LIMIT 1 /*action='subdomain_availability',application='MeetingRails',controller='registrations'*/[0m
  ↳ app/models/organization.rb:28:in 'Organization.subdomain_available?'
Completed 200 OK in 8ms (Views: 0.1ms | ActiveRecord: 0.3ms (1 query, 0 cached) | GC: 0.0ms)


Started POST "/registrations" for ::1 at 2026-02-28 22:57:38 +0900
Processing by RegistrationsController#create as TURBO_STREAM
  Parameters: {"authenticity_token" => "[FILTERED]", "organization" => {"name" => "부산대병원", "subdomain" => "abc-h"}, "user" => {"email" => "[FILTERED]", "password" => "[FILTERED]", "password_confirmation" => "[FILTERED]"}}
  [1m[36mTRANSACTION (0.2ms)[0m  [1m[35mBEGIN /*action='create',application='MeetingRails',controller='registrations'*/[0m
  ↳ app/controllers/registrations_controller.rb:13:in 'block in RegistrationsController#create'
  [1m[36mPlan Load (1.2ms)[0m  [1m[34mSELECT "plans".* FROM "plans" WHERE "plans"."name" = 'free' LIMIT 1 /*action='create',application='MeetingRails',controller='registrations'*/[0m
  ↳ app/controllers/registrations_controller.rb:13:in 'block in RegistrationsController#create'
  [1m[36mOrganization Exists? (0.3ms)[0m  [1m[34mSELECT 1 AS one FROM "organizations" WHERE "organizations"."subdomain" = 'abc-h' LIMIT 1 /*action='create',application='MeetingRails',controller='registrations'*/[0m
  ↳ app/controllers/registrations_controller.rb:15:in 'block in RegistrationsController#create'
  [1m[36mOrganization Create (0.9ms)[0m  [1m[32mINSERT INTO "organizations" ("active", "created_at", "name", "plan_id", "stripe_customer_id", "subdomain", "updated_at") VALUES (TRUE, '2026-02-28 13:57:38.766674', '부산대병원', 1, NULL, 'abc-h', '2026-02-28 13:57:38.766674') RETURNING "id" /*action='create',application='MeetingRails',controller='registrations'*/[0m
  ↳ app/controllers/registrations_controller.rb:15:in 'block in RegistrationsController#create'
  [1m[36mUser Exists? (0.4ms)[0m  [1m[34mSELECT 1 AS one FROM "users" WHERE "users"."email" = 'dovi0628@gmail.com' LIMIT 1 /*action='create',application='MeetingRails',controller='registrations'*/[0m
  ↳ app/controllers/registrations_controller.rb:16:in 'block in RegistrationsController#create'
  [1m[36mUser Create (0.8ms)[0m  [1m[32mINSERT INTO "users" ("created_at", "email", "encrypted_password", "organization_id", "remember_created_at", "reset_password_sent_at", "reset_password_token", "role", "updated_at") VALUES ('2026-02-28 13:57:38.773773', 'dovi0628@gmail.com', '$2a$12$vZW28i4DBq1o66RFrjAFr.YVa7fltOlq0RxnrEuxTbxX0Otc8H0m2', 2, NULL, NULL, NULL, 1, '2026-02-28 13:57:38.773773') RETURNING "id" /*action='create',application='MeetingRails',controller='registrations'*/[0m
  ↳ app/controllers/registrations_controller.rb:16:in 'block in RegistrationsController#create'
  [1m[36mSubscription Create (1.6ms)[0m  [1m[32mINSERT INTO "subscriptions" ("created_at", "current_period_end", "organization_id", "plan_id", "status", "stripe_subscription_id", "updated_at") VALUES ('2026-02-28 13:57:38.790155', '2126-02-28 13:57:38.776864', 2, 1, 'active', NULL, '2026-02-28 13:57:38.790155') RETURNING "id" /*action='create',application='MeetingRails',controller='registrations'*/[0m
  ↳ app/controllers/registrations_controller.rb:17:in 'block in RegistrationsController#create'
  [1m[36mSubscription Load (2.0ms)[0m  [1m[34mSELECT "subscriptions".* FROM "subscriptions" WHERE "subscriptions"."organization_id" = 2 LIMIT 1 /*action='create',application='MeetingRails',controller='registrations'*/[0m
  ↳ app/controllers/registrations_controller.rb:17:in 'block in RegistrationsController#create'
  [1m[36mTRANSACTION (0.9ms)[0m  [1m[35mCOMMIT /*action='create',application='MeetingRails',controller='registrations'*/[0m
  ↳ app/controllers/registrations_controller.rb:12:in 'RegistrationsController#create'
Redirected to http://abc-h.localhost:3000/admin
↳ app/controllers/registrations_controller.rb:25:in 'RegistrationsController#create'
Completed 302 Found in 245ms (ActiveRecord: 13.3ms (7 queries, 0 cached) | GC: 0.0ms)


[dotenv] Set [36mDB_PASSWORD[0m, [36mDB_USERNAME[0m, [36mSTRIPE_PRICE_BASIC[0m, [36mSTRIPE_PRICE_PRO[0m, [36mSTRIPE_SECRET_KEY[0m, [36mSTRIPE_WEBHOOK_SECRET[0m, [36mSUPER_ADMIN_PASSWORD[0m
[dotenv] Loaded [33m.env[0m
  [1m[36mActiveRecord::SchemaMigration Load (1.6ms)[0m  [1m[34mSELECT "schema_migrations"."version" FROM "schema_migrations" ORDER BY "schema_migrations"."version" ASC /*application='MeetingRails'*/[0m
  [1m[36mActiveRecord::InternalMetadata Load (1.4ms)[0m  [1m[34mSELECT * FROM "ar_internal_metadata" WHERE "ar_internal_metadata"."key" = 'environment' ORDER BY "ar_internal_metadata"."key" ASC LIMIT 1 /*application='MeetingRails'*/[0m
  [1m[36mActiveRecord::SchemaMigration Load (0.2ms)[0m  [1m[34mSELECT "schema_migrations"."version" FROM "schema_migrations" ORDER BY "schema_migrations"."version" ASC /*application='MeetingRails'*/[0m
  [1m[36mActiveRecord::InternalMetadata Load (0.3ms)[0m  [1m[34mSELECT * FROM "ar_internal_metadata" WHERE "ar_internal_metadata"."key" = 'environment' ORDER BY "ar_internal_metadata"."key" ASC LIMIT 1 /*application='MeetingRails'*/[0m
  [1m[36mActiveRecord::SchemaMigration Load (0.2ms)[0m  [1m[34mSELECT "schema_migrations"."version" FROM "schema_migrations" ORDER BY "schema_migrations"."version" ASC /*application='MeetingRails'*/[0m
  [1m[36mActiveRecord::InternalMetadata Load (0.2ms)[0m  [1m[34mSELECT * FROM "ar_internal_metadata" WHERE "ar_internal_metadata"."key" = 'environment' ORDER BY "ar_internal_metadata"."key" ASC LIMIT 1 /*application='MeetingRails'*/[0m
  [1m[35mSQL (0.1ms)[0m  [1m[35mSET search_path TO public /*application='MeetingRails'*/[0m
  [1m[35m (628.1ms)[0m  [1m[35mDROP DATABASE IF EXISTS "meeting_rails_development" /*application='MeetingRails'*/[0m
  [1m[35mSQL (0.1ms)[0m  [1m[35mSET search_path TO public /*application='MeetingRails'*/[0m
  [1m[35m (298.6ms)[0m  [1m[35mDROP DATABASE IF EXISTS "meeting_rails_test" /*application='MeetingRails'*/[0m
  [1m[35mSQL (0.1ms)[0m  [1m[35mSET search_path TO public /*application='MeetingRails'*/[0m
  [1m[35m (335.2ms)[0m  [1m[35mCREATE DATABASE "meeting_rails_development" ENCODING = 'unicode' /*application='MeetingRails'*/[0m
  [1m[35mSQL (0.1ms)[0m  [1m[35mSET search_path TO public /*application='MeetingRails'*/[0m
  [1m[35m (336.9ms)[0m  [1m[35mCREATE DATABASE "meeting_rails_test" ENCODING = 'unicode' /*application='MeetingRails'*/[0m
  [1m[35mSQL (113.4ms)[0m  [1m[35mCREATE EXTENSION IF NOT EXISTS "plpgsql" SCHEMA pg_catalog /*application='MeetingRails'*/[0m
  [1m[35m (0.1ms)[0m  [1m[35mDROP TABLE IF EXISTS "organizations" CASCADE /*application='MeetingRails'*/[0m
  [1m[35m (54.3ms)[0m  [1m[35mCREATE TABLE "organizations" ("id" bigserial primary key, "active" boolean DEFAULT TRUE NOT NULL, "created_at" timestamp(6) NOT NULL, "name" character varying NOT NULL, "plan_id" bigint, "stripe_customer_id" character varying, "subdomain" character varying NOT NULL, "updated_at" timestamp(6) NOT NULL) /*application='MeetingRails'*/[0m
  [1m[35m (2.0ms)[0m  [1m[35mCREATE INDEX "index_organizations_on_plan_id" ON "organizations" ("plan_id") /*application='MeetingRails'*/[0m
  [1m[35m (1.7ms)[0m  [1m[35mCREATE UNIQUE INDEX "index_organizations_on_subdomain" ON "organizations" ("subdomain") /*application='MeetingRails'*/[0m
  [1m[35m (0.3ms)[0m  [1m[35mDROP TABLE IF EXISTS "plans" CASCADE /*application='MeetingRails'*/[0m
  [1m[35m (4.7ms)[0m  [1m[35mCREATE TABLE "plans" ("id" bigserial primary key, "created_at" timestamp(6) NOT NULL, "name" character varying, "price_cents" integer, "room_limit" integer, "stripe_price_id" character varying, "updated_at" timestamp(6) NOT NULL) /*application='MeetingRails'*/[0m
  [1m[35m (0.4ms)[0m  [1m[35mDROP TABLE IF EXISTS "reservations" CASCADE /*application='MeetingRails'*/[0m
  [1m[35m (6.0ms)[0m  [1m[35mCREATE TABLE "reservations" ("id" bigserial primary key, "created_at" timestamp(6) NOT NULL, "date" date, "end_time" time, "organization_id" bigint NOT NULL, "organizer" character varying, "password_digest" character varying, "purpose" character varying, "room_id" bigint NOT NULL, "start_time" time, "updated_at" timestamp(6) NOT NULL) /*application='MeetingRails'*/[0m
  [1m[35m (1.9ms)[0m  [1m[35mCREATE INDEX "index_reservations_on_organization_id" ON "reservations" ("organization_id") /*application='MeetingRails'*/[0m
  [1m[35m (1.8ms)[0m  [1m[35mCREATE INDEX "index_reservations_on_room_id_and_date" ON "reservations" ("room_id", "date") /*application='MeetingRails'*/[0m
  [1m[35m (1.7ms)[0m  [1m[35mCREATE INDEX "index_reservations_on_room_id" ON "reservations" ("room_id") /*application='MeetingRails'*/[0m
  [1m[35m (0.2ms)[0m  [1m[35mDROP TABLE IF EXISTS "rooms" CASCADE /*application='MeetingRails'*/[0m
  [1m[35m (4.4ms)[0m  [1m[35mCREATE TABLE "rooms" ("id" bigserial primary key, "active" boolean DEFAULT TRUE NOT NULL, "capacity" integer, "created_at" timestamp(6) NOT NULL, "floor" character varying, "name" character varying, "organization_id" bigint NOT NULL, "updated_at" timestamp(6) NOT NULL) /*application='MeetingRails'*/[0m
  [1m[35m (1.6ms)[0m  [1m[35mCREATE INDEX "index_rooms_on_organization_id_and_floor" ON "rooms" ("organization_id", "floor") /*application='MeetingRails'*/[0m
  [1m[35m (1.2ms)[0m  [1m[35mCREATE INDEX "index_rooms_on_organization_id" ON "rooms" ("organization_id") /*application='MeetingRails'*/[0m
  [1m[35m (0.2ms)[0m  [1m[35mDROP TABLE IF EXISTS "subscriptions" CASCADE /*application='MeetingRails'*/[0m
  [1m[35m (4.1ms)[0m  [1m[35mCREATE TABLE "subscriptions" ("id" bigserial primary key, "created_at" timestamp(6) NOT NULL, "current_period_end" timestamp(6), "organization_id" bigint NOT NULL, "plan_id" bigint NOT NULL, "status" character varying, "stripe_subscription_id" character varying, "updated_at" timestamp(6) NOT NULL) /*application='MeetingRails'*/[0m
  [1m[35m (1.4ms)[0m  [1m[35mCREATE UNIQUE INDEX "index_subscriptions_on_organization_id" ON "subscriptions" ("organization_id") /*application='MeetingRails'*/[0m
  [1m[35m (1.7ms)[0m  [1m[35mCREATE INDEX "index_subscriptions_on_plan_id" ON "subscriptions" ("plan_id") /*application='MeetingRails'*/[0m
  [1m[35m (1.4ms)[0m  [1m[35mCREATE UNIQUE INDEX "index_subscriptions_on_stripe_subscription_id" ON "subscriptions" ("stripe_subscription_id") WHERE (stripe_subscription_id IS NOT NULL) /*application='MeetingRails'*/[0m
  [1m[35m (0.2ms)[0m  [1m[35mDROP TABLE IF EXISTS "users" CASCADE /*application='MeetingRails'*/[0m
  [1m[35m (3.8ms)[0m  [1m[35mCREATE TABLE "users" ("id" bigserial primary key, "created_at" timestamp(6) NOT NULL, "email" character varying DEFAULT '' NOT NULL, "encrypted_password" character varying DEFAULT '' NOT NULL, "organization_id" bigint NOT NULL, "remember_created_at" timestamp(6), "reset_password_sent_at" timestamp(6), "reset_password_token" character varying, "role" integer, "updated_at" timestamp(6) NOT NULL) /*application='MeetingRails'*/[0m
  [1m[35m (1.3ms)[0m  [1m[35mCREATE UNIQUE INDEX "index_users_on_email" ON "users" ("email") /*application='MeetingRails'*/[0m
  [1m[35m (1.3ms)[0m  [1m[35mCREATE INDEX "index_users_on_organization_id" ON "users" ("organization_id") /*application='MeetingRails'*/[0m
  [1m[35m (1.6ms)[0m  [1m[35mCREATE UNIQUE INDEX "index_users_on_reset_password_token" ON "users" ("reset_password_token") /*application='MeetingRails'*/[0m
  [1m[35m (5.8ms)[0m  [1m[35mALTER TABLE "reservations" ADD CONSTRAINT "fk_rails_bf8a5a02cd"
FOREIGN KEY ("organization_id")
  REFERENCES "organizations" ("id")
 /*application='MeetingRails'*/[0m
  [1m[35m (2.1ms)[0m  [1m[35mALTER TABLE "reservations" ADD CONSTRAINT "fk_rails_78d1025283"
FOREIGN KEY ("room_id")
  REFERENCES "rooms" ("id")
 /*application='MeetingRails'*/[0m
  [1m[35m (1.0ms)[0m  [1m[35mALTER TABLE "rooms" ADD CONSTRAINT "fk_rails_c2da7dc036"
FOREIGN KEY ("organization_id")
  REFERENCES "organizations" ("id")
 /*application='MeetingRails'*/[0m
  [1m[35m (2.9ms)[0m  [1m[35mALTER TABLE "subscriptions" ADD CONSTRAINT "fk_rails_364213cc3e"
FOREIGN KEY ("organization_id")
  REFERENCES "organizations" ("id")
 /*application='MeetingRails'*/[0m
  [1m[35m (1.7ms)[0m  [1m[35mALTER TABLE "subscriptions" ADD CONSTRAINT "fk_rails_63d3df128b"
FOREIGN KEY ("plan_id")
  REFERENCES "plans" ("id")
 /*application='MeetingRails'*/[0m
  [1m[35m (3.1ms)[0m  [1m[35mALTER TABLE "users" ADD CONSTRAINT "fk_rails_d7b9ff90af"
FOREIGN KEY ("organization_id")
  REFERENCES "organizations" ("id")
 /*application='MeetingRails'*/[0m
  [1m[35m (4.0ms)[0m  [1m[35mCREATE TABLE "schema_migrations" ("version" character varying NOT NULL PRIMARY KEY) /*application='MeetingRails'*/[0m
  [1m[36mActiveRecord::SchemaMigration Load (1.1ms)[0m  [1m[34mSELECT "schema_migrations"."version" FROM "schema_migrations" ORDER BY "schema_migrations"."version" ASC /*application='MeetingRails'*/[0m
  [1m[35m (0.9ms)[0m  [1m[32mINSERT INTO "schema_migrations" (version) VALUES (20260228120000) /*application='MeetingRails'*/[0m
  [1m[35m (0.5ms)[0m  [1m[32mINSERT INTO "schema_migrations" (version) VALUES
(20260228082050),
(20260228082044),
(20260228082038),
(20260228082013),
(20260228081804),
(20260228081758),
(20260228081751); /*application='MeetingRails'*/[0m
  [1m[35m (4.3ms)[0m  [1m[35mCREATE TABLE "ar_internal_metadata" ("key" character varying NOT NULL PRIMARY KEY, "value" character varying, "created_at" timestamp(6) NOT NULL, "updated_at" timestamp(6) NOT NULL) /*application='MeetingRails'*/[0m
  [1m[36mActiveRecord::InternalMetadata Load (1.1ms)[0m  [1m[34mSELECT * FROM "ar_internal_metadata" WHERE "ar_internal_metadata"."key" = 'environment' ORDER BY "ar_internal_metadata"."key" ASC LIMIT 1 /*application='MeetingRails'*/[0m
  [1m[36mActiveRecord::InternalMetadata Create (1.2ms)[0m  [1m[32mINSERT INTO "ar_internal_metadata" ("key", "value", "created_at", "updated_at") VALUES ('environment', 'development', '2026-02-28 13:59:53.101812', '2026-02-28 13:59:53.101816') RETURNING "key" /*application='MeetingRails'*/[0m
  [1m[36mActiveRecord::InternalMetadata Load (0.3ms)[0m  [1m[34mSELECT * FROM "ar_internal_metadata" WHERE "ar_internal_metadata"."key" = 'environment' ORDER BY "ar_internal_metadata"."key" ASC LIMIT 1 /*application='MeetingRails'*/[0m
  [1m[36mActiveRecord::InternalMetadata Load (0.5ms)[0m  [1m[34mSELECT * FROM "ar_internal_metadata" WHERE "ar_internal_metadata"."key" = 'schema_sha1' ORDER BY "ar_internal_metadata"."key" ASC LIMIT 1 /*application='MeetingRails'*/[0m
  [1m[36mActiveRecord::InternalMetadata Create (0.6ms)[0m  [1m[32mINSERT INTO "ar_internal_metadata" ("key", "value", "created_at", "updated_at") VALUES ('schema_sha1', '4a547b972cb39d8090fe3c925cae13c651fd7287', '2026-02-28 13:59:53.117022', '2026-02-28 13:59:53.117889') RETURNING "key" /*application='MeetingRails'*/[0m
  [1m[35mSQL (117.7ms)[0m  [1m[35mCREATE EXTENSION IF NOT EXISTS "plpgsql" SCHEMA pg_catalog /*application='MeetingRails'*/[0m
  [1m[35m (0.1ms)[0m  [1m[35mDROP TABLE IF EXISTS "organizations" CASCADE /*application='MeetingRails'*/[0m
  [1m[35m (49.4ms)[0m  [1m[35mCREATE TABLE "organizations" ("id" bigserial primary key, "active" boolean DEFAULT TRUE NOT NULL, "created_at" timestamp(6) NOT NULL, "name" character varying NOT NULL, "plan_id" bigint, "stripe_customer_id" character varying, "subdomain" character varying NOT NULL, "updated_at" timestamp(6) NOT NULL) /*application='MeetingRails'*/[0m
  [1m[35m (1.6ms)[0m  [1m[35mCREATE INDEX "index_organizations_on_plan_id" ON "organizations" ("plan_id") /*application='MeetingRails'*/[0m
  [1m[35m (1.4ms)[0m  [1m[35mCREATE UNIQUE INDEX "index_organizations_on_subdomain" ON "organizations" ("subdomain") /*application='MeetingRails'*/[0m
  [1m[35m (0.2ms)[0m  [1m[35mDROP TABLE IF EXISTS "plans" CASCADE /*application='MeetingRails'*/[0m
  [1m[35m (4.0ms)[0m  [1m[35mCREATE TABLE "plans" ("id" bigserial primary key, "created_at" timestamp(6) NOT NULL, "name" character varying, "price_cents" integer, "room_limit" integer, "stripe_price_id" character varying, "updated_at" timestamp(6) NOT NULL) /*application='MeetingRails'*/[0m
  [1m[35m (0.3ms)[0m  [1m[35mDROP TABLE IF EXISTS "reservations" CASCADE /*application='MeetingRails'*/[0m
  [1m[35m (4.3ms)[0m  [1m[35mCREATE TABLE "reservations" ("id" bigserial primary key, "created_at" timestamp(6) NOT NULL, "date" date, "end_time" time, "organization_id" bigint NOT NULL, "organizer" character varying, "password_digest" character varying, "purpose" character varying, "room_id" bigint NOT NULL, "start_time" time, "updated_at" timestamp(6) NOT NULL) /*application='MeetingRails'*/[0m
  [1m[35m (1.3ms)[0m  [1m[35mCREATE INDEX "index_reservations_on_organization_id" ON "reservations" ("organization_id") /*application='MeetingRails'*/[0m
  [1m[35m (1.3ms)[0m  [1m[35mCREATE INDEX "index_reservations_on_room_id_and_date" ON "reservations" ("room_id", "date") /*application='MeetingRails'*/[0m
  [1m[35m (1.2ms)[0m  [1m[35mCREATE INDEX "index_reservations_on_room_id" ON "reservations" ("room_id") /*application='MeetingRails'*/[0m
  [1m[35m (0.2ms)[0m  [1m[35mDROP TABLE IF EXISTS "rooms" CASCADE /*application='MeetingRails'*/[0m
  [1m[35m (4.2ms)[0m  [1m[35mCREATE TABLE "rooms" ("id" bigserial primary key, "active" boolean DEFAULT TRUE NOT NULL, "capacity" integer, "created_at" timestamp(6) NOT NULL, "floor" character varying, "name" character varying, "organization_id" bigint NOT NULL, "updated_at" timestamp(6) NOT NULL) /*application='MeetingRails'*/[0m
  [1m[35m (1.4ms)[0m  [1m[35mCREATE INDEX "index_rooms_on_organization_id_and_floor" ON "rooms" ("organization_id", "floor") /*application='MeetingRails'*/[0m
  [1m[35m (1.3ms)[0m  [1m[35mCREATE INDEX "index_rooms_on_organization_id" ON "rooms" ("organization_id") /*application='MeetingRails'*/[0m
  [1m[35m (0.2ms)[0m  [1m[35mDROP TABLE IF EXISTS "subscriptions" CASCADE /*application='MeetingRails'*/[0m
  [1m[35m (4.9ms)[0m  [1m[35mCREATE TABLE "subscriptions" ("id" bigserial primary key, "created_at" timestamp(6) NOT NULL, "current_period_end" timestamp(6), "organization_id" bigint NOT NULL, "plan_id" bigint NOT NULL, "status" character varying, "stripe_subscription_id" character varying, "updated_at" timestamp(6) NOT NULL) /*application='MeetingRails'*/[0m
  [1m[35m (1.5ms)[0m  [1m[35mCREATE UNIQUE INDEX "index_subscriptions_on_organization_id" ON "subscriptions" ("organization_id") /*application='MeetingRails'*/[0m
  [1m[35m (1.9ms)[0m  [1m[35mCREATE INDEX "index_subscriptions_on_plan_id" ON "subscriptions" ("plan_id") /*application='MeetingRails'*/[0m
  [1m[35m (1.4ms)[0m  [1m[35mCREATE UNIQUE INDEX "index_subscriptions_on_stripe_subscription_id" ON "subscriptions" ("stripe_subscription_id") WHERE (stripe_subscription_id IS NOT NULL) /*application='MeetingRails'*/[0m
  [1m[35m (0.2ms)[0m  [1m[35mDROP TABLE IF EXISTS "users" CASCADE /*application='MeetingRails'*/[0m
  [1m[35m (4.7ms)[0m  [1m[35mCREATE TABLE "users" ("id" bigserial primary key, "created_at" timestamp(6) NOT NULL, "email" character varying DEFAULT '' NOT NULL, "encrypted_password" character varying DEFAULT '' NOT NULL, "organization_id" bigint NOT NULL, "remember_created_at" timestamp(6), "reset_password_sent_at" timestamp(6), "reset_password_token" character varying, "role" integer, "updated_at" timestamp(6) NOT NULL) /*application='MeetingRails'*/[0m
  [1m[35m (1.4ms)[0m  [1m[35mCREATE UNIQUE INDEX "index_users_on_email" ON "users" ("email") /*application='MeetingRails'*/[0m
  [1m[35m (1.2ms)[0m  [1m[35mCREATE INDEX "index_users_on_organization_id" ON "users" ("organization_id") /*application='MeetingRails'*/[0m
  [1m[35m (1.2ms)[0m  [1m[35mCREATE UNIQUE INDEX "index_users_on_reset_password_token" ON "users" ("reset_password_token") /*application='MeetingRails'*/[0m
  [1m[35m (5.0ms)[0m  [1m[35mALTER TABLE "reservations" ADD CONSTRAINT "fk_rails_bf8a5a02cd"
FOREIGN KEY ("organization_id")
  REFERENCES "organizations" ("id")
 /*application='MeetingRails'*/[0m
  [1m[35m (2.2ms)[0m  [1m[35mALTER TABLE "reservations" ADD CONSTRAINT "fk_rails_78d1025283"
FOREIGN KEY ("room_id")
  REFERENCES "rooms" ("id")
 /*application='MeetingRails'*/[0m
  [1m[35m (1.0ms)[0m  [1m[35mALTER TABLE "rooms" ADD CONSTRAINT "fk_rails_c2da7dc036"
FOREIGN KEY ("organization_id")
  REFERENCES "organizations" ("id")
 /*application='MeetingRails'*/[0m
  [1m[35m (2.5ms)[0m  [1m[35mALTER TABLE "subscriptions" ADD CONSTRAINT "fk_rails_364213cc3e"
FOREIGN KEY ("organization_id")
  REFERENCES "organizations" ("id")
 /*application='MeetingRails'*/[0m
  [1m[35m (1.5ms)[0m  [1m[35mALTER TABLE "subscriptions" ADD CONSTRAINT "fk_rails_63d3df128b"
FOREIGN KEY ("plan_id")
  REFERENCES "plans" ("id")
 /*application='MeetingRails'*/[0m
  [1m[35m (2.3ms)[0m  [1m[35mALTER TABLE "users" ADD CONSTRAINT "fk_rails_d7b9ff90af"
FOREIGN KEY ("organization_id")
  REFERENCES "organizations" ("id")
 /*application='MeetingRails'*/[0m
  [1m[35m (3.3ms)[0m  [1m[35mCREATE TABLE "schema_migrations" ("version" character varying NOT NULL PRIMARY KEY) /*application='MeetingRails'*/[0m
  [1m[36mActiveRecord::SchemaMigration Load (0.8ms)[0m  [1m[34mSELECT "schema_migrations"."version" FROM "schema_migrations" ORDER BY "schema_migrations"."version" ASC /*application='MeetingRails'*/[0m
  [1m[35m (0.7ms)[0m  [1m[32mINSERT INTO "schema_migrations" (version) VALUES (20260228120000) /*application='MeetingRails'*/[0m
  [1m[35m (0.3ms)[0m  [1m[32mINSERT INTO "schema_migrations" (version) VALUES
(20260228082050),
(20260228082044),
(20260228082038),
(20260228082013),
(20260228081804),
(20260228081758),
(20260228081751); /*application='MeetingRails'*/[0m
  [1m[35m (3.3ms)[0m  [1m[35mCREATE TABLE "ar_internal_metadata" ("key" character varying NOT NULL PRIMARY KEY, "value" character varying, "created_at" timestamp(6) NOT NULL, "updated_at" timestamp(6) NOT NULL) /*application='MeetingRails'*/[0m
  [1m[36mActiveRecord::InternalMetadata Load (1.0ms)[0m  [1m[34mSELECT * FROM "ar_internal_metadata" WHERE "ar_internal_metadata"."key" = 'environment' ORDER BY "ar_internal_metadata"."key" ASC LIMIT 1 /*application='MeetingRails'*/[0m
  [1m[36mActiveRecord::InternalMetadata Create (0.7ms)[0m  [1m[32mINSERT INTO "ar_internal_metadata" ("key", "value", "created_at", "updated_at") VALUES ('environment', 'development', '2026-02-28 13:59:53.460998', '2026-02-28 13:59:53.461001') RETURNING "key" /*application='MeetingRails'*/[0m
  [1m[36mActiveRecord::InternalMetadata Load (0.2ms)[0m  [1m[34mSELECT * FROM "ar_internal_metadata" WHERE "ar_internal_metadata"."key" = 'environment' ORDER BY "ar_internal_metadata"."key" ASC LIMIT 1 /*application='MeetingRails'*/[0m
  [1m[36mActiveRecord::InternalMetadata Update (0.4ms)[0m  [1m[33mUPDATE "ar_internal_metadata" SET "value" = 'test', "updated_at" = '2026-02-28 13:59:53.465879' WHERE "ar_internal_metadata"."key" = 'environment' /*application='MeetingRails'*/[0m
  [1m[36mActiveRecord::InternalMetadata Load (0.2ms)[0m  [1m[34mSELECT * FROM "ar_internal_metadata" WHERE "ar_internal_metadata"."key" = 'schema_sha1' ORDER BY "ar_internal_metadata"."key" ASC LIMIT 1 /*application='MeetingRails'*/[0m
  [1m[36mActiveRecord::InternalMetadata Create (0.3ms)[0m  [1m[32mINSERT INTO "ar_internal_metadata" ("key", "value", "created_at", "updated_at") VALUES ('schema_sha1', '4a547b972cb39d8090fe3c925cae13c651fd7287', '2026-02-28 13:59:53.469535', '2026-02-28 13:59:53.469537') RETURNING "key" /*application='MeetingRails'*/[0m
  [1m[36mActiveRecord::SchemaMigration Load (1.0ms)[0m  [1m[34mSELECT "schema_migrations"."version" FROM "schema_migrations" ORDER BY "schema_migrations"."version" ASC /*application='MeetingRails'*/[0m
  [1m[36mPlan Load (0.7ms)[0m  [1m[34mSELECT "plans".* FROM "plans" WHERE "plans"."name" = 'free' LIMIT 1 /*application='MeetingRails'*/[0m
  [1m[36mTRANSACTION (0.1ms)[0m  [1m[35mBEGIN /*application='MeetingRails'*/[0m
  [1m[36mPlan Exists? (0.2ms)[0m  [1m[34mSELECT 1 AS one FROM "plans" WHERE "plans"."name" = 'free' LIMIT 1 /*application='MeetingRails'*/[0m
  [1m[36mPlan Create (0.8ms)[0m  [1m[32mINSERT INTO "plans" ("created_at", "name", "price_cents", "room_limit", "stripe_price_id", "updated_at") VALUES ('2026-02-28 13:59:53.648618', 'free', 0, 2, NULL, '2026-02-28 13:59:53.648618') RETURNING "id" /*application='MeetingRails'*/[0m
  [1m[36mTRANSACTION (0.8ms)[0m  [1m[35mCOMMIT /*application='MeetingRails'*/[0m
  [1m[36mPlan Load (0.3ms)[0m  [1m[34mSELECT "plans".* FROM "plans" WHERE "plans"."name" = 'basic' LIMIT 1 /*application='MeetingRails'*/[0m
  [1m[36mTRANSACTION (0.1ms)[0m  [1m[35mBEGIN /*application='MeetingRails'*/[0m
  [1m[36mPlan Exists? (3.0ms)[0m  [1m[34mSELECT 1 AS one FROM "plans" WHERE "plans"."name" = 'basic' LIMIT 1 /*application='MeetingRails'*/[0m
  [1m[36mPlan Create (0.2ms)[0m  [1m[32mINSERT INTO "plans" ("created_at", "name", "price_cents", "room_limit", "stripe_price_id", "updated_at") VALUES ('2026-02-28 13:59:53.663608', 'basic', 29000, 10, 'price_1T5mZcRz6rKcQpf6LPZSBZ20', '2026-02-28 13:59:53.663608') RETURNING "id" /*application='MeetingRails'*/[0m
  [1m[36mTRANSACTION (0.3ms)[0m  [1m[35mCOMMIT /*application='MeetingRails'*/[0m
  [1m[36mPlan Load (0.2ms)[0m  [1m[34mSELECT "plans".* FROM "plans" WHERE "plans"."name" = 'pro' LIMIT 1 /*application='MeetingRails'*/[0m
  [1m[36mTRANSACTION (0.1ms)[0m  [1m[35mBEGIN /*application='MeetingRails'*/[0m
  [1m[36mPlan Exists? (2.9ms)[0m  [1m[34mSELECT 1 AS one FROM "plans" WHERE "plans"."name" = 'pro' LIMIT 1 /*application='MeetingRails'*/[0m
  [1m[36mPlan Create (0.2ms)[0m  [1m[32mINSERT INTO "plans" ("created_at", "name", "price_cents", "room_limit", "stripe_price_id", "updated_at") VALUES ('2026-02-28 13:59:53.676381', 'pro', 99000, NULL, 'price_1T5mZcRz6rKcQpf6DPYvg8BQ', '2026-02-28 13:59:53.676381') RETURNING "id" /*application='MeetingRails'*/[0m
  [1m[36mTRANSACTION (0.3ms)[0m  [1m[35mCOMMIT /*application='MeetingRails'*/[0m
  [1m[36mPlan Load (0.2ms)[0m  [1m[34mSELECT "plans".* FROM "plans" WHERE "plans"."name" = 'basic' LIMIT 1 /*application='MeetingRails'*/[0m
  [1m[36mTRANSACTION (0.1ms)[0m  [1m[35mBEGIN /*application='MeetingRails'*/[0m
  [1m[36mPlan Exists? (0.2ms)[0m  [1m[34mSELECT 1 AS one FROM "plans" WHERE "plans"."name" = 'basic' AND "plans"."id" != 2 LIMIT 1 /*application='MeetingRails'*/[0m
  [1m[36mTRANSACTION (0.1ms)[0m  [1m[35mCOMMIT /*application='MeetingRails'*/[0m
  [1m[36mPlan Load (0.2ms)[0m  [1m[34mSELECT "plans".* FROM "plans" WHERE "plans"."name" = 'pro' LIMIT 1 /*application='MeetingRails'*/[0m
  [1m[36mTRANSACTION (0.1ms)[0m  [1m[35mBEGIN /*application='MeetingRails'*/[0m
  [1m[36mPlan Exists? (2.7ms)[0m  [1m[34mSELECT 1 AS one FROM "plans" WHERE "plans"."name" = 'pro' AND "plans"."id" != 3 LIMIT 1 /*application='MeetingRails'*/[0m
  [1m[36mTRANSACTION (0.1ms)[0m  [1m[35mCOMMIT /*application='MeetingRails'*/[0m
  [1m[36mPlan Count (0.3ms)[0m  [1m[34mSELECT COUNT(*) FROM "plans" /*application='MeetingRails'*/[0m
  [1m[36mOrganization Load (1.9ms)[0m  [1m[34mSELECT "organizations".* FROM "organizations" WHERE "organizations"."subdomain" = 'demo' LIMIT 1 /*application='MeetingRails'*/[0m
  [1m[36mTRANSACTION (0.2ms)[0m  [1m[35mBEGIN /*application='MeetingRails'*/[0m
  [1m[36mOrganization Exists? (0.4ms)[0m  [1m[34mSELECT 1 AS one FROM "organizations" WHERE "organizations"."subdomain" = 'demo' LIMIT 1 /*application='MeetingRails'*/[0m
  [1m[36mOrganization Create (0.8ms)[0m  [1m[32mINSERT INTO "organizations" ("active", "created_at", "name", "plan_id", "stripe_customer_id", "subdomain", "updated_at") VALUES (TRUE, '2026-02-28 13:59:53.752296', '데모 병원', 1, NULL, 'demo', '2026-02-28 13:59:53.752296') RETURNING "id" /*application='MeetingRails'*/[0m
  [1m[36mTRANSACTION (0.3ms)[0m  [1m[35mCOMMIT /*application='MeetingRails'*/[0m
  [1m[36mUser Load (2.0ms)[0m  [1m[34mSELECT "users".* FROM "users" WHERE "users"."email" = 'admin@demo.com' LIMIT 1 /*application='MeetingRails'*/[0m
  [1m[36mTRANSACTION (0.1ms)[0m  [1m[35mBEGIN /*application='MeetingRails'*/[0m
  [1m[36mUser Exists? (0.4ms)[0m  [1m[34mSELECT 1 AS one FROM "users" WHERE "users"."email" = 'admin@demo.com' LIMIT 1 /*application='MeetingRails'*/[0m
  [1m[36mUser Create (1.2ms)[0m  [1m[32mINSERT INTO "users" ("created_at", "email", "encrypted_password", "organization_id", "remember_created_at", "reset_password_sent_at", "reset_password_token", "role", "updated_at") VALUES ('2026-02-28 13:59:53.972304', 'admin@demo.com', '$2a$12$trL7jJ2LryVI/JyeKX1HAuXlencHXqmnmUyQkmoiwJbPFmPvs8AlW', 1, NULL, NULL, NULL, 1, '2026-02-28 13:59:53.972304') RETURNING "id" /*application='MeetingRails'*/[0m
  [1m[36mTRANSACTION (0.3ms)[0m  [1m[35mCOMMIT /*application='MeetingRails'*/[0m
  [1m[36mSubscription Load (1.7ms)[0m  [1m[34mSELECT "subscriptions".* FROM "subscriptions" WHERE "subscriptions"."organization_id" = 1 LIMIT 1 /*application='MeetingRails'*/[0m
  [1m[36mTRANSACTION (0.1ms)[0m  [1m[35mBEGIN /*application='MeetingRails'*/[0m
  [1m[36mSubscription Create (3.7ms)[0m  [1m[32mINSERT INTO "subscriptions" ("created_at", "current_period_end", "organization_id", "plan_id", "status", "stripe_subscription_id", "updated_at") VALUES ('2026-02-28 13:59:53.996553', '2126-02-28 13:59:53.992756', 1, 1, 'active', NULL, '2026-02-28 13:59:53.996553') RETURNING "id" /*application='MeetingRails'*/[0m
  [1m[36mTRANSACTION (0.3ms)[0m  [1m[35mCOMMIT /*application='MeetingRails'*/[0m
  [1m[36mRoom Load (1.5ms)[0m  [1m[34mSELECT "rooms".* FROM "rooms" WHERE "rooms"."organization_id" = 1 AND "rooms"."name" = '소회의실 A' LIMIT 1 /*application='MeetingRails'*/[0m
  [1m[36mTRANSACTION (0.1ms)[0m  [1m[35mBEGIN /*application='MeetingRails'*/[0m
  [1m[36mRoom Create (1.1ms)[0m  [1m[32mINSERT INTO "rooms" ("active", "capacity", "created_at", "floor", "name", "organization_id", "updated_at") VALUES (TRUE, 6, '2026-02-28 13:59:54.019043', '1층', '소회의실 A', 1, '2026-02-28 13:59:54.019043') RETURNING "id" /*application='MeetingRails'*/[0m
  [1m[36mTRANSACTION (0.3ms)[0m  [1m[35mCOMMIT /*application='MeetingRails'*/[0m
  [1m[36mRoom Load (0.2ms)[0m  [1m[34mSELECT "rooms".* FROM "rooms" WHERE "rooms"."organization_id" = 1 AND "rooms"."name" = '소회의실 B' LIMIT 1 /*application='MeetingRails'*/[0m
  [1m[36mTRANSACTION (0.1ms)[0m  [1m[35mBEGIN /*application='MeetingRails'*/[0m
  [1m[36mRoom Create (2.1ms)[0m  [1m[32mINSERT INTO "rooms" ("active", "capacity", "created_at", "floor", "name", "organization_id", "updated_at") VALUES (TRUE, 8, '2026-02-28 13:59:54.027626', '1층', '소회의실 B', 1, '2026-02-28 13:59:54.027626') RETURNING "id" /*application='MeetingRails'*/[0m
  [1m[36mTRANSACTION (0.3ms)[0m  [1m[35mCOMMIT /*application='MeetingRails'*/[0m
  [1m[36mRoom Count (0.3ms)[0m  [1m[34mSELECT COUNT(*) FROM "rooms" WHERE "rooms"."organization_id" = 1 /*application='MeetingRails'*/[0m
[dotenv] Set [36mDB_PASSWORD[0m, [36mDB_USERNAME[0m, [36mSTRIPE_PRICE_BASIC[0m, [36mSTRIPE_PRICE_PRO[0m, [36mSTRIPE_SECRET_KEY[0m, [36mSTRIPE_WEBHOOK_SECRET[0m, [36mSUPER_ADMIN_PASSWORD[0m
[dotenv] Loaded [33m.env[0m
Started GET "/" for ::1 at 2026-02-28 23:01:40 +0900
  [1m[36mActiveRecord::SchemaMigration Load (1.4ms)[0m  [1m[34mSELECT "schema_migrations"."version" FROM "schema_migrations" ORDER BY "schema_migrations"."version" ASC /*application='MeetingRails'*/[0m
Processing by LandingController#index as HTML
  Rendering layout layouts/application.html.erb
  Rendering landing/index.html.erb within layouts/application
  Rendered landing/index.html.erb within layouts/application (Duration: 1.2ms | GC: 0.0ms)
  [1m[36mUser Load (2.8ms)[0m  [1m[34mSELECT "users".* FROM "users" WHERE "users"."id" = 2 ORDER BY "users"."id" ASC LIMIT 1 /*action='index',application='MeetingRails',controller='landing'*/[0m
  ↳ app/views/layouts/application.html.erb:40
  Rendered layout layouts/application.html.erb (Duration: 192.8ms | GC: 0.0ms)
Completed 200 OK in 259ms (Views: 62.3ms | ActiveRecord: 142.4ms (1 query, 0 cached) | GC: 0.0ms)


Started GET "/" for ::1 at 2026-02-28 23:01:41 +0900
Processing by LandingController#index as HTML
  Rendering layout layouts/application.html.erb
  Rendering landing/index.html.erb within layouts/application
  Rendered landing/index.html.erb within layouts/application (Duration: 0.2ms | GC: 0.0ms)
  Rendered layout layouts/application.html.erb (Duration: 2.3ms | GC: 0.0ms)
Completed 200 OK in 12ms (Views: 3.0ms | ActiveRecord: 0.0ms (0 queries, 0 cached) | GC: 0.0ms)


Started GET "/" for ::1 at 2026-02-28 23:01:42 +0900
Processing by LandingController#index as HTML
  Rendering layout layouts/application.html.erb
  Rendering landing/index.html.erb within layouts/application
  Rendered landing/index.html.erb within layouts/application (Duration: 0.2ms | GC: 0.0ms)
  Rendered layout layouts/application.html.erb (Duration: 1.8ms | GC: 0.0ms)
Completed 200 OK in 12ms (Views: 2.6ms | ActiveRecord: 0.0ms (0 queries, 0 cached) | GC: 0.0ms)


Started GET "/.well-known/appspecific/com.chrome.devtools.json" for ::1 at 2026-02-28 23:01:42 +0900
  
ActionController::RoutingError (No route matches [GET] "/.well-known/appspecific/com.chrome.devtools.json"):
  
Started GET "/registrations/new" for ::1 at 2026-02-28 23:01:43 +0900
Processing by RegistrationsController#new as HTML
  Rendering layout layouts/application.html.erb
  Rendering registrations/new.html.erb within layouts/application
  Rendered registrations/new.html.erb within layouts/application (Duration: 1.7ms | GC: 0.0ms)
  Rendered layout layouts/application.html.erb (Duration: 3.0ms | GC: 0.0ms)
Completed 200 OK in 31ms (Views: 7.8ms | ActiveRecord: 1.4ms (0 queries, 0 cached) | GC: 0.0ms)


Started GET "/registrations/subdomain_availability?subdomain=abc-h" for ::1 at 2026-02-28 23:01:46 +0900
Processing by RegistrationsController#subdomain_availability as JSON
  Parameters: {"subdomain" => "abc-h"}
  [1m[36mOrganization Exists? (2.6ms)[0m  [1m[34mSELECT 1 AS one FROM "organizations" WHERE "organizations"."subdomain" = 'abc-h' LIMIT 1 /*action='subdomain_availability',application='MeetingRails',controller='registrations'*/[0m
  ↳ app/models/organization.rb:28:in 'Organization.subdomain_available?'
Completed 200 OK in 13ms (Views: 0.1ms | ActiveRecord: 2.6ms (1 query, 0 cached) | GC: 0.0ms)


Started GET "/registrations/subdomain_availability?subdomain=abc-h" for ::1 at 2026-02-28 23:01:46 +0900
Processing by RegistrationsController#subdomain_availability as JSON
  Parameters: {"subdomain" => "abc-h"}
  [1m[36mOrganization Exists? (0.4ms)[0m  [1m[34mSELECT 1 AS one FROM "organizations" WHERE "organizations"."subdomain" = 'abc-h' LIMIT 1 /*action='subdomain_availability',application='MeetingRails',controller='registrations'*/[0m
  ↳ app/models/organization.rb:28:in 'Organization.subdomain_available?'
Completed 200 OK in 9ms (Views: 0.1ms | ActiveRecord: 0.4ms (1 query, 0 cached) | GC: 0.0ms)


Started POST "/registrations" for ::1 at 2026-02-28 23:01:56 +0900
Processing by RegistrationsController#create as TURBO_STREAM
  Parameters: {"authenticity_token" => "[FILTERED]", "organization" => {"name" => "부산대병원", "subdomain" => "abc-h"}, "user" => {"email" => "[FILTERED]", "password" => "[FILTERED]", "password_confirmation" => "[FILTERED]"}}
  [1m[36mTRANSACTION (0.2ms)[0m  [1m[35mBEGIN /*action='create',application='MeetingRails',controller='registrations'*/[0m
  ↳ app/controllers/registrations_controller.rb:13:in 'block in RegistrationsController#create'
  [1m[36mPlan Load (1.3ms)[0m  [1m[34mSELECT "plans".* FROM "plans" WHERE "plans"."name" = 'free' LIMIT 1 /*action='create',application='MeetingRails',controller='registrations'*/[0m
  ↳ app/controllers/registrations_controller.rb:13:in 'block in RegistrationsController#create'
  [1m[36mOrganization Exists? (0.4ms)[0m  [1m[34mSELECT 1 AS one FROM "organizations" WHERE "organizations"."subdomain" = 'abc-h' LIMIT 1 /*action='create',application='MeetingRails',controller='registrations'*/[0m
  ↳ app/controllers/registrations_controller.rb:15:in 'block in RegistrationsController#create'
  [1m[36mOrganization Create (0.7ms)[0m  [1m[32mINSERT INTO "organizations" ("active", "created_at", "name", "plan_id", "stripe_customer_id", "subdomain", "updated_at") VALUES (TRUE, '2026-02-28 14:01:56.953150', '부산대병원', 1, NULL, 'abc-h', '2026-02-28 14:01:56.953150') RETURNING "id" /*action='create',application='MeetingRails',controller='registrations'*/[0m
  ↳ app/controllers/registrations_controller.rb:15:in 'block in RegistrationsController#create'
  [1m[36mUser Exists? (0.4ms)[0m  [1m[34mSELECT 1 AS one FROM "users" WHERE "users"."email" = 'dovi0628@gmail.com' LIMIT 1 /*action='create',application='MeetingRails',controller='registrations'*/[0m
  ↳ app/controllers/registrations_controller.rb:16:in 'block in RegistrationsController#create'
  [1m[36mUser Create (0.9ms)[0m  [1m[32mINSERT INTO "users" ("created_at", "email", "encrypted_password", "organization_id", "remember_created_at", "reset_password_sent_at", "reset_password_token", "role", "updated_at") VALUES ('2026-02-28 14:01:56.960262', 'dovi0628@gmail.com', '$2a$12$Xl/4vWxxa56HWcpFpiQJ0ODpP5TAt9EXo3Xi5ptZHUL6.coPxjHUa', 2, NULL, NULL, NULL, 1, '2026-02-28 14:01:56.960262') RETURNING "id" /*action='create',application='MeetingRails',controller='registrations'*/[0m
  ↳ app/controllers/registrations_controller.rb:16:in 'block in RegistrationsController#create'
  [1m[36mSubscription Create (1.5ms)[0m  [1m[32mINSERT INTO "subscriptions" ("created_at", "current_period_end", "organization_id", "plan_id", "status", "stripe_subscription_id", "updated_at") VALUES ('2026-02-28 14:01:56.975853', '2126-02-28 14:01:56.963779', 2, 1, 'active', NULL, '2026-02-28 14:01:56.975853') RETURNING "id" /*action='create',application='MeetingRails',controller='registrations'*/[0m
  ↳ app/controllers/registrations_controller.rb:17:in 'block in RegistrationsController#create'
  [1m[36mSubscription Load (2.1ms)[0m  [1m[34mSELECT "subscriptions".* FROM "subscriptions" WHERE "subscriptions"."organization_id" = 2 LIMIT 1 /*action='create',application='MeetingRails',controller='registrations'*/[0m
  ↳ app/controllers/registrations_controller.rb:17:in 'block in RegistrationsController#create'
  [1m[36mTRANSACTION (0.6ms)[0m  [1m[35mCOMMIT /*action='create',application='MeetingRails',controller='registrations'*/[0m
  ↳ app/controllers/registrations_controller.rb:12:in 'RegistrationsController#create'
Redirected to http://abc-h.localhost:3000/admin
↳ app/controllers/registrations_controller.rb:25:in 'RegistrationsController#create'
Completed 302 Found in 245ms (ActiveRecord: 11.9ms (7 queries, 0 cached) | GC: 0.0ms)


Started OPTIONS "/admin" for ::1 at 2026-02-28 23:01:56 +0900
  
ActionController::RoutingError (No route matches [OPTIONS] "/admin"):
  
Started POST "/registrations" for ::1 at 2026-02-28 23:02:13 +0900
Processing by RegistrationsController#create as TURBO_STREAM
  Parameters: {"authenticity_token" => "[FILTERED]", "organization" => {"name" => "부산대병원", "subdomain" => "abc-h"}, "user" => {"email" => "[FILTERED]", "password" => "[FILTERED]", "password_confirmation" => "[FILTERED]"}}
  [1m[36mTRANSACTION (0.2ms)[0m  [1m[35mBEGIN /*action='create',application='MeetingRails',controller='registrations'*/[0m
  ↳ app/controllers/registrations_controller.rb:13:in 'block in RegistrationsController#create'
  [1m[36mPlan Load (1.7ms)[0m  [1m[34mSELECT "plans".* FROM "plans" WHERE "plans"."name" = 'free' LIMIT 1 /*action='create',application='MeetingRails',controller='registrations'*/[0m
  ↳ app/controllers/registrations_controller.rb:13:in 'block in RegistrationsController#create'
  [1m[36mOrganization Exists? (0.4ms)[0m  [1m[34mSELECT 1 AS one FROM "organizations" WHERE "organizations"."subdomain" = 'abc-h' LIMIT 1 /*action='create',application='MeetingRails',controller='registrations'*/[0m
  ↳ app/controllers/registrations_controller.rb:15:in 'block in RegistrationsController#create'
  [1m[36mTRANSACTION (0.2ms)[0m  [1m[31mROLLBACK /*action='create',application='MeetingRails',controller='registrations'*/[0m
  ↳ app/controllers/registrations_controller.rb:12:in 'RegistrationsController#create'
  Rendering layout layouts/application.html.erb
  Rendering registrations/new.html.erb within layouts/application
  Rendered registrations/new.html.erb within layouts/application (Duration: 0.5ms | GC: 0.0ms)
  [1m[36mUser Load (0.4ms)[0m  [1m[34mSELECT "users".* FROM "users" WHERE "users"."id" = 2 ORDER BY "users"."id" ASC LIMIT 1 /*action='create',application='MeetingRails',controller='registrations'*/[0m
  ↳ app/views/layouts/application.html.erb:40
  Rendered layout layouts/application.html.erb (Duration: 4.6ms | GC: 0.0ms)
Completed 422 Unprocessable Content in 199ms (Views: 5.0ms | ActiveRecord: 3.0ms (3 queries, 0 cached) | GC: 0.0ms)


Started GET "/registrations/subdomain_availability?subdomain=abc-h" for ::1 at 2026-02-28 23:02:13 +0900
Processing by RegistrationsController#subdomain_availability as JSON
  Parameters: {"subdomain" => "abc-h"}
  [1m[36mOrganization Exists? (0.4ms)[0m  [1m[34mSELECT 1 AS one FROM "organizations" WHERE "organizations"."subdomain" = 'abc-h' LIMIT 1 /*action='subdomain_availability',application='MeetingRails',controller='registrations'*/[0m
  ↳ app/models/organization.rb:28:in 'Organization.subdomain_available?'
Completed 200 OK in 9ms (Views: 0.1ms | ActiveRecord: 0.4ms (1 query, 0 cached) | GC: 0.0ms)


Started DELETE "/users/sign_out?_method=delete" for ::1 at 2026-02-28 23:02:23 +0900
Processing by Devise::SessionsController#destroy as TURBO_STREAM
  [1m[36mUser Load (0.5ms)[0m  [1m[34mSELECT "users".* FROM "users" WHERE "users"."id" = 2 ORDER BY "users"."id" ASC LIMIT 1 /*action='destroy',application='MeetingRails',controller='sessions'*/[0m
Redirected to http://localhost:3000/
Completed 303 See Other in 37ms (ActiveRecord: 0.5ms (1 query, 0 cached) | GC: 0.0ms)


Started GET "/" for ::1 at 2026-02-28 23:02:23 +0900
Processing by LandingController#index as TURBO_STREAM
  Rendering layout layouts/application.html.erb
  Rendering landing/index.html.erb within layouts/application
  Rendered landing/index.html.erb within layouts/application (Duration: 0.2ms | GC: 0.0ms)
  Rendered layout layouts/application.html.erb (Duration: 1.9ms | GC: 0.0ms)
Completed 200 OK in 11ms (Views: 2.5ms | ActiveRecord: 0.0ms (0 queries, 0 cached) | GC: 0.0ms)


Started GET "/users/sign_in" for ::1 at 2026-02-28 23:02:23 +0900
Processing by Devise::SessionsController#new as HTML
  Rendering layout layouts/application.html.erb
  Rendering devise/sessions/new.html.erb within layouts/application
  Rendered devise/shared/_links.html.erb (Duration: 0.9ms | GC: 0.0ms)
  Rendered devise/sessions/new.html.erb within layouts/application (Duration: 12.1ms | GC: 0.0ms)
  Rendered layout layouts/application.html.erb (Duration: 13.8ms | GC: 0.0ms)
Completed 200 OK in 32ms (Views: 23.9ms | ActiveRecord: 0.0ms (0 queries, 0 cached) | GC: 0.0ms)


Started GET "/users/sign_in" for ::1 at 2026-02-28 23:02:24 +0900
Processing by Devise::SessionsController#new as HTML
  Rendering layout layouts/application.html.erb
  Rendering devise/sessions/new.html.erb within layouts/application
  Rendered devise/shared/_links.html.erb (Duration: 0.2ms | GC: 0.0ms)
  Rendered devise/sessions/new.html.erb within layouts/application (Duration: 1.6ms | GC: 0.0ms)
  Rendered layout layouts/application.html.erb (Duration: 3.2ms | GC: 0.0ms)
Completed 200 OK in 13ms (Views: 4.0ms | ActiveRecord: 0.0ms (0 queries, 0 cached) | GC: 0.0ms)


Started POST "/users/sign_in" for ::1 at 2026-02-28 23:02:28 +0900
Processing by Devise::SessionsController#create as TURBO_STREAM
  Parameters: {"authenticity_token" => "[FILTERED]", "user" => {"email" => "[FILTERED]", "password" => "[FILTERED]", "remember_me" => "0"}, "commit" => "로그인"}
  [1m[36mUser Load (0.5ms)[0m  [1m[34mSELECT "users".* FROM "users" WHERE "users"."email" = 'dovi0628@gmail.com' ORDER BY "users"."id" ASC LIMIT 1 /*action='create',application='MeetingRails',controller='sessions'*/[0m
Redirected to http://localhost:3000/
Completed 303 See Other in 210ms (ActiveRecord: 0.5ms (1 query, 0 cached) | GC: 0.0ms)


Started GET "/" for ::1 at 2026-02-28 23:02:28 +0900
Processing by LandingController#index as TURBO_STREAM
  Rendering layout layouts/application.html.erb
  Rendering landing/index.html.erb within layouts/application
  Rendered landing/index.html.erb within layouts/application (Duration: 0.9ms | GC: 0.0ms)
  [1m[36mUser Load (0.5ms)[0m  [1m[34mSELECT "users".* FROM "users" WHERE "users"."id" = 2 ORDER BY "users"."id" ASC LIMIT 1 /*action='index',application='MeetingRails',controller='landing'*/[0m
  ↳ app/views/layouts/application.html.erb:40
  Rendered layout layouts/application.html.erb (Duration: 8.4ms | GC: 0.0ms)
Completed 200 OK in 16ms (Views: 8.6ms | ActiveRecord: 0.5ms (1 query, 0 cached) | GC: 0.0ms)


Started GET "/registrations/new" for ::1 at 2026-02-28 23:02:29 +0900
Processing by RegistrationsController#new as HTML
  Rendering layout layouts/application.html.erb
  Rendering registrations/new.html.erb within layouts/application
  Rendered registrations/new.html.erb within layouts/application (Duration: 1.4ms | GC: 0.0ms)
  [1m[36mUser Load (0.5ms)[0m  [1m[34mSELECT "users".* FROM "users" WHERE "users"."id" = 2 ORDER BY "users"."id" ASC LIMIT 1 /*action='new',application='MeetingRails',controller='registrations'*/[0m
  ↳ app/views/layouts/application.html.erb:40
  Rendered layout layouts/application.html.erb (Duration: 8.2ms | GC: 0.0ms)
Completed 200 OK in 18ms (Views: 8.6ms | ActiveRecord: 0.5ms (1 query, 0 cached) | GC: 0.0ms)


Started GET "/users/sign_in" for ::1 at 2026-02-28 23:02:34 +0900
Processing by Devise::SessionsController#new as HTML
  [1m[36mUser Load (0.5ms)[0m  [1m[34mSELECT "users".* FROM "users" WHERE "users"."id" = 2 ORDER BY "users"."id" ASC LIMIT 1 /*action='new',application='MeetingRails',controller='sessions'*/[0m
Redirected to http://localhost:3000/
Filter chain halted as :require_no_authentication rendered or redirected
Completed 302 Found in 13ms (ActiveRecord: 0.5ms (1 query, 0 cached) | GC: 0.0ms)


Started GET "/" for ::1 at 2026-02-28 23:02:34 +0900
Processing by LandingController#index as HTML
  Rendering layout layouts/application.html.erb
  Rendering landing/index.html.erb within layouts/application
  Rendered landing/index.html.erb within layouts/application (Duration: 0.3ms | GC: 0.0ms)
  [1m[36mUser Load (0.5ms)[0m  [1m[34mSELECT "users".* FROM "users" WHERE "users"."id" = 2 ORDER BY "users"."id" ASC LIMIT 1 /*action='index',application='MeetingRails',controller='landing'*/[0m
  ↳ app/views/layouts/application.html.erb:40
  Rendered layout layouts/application.html.erb (Duration: 8.1ms | GC: 0.0ms)
Completed 200 OK in 17ms (Views: 8.9ms | ActiveRecord: 0.5ms (1 query, 0 cached) | GC: 0.0ms)


Started GET "/registrations/new" for ::1 at 2026-02-28 23:02:34 +0900
Processing by RegistrationsController#new as HTML
  Rendering layout layouts/application.html.erb
  Rendering registrations/new.html.erb within layouts/application
  Rendered registrations/new.html.erb within layouts/application (Duration: 1.8ms | GC: 0.0ms)
  [1m[36mUser Load (0.4ms)[0m  [1m[34mSELECT "users".* FROM "users" WHERE "users"."id" = 2 ORDER BY "users"."id" ASC LIMIT 1 /*action='new',application='MeetingRails',controller='registrations'*/[0m
  ↳ app/views/layouts/application.html.erb:40
  Rendered layout layouts/application.html.erb (Duration: 8.5ms | GC: 0.0ms)
Completed 200 OK in 19ms (Views: 9.3ms | ActiveRecord: 0.4ms (1 query, 0 cached) | GC: 0.0ms)


Started GET "/users/sign_in" for ::1 at 2026-02-28 23:02:35 +0900
Processing by Devise::SessionsController#new as HTML
  [1m[36mUser Load (0.5ms)[0m  [1m[34mSELECT "users".* FROM "users" WHERE "users"."id" = 2 ORDER BY "users"."id" ASC LIMIT 1 /*action='new',application='MeetingRails',controller='sessions'*/[0m
Redirected to http://localhost:3000/
Filter chain halted as :require_no_authentication rendered or redirected
Completed 302 Found in 10ms (ActiveRecord: 0.5ms (1 query, 0 cached) | GC: 0.0ms)


Started GET "/" for ::1 at 2026-02-28 23:02:35 +0900
Processing by LandingController#index as HTML
  Rendering layout layouts/application.html.erb
  Rendering landing/index.html.erb within layouts/application
  Rendered landing/index.html.erb within layouts/application (Duration: 0.5ms | GC: 0.0ms)
  [1m[36mUser Load (0.4ms)[0m  [1m[34mSELECT "users".* FROM "users" WHERE "users"."id" = 2 ORDER BY "users"."id" ASC LIMIT 1 /*action='index',application='MeetingRails',controller='landing'*/[0m
  ↳ app/views/layouts/application.html.erb:40
  Rendered layout layouts/application.html.erb (Duration: 22.3ms | GC: 0.0ms)
Completed 200 OK in 31ms (Views: 22.5ms | ActiveRecord: 0.4ms (1 query, 0 cached) | GC: 0.0ms)


Started GET "/registrations/new" for ::1 at 2026-02-28 23:02:36 +0900
Processing by RegistrationsController#new as HTML
  Rendering layout layouts/application.html.erb
  Rendering registrations/new.html.erb within layouts/application
  Rendered registrations/new.html.erb within layouts/application (Duration: 0.6ms | GC: 0.0ms)
  [1m[36mUser Load (0.4ms)[0m  [1m[34mSELECT "users".* FROM "users" WHERE "users"."id" = 2 ORDER BY "users"."id" ASC LIMIT 1 /*action='new',application='MeetingRails',controller='registrations'*/[0m
  ↳ app/views/layouts/application.html.erb:40
  Rendered layout layouts/application.html.erb (Duration: 5.0ms | GC: 0.0ms)
Completed 200 OK in 12ms (Views: 5.3ms | ActiveRecord: 0.4ms (1 query, 0 cached) | GC: 0.0ms)


Started GET "/admin" for ::1 at 2026-02-28 23:02:36 +0900
  
ActionController::RoutingError (No route matches [GET] "/admin"):
  
Started GET "/registrations/new" for ::1 at 2026-02-28 23:02:38 +0900
Processing by RegistrationsController#new as HTML
  Rendering layout layouts/application.html.erb
  Rendering registrations/new.html.erb within layouts/application
  Rendered registrations/new.html.erb within layouts/application (Duration: 0.9ms | GC: 0.0ms)
  [1m[36mUser Load (0.5ms)[0m  [1m[34mSELECT "users".* FROM "users" WHERE "users"."id" = 2 ORDER BY "users"."id" ASC LIMIT 1 /*action='new',application='MeetingRails',controller='registrations'*/[0m
  ↳ app/views/layouts/application.html.erb:40
  Rendered layout layouts/application.html.erb (Duration: 4.9ms | GC: 0.0ms)
Completed 200 OK in 13ms (Views: 5.3ms | ActiveRecord: 0.5ms (1 query, 0 cached) | GC: 0.0ms)


Started GET "/admin" for ::1 at 2026-02-28 23:02:42 +0900
  
ActionController::RoutingError (No route matches [GET] "/admin"):
  
Started GET "/favicon.ico" for ::1 at 2026-02-28 23:02:44 +0900
Started GET "/sw.js" for ::1 at 2026-02-28 23:02:44 +0900
  
ActionController::RoutingError (No route matches [GET] "/favicon.ico"):
  
  
ActionController::RoutingError (No route matches [GET] "/sw.js"):
  
Started GET "/" for ::1 at 2026-02-28 23:02:44 +0900
Processing by LandingController#index as HTML
  Rendering layout layouts/application.html.erb
  Rendering landing/index.html.erb within layouts/application
  Rendered landing/index.html.erb within layouts/application (Duration: 0.3ms | GC: 0.0ms)
  [1m[36mUser Load (0.5ms)[0m  [1m[34mSELECT "users".* FROM "users" WHERE "users"."id" = 2 ORDER BY "users"."id" ASC LIMIT 1 /*action='index',application='MeetingRails',controller='landing'*/[0m
  ↳ app/views/layouts/application.html.erb:40
  Rendered layout layouts/application.html.erb (Duration: 4.6ms | GC: 0.0ms)
Completed 200 OK in 13ms (Views: 5.0ms | ActiveRecord: 0.5ms (1 query, 0 cached) | GC: 0.0ms)


Started GET "/.well-known/appspecific/com.chrome.devtools.json" for ::1 at 2026-02-28 23:02:45 +0900
  
ActionController::RoutingError (No route matches [GET] "/.well-known/appspecific/com.chrome.devtools.json"):
  
Started GET "/sw.js" for ::1 at 2026-02-28 23:02:46 +0900
  
ActionController::RoutingError (No route matches [GET] "/sw.js"):
  
Started GET "/users/sign_in" for ::1 at 2026-02-28 23:02:58 +0900
Processing by Devise::SessionsController#new as HTML
  [1m[36mUser Load (0.9ms)[0m  [1m[34mSELECT "users".* FROM "users" WHERE "users"."id" = 2 ORDER BY "users"."id" ASC LIMIT 1 /*action='new',application='MeetingRails',controller='sessions'*/[0m
Redirected to http://localhost:3000/
Filter chain halted as :require_no_authentication rendered or redirected
Completed 302 Found in 8ms (ActiveRecord: 0.9ms (1 query, 0 cached) | GC: 0.0ms)


Started GET "/" for ::1 at 2026-02-28 23:02:58 +0900
Processing by LandingController#index as HTML
  Rendering layout layouts/application.html.erb
  Rendering landing/index.html.erb within layouts/application
  Rendered landing/index.html.erb within layouts/application (Duration: 0.3ms | GC: 0.0ms)
  [1m[36mUser Load (0.6ms)[0m  [1m[34mSELECT "users".* FROM "users" WHERE "users"."id" = 2 ORDER BY "users"."id" ASC LIMIT 1 /*action='index',application='MeetingRails',controller='landing'*/[0m
  ↳ app/views/layouts/application.html.erb:40
  Rendered layout layouts/application.html.erb (Duration: 5.0ms | GC: 0.0ms)
Completed 200 OK in 17ms (Views: 5.3ms | ActiveRecord: 0.5ms (1 query, 0 cached) | GC: 0.0ms)


[dotenv] Set [36mDB_PASSWORD[0m, [36mDB_USERNAME[0m, [36mSTRIPE_PRICE_BASIC[0m, [36mSTRIPE_PRICE_PRO[0m, [36mSTRIPE_SECRET_KEY[0m, [36mSTRIPE_WEBHOOK_SECRET[0m, [36mSUPER_ADMIN_PASSWORD[0m
[dotenv] Loaded [33m.env[0m
  [1m[36mActiveRecord::SchemaMigration Load (1.7ms)[0m  [1m[34mSELECT "schema_migrations"."version" FROM "schema_migrations" ORDER BY "schema_migrations"."version" ASC /*application='MeetingRails'*/[0m
  [1m[36mActiveRecord::InternalMetadata Load (1.7ms)[0m  [1m[34mSELECT * FROM "ar_internal_metadata" WHERE "ar_internal_metadata"."key" = 'environment' ORDER BY "ar_internal_metadata"."key" ASC LIMIT 1 /*application='MeetingRails'*/[0m
  [1m[36mActiveRecord::SchemaMigration Load (0.2ms)[0m  [1m[34mSELECT "schema_migrations"."version" FROM "schema_migrations" ORDER BY "schema_migrations"."version" ASC /*application='MeetingRails'*/[0m
  [1m[36mActiveRecord::InternalMetadata Load (0.3ms)[0m  [1m[34mSELECT * FROM "ar_internal_metadata" WHERE "ar_internal_metadata"."key" = 'environment' ORDER BY "ar_internal_metadata"."key" ASC LIMIT 1 /*application='MeetingRails'*/[0m
  [1m[36mActiveRecord::SchemaMigration Load (0.2ms)[0m  [1m[34mSELECT "schema_migrations"."version" FROM "schema_migrations" ORDER BY "schema_migrations"."version" ASC /*application='MeetingRails'*/[0m
  [1m[36mActiveRecord::InternalMetadata Load (0.3ms)[0m  [1m[34mSELECT * FROM "ar_internal_metadata" WHERE "ar_internal_metadata"."key" = 'environment' ORDER BY "ar_internal_metadata"."key" ASC LIMIT 1 /*application='MeetingRails'*/[0m
  [1m[35mSQL (0.1ms)[0m  [1m[35mSET search_path TO public /*application='MeetingRails'*/[0m
  [1m[35m (738.6ms)[0m  [1m[35mDROP DATABASE IF EXISTS "meeting_rails_development" /*application='MeetingRails'*/[0m
  [1m[35mSQL (0.1ms)[0m  [1m[35mSET search_path TO public /*application='MeetingRails'*/[0m
  [1m[35m (297.5ms)[0m  [1m[35mDROP DATABASE IF EXISTS "meeting_rails_test" /*application='MeetingRails'*/[0m
  [1m[35mSQL (0.1ms)[0m  [1m[35mSET search_path TO public /*application='MeetingRails'*/[0m
  [1m[35m (357.9ms)[0m  [1m[35mCREATE DATABASE "meeting_rails_development" ENCODING = 'unicode' /*application='MeetingRails'*/[0m
  [1m[35mSQL (0.1ms)[0m  [1m[35mSET search_path TO public /*application='MeetingRails'*/[0m
  [1m[35m (348.6ms)[0m  [1m[35mCREATE DATABASE "meeting_rails_test" ENCODING = 'unicode' /*application='MeetingRails'*/[0m
  [1m[35mSQL (129.4ms)[0m  [1m[35mCREATE EXTENSION IF NOT EXISTS "plpgsql" SCHEMA pg_catalog /*application='MeetingRails'*/[0m
  [1m[35m (0.1ms)[0m  [1m[35mDROP TABLE IF EXISTS "organizations" CASCADE /*application='MeetingRails'*/[0m
  [1m[35m (45.2ms)[0m  [1m[35mCREATE TABLE "organizations" ("id" bigserial primary key, "active" boolean DEFAULT TRUE NOT NULL, "created_at" timestamp(6) NOT NULL, "name" character varying NOT NULL, "plan_id" bigint, "stripe_customer_id" character varying, "subdomain" character varying NOT NULL, "updated_at" timestamp(6) NOT NULL) /*application='MeetingRails'*/[0m
  [1m[35m (1.7ms)[0m  [1m[35mCREATE INDEX "index_organizations_on_plan_id" ON "organizations" ("plan_id") /*application='MeetingRails'*/[0m
  [1m[35m (1.8ms)[0m  [1m[35mCREATE UNIQUE INDEX "index_organizations_on_subdomain" ON "organizations" ("subdomain") /*application='MeetingRails'*/[0m
  [1m[35m (0.2ms)[0m  [1m[35mDROP TABLE IF EXISTS "plans" CASCADE /*application='MeetingRails'*/[0m
  [1m[35m (3.8ms)[0m  [1m[35mCREATE TABLE "plans" ("id" bigserial primary key, "created_at" timestamp(6) NOT NULL, "name" character varying, "price_cents" integer, "room_limit" integer, "stripe_price_id" character varying, "updated_at" timestamp(6) NOT NULL) /*application='MeetingRails'*/[0m
  [1m[35m (0.3ms)[0m  [1m[35mDROP TABLE IF EXISTS "reservations" CASCADE /*application='MeetingRails'*/[0m
  [1m[35m (3.9ms)[0m  [1m[35mCREATE TABLE "reservations" ("id" bigserial primary key, "created_at" timestamp(6) NOT NULL, "date" date, "end_time" time, "organization_id" bigint NOT NULL, "organizer" character varying, "password_digest" character varying, "purpose" character varying, "room_id" bigint NOT NULL, "start_time" time, "updated_at" timestamp(6) NOT NULL) /*application='MeetingRails'*/[0m
  [1m[35m (1.6ms)[0m  [1m[35mCREATE INDEX "index_reservations_on_organization_id" ON "reservations" ("organization_id") /*application='MeetingRails'*/[0m
  [1m[35m (1.5ms)[0m  [1m[35mCREATE INDEX "index_reservations_on_room_id_and_date" ON "reservations" ("room_id", "date") /*application='MeetingRails'*/[0m
  [1m[35m (1.4ms)[0m  [1m[35mCREATE INDEX "index_reservations_on_room_id" ON "reservations" ("room_id") /*application='MeetingRails'*/[0m
  [1m[35m (0.3ms)[0m  [1m[35mDROP TABLE IF EXISTS "rooms" CASCADE /*application='MeetingRails'*/[0m
  [1m[35m (4.0ms)[0m  [1m[35mCREATE TABLE "rooms" ("id" bigserial primary key, "active" boolean DEFAULT TRUE NOT NULL, "capacity" integer, "created_at" timestamp(6) NOT NULL, "floor" character varying, "name" character varying, "organization_id" bigint NOT NULL, "updated_at" timestamp(6) NOT NULL) /*application='MeetingRails'*/[0m
  [1m[35m (1.4ms)[0m  [1m[35mCREATE INDEX "index_rooms_on_organization_id_and_floor" ON "rooms" ("organization_id", "floor") /*application='MeetingRails'*/[0m
  [1m[35m (1.5ms)[0m  [1m[35mCREATE INDEX "index_rooms_on_organization_id" ON "rooms" ("organization_id") /*application='MeetingRails'*/[0m
  [1m[35m (0.2ms)[0m  [1m[35mDROP TABLE IF EXISTS "subscriptions" CASCADE /*application='MeetingRails'*/[0m
  [1m[35m (4.6ms)[0m  [1m[35mCREATE TABLE "subscriptions" ("id" bigserial primary key, "created_at" timestamp(6) NOT NULL, "current_period_end" timestamp(6), "organization_id" bigint NOT NULL, "plan_id" bigint NOT NULL, "status" character varying, "stripe_subscription_id" character varying, "updated_at" timestamp(6) NOT NULL) /*application='MeetingRails'*/[0m
  [1m[35m (1.7ms)[0m  [1m[35mCREATE UNIQUE INDEX "index_subscriptions_on_organization_id" ON "subscriptions" ("organization_id") /*application='MeetingRails'*/[0m
  [1m[35m (2.2ms)[0m  [1m[35mCREATE INDEX "index_subscriptions_on_plan_id" ON "subscriptions" ("plan_id") /*application='MeetingRails'*/[0m
  [1m[35m (1.6ms)[0m  [1m[35mCREATE UNIQUE INDEX "index_subscriptions_on_stripe_subscription_id" ON "subscriptions" ("stripe_subscription_id") WHERE (stripe_subscription_id IS NOT NULL) /*application='MeetingRails'*/[0m
  [1m[35m (0.3ms)[0m  [1m[35mDROP TABLE IF EXISTS "users" CASCADE /*application='MeetingRails'*/[0m
  [1m[35m (5.1ms)[0m  [1m[35mCREATE TABLE "users" ("id" bigserial primary key, "created_at" timestamp(6) NOT NULL, "email" character varying DEFAULT '' NOT NULL, "encrypted_password" character varying DEFAULT '' NOT NULL, "organization_id" bigint NOT NULL, "remember_created_at" timestamp(6), "reset_password_sent_at" timestamp(6), "reset_password_token" character varying, "role" integer, "updated_at" timestamp(6) NOT NULL) /*application='MeetingRails'*/[0m
  [1m[35m (1.5ms)[0m  [1m[35mCREATE UNIQUE INDEX "index_users_on_email" ON "users" ("email") /*application='MeetingRails'*/[0m
  [1m[35m (1.4ms)[0m  [1m[35mCREATE INDEX "index_users_on_organization_id" ON "users" ("organization_id") /*application='MeetingRails'*/[0m
  [1m[35m (1.5ms)[0m  [1m[35mCREATE UNIQUE INDEX "index_users_on_reset_password_token" ON "users" ("reset_password_token") /*application='MeetingRails'*/[0m
  [1m[35m (5.1ms)[0m  [1m[35mALTER TABLE "reservations" ADD CONSTRAINT "fk_rails_bf8a5a02cd"
FOREIGN KEY ("organization_id")
  REFERENCES "organizations" ("id")
 /*application='MeetingRails'*/[0m
  [1m[35m (2.4ms)[0m  [1m[35mALTER TABLE "reservations" ADD CONSTRAINT "fk_rails_78d1025283"
FOREIGN KEY ("room_id")
  REFERENCES "rooms" ("id")
 /*application='MeetingRails'*/[0m
  [1m[35m (1.2ms)[0m  [1m[35mALTER TABLE "rooms" ADD CONSTRAINT "fk_rails_c2da7dc036"
FOREIGN KEY ("organization_id")
  REFERENCES "organizations" ("id")
 /*application='MeetingRails'*/[0m
  [1m[35m (2.4ms)[0m  [1m[35mALTER TABLE "subscriptions" ADD CONSTRAINT "fk_rails_364213cc3e"
FOREIGN KEY ("organization_id")
  REFERENCES "organizations" ("id")
 /*application='MeetingRails'*/[0m
  [1m[35m (1.6ms)[0m  [1m[35mALTER TABLE "subscriptions" ADD CONSTRAINT "fk_rails_63d3df128b"
FOREIGN KEY ("plan_id")
  REFERENCES "plans" ("id")
 /*application='MeetingRails'*/[0m
  [1m[35m (3.0ms)[0m  [1m[35mALTER TABLE "users" ADD CONSTRAINT "fk_rails_d7b9ff90af"
FOREIGN KEY ("organization_id")
  REFERENCES "organizations" ("id")
 /*application='MeetingRails'*/[0m
  [1m[35m (3.7ms)[0m  [1m[35mCREATE TABLE "schema_migrations" ("version" character varying NOT NULL PRIMARY KEY) /*application='MeetingRails'*/[0m
  [1m[36mActiveRecord::SchemaMigration Load (1.0ms)[0m  [1m[34mSELECT "schema_migrations"."version" FROM "schema_migrations" ORDER BY "schema_migrations"."version" ASC /*application='MeetingRails'*/[0m
  [1m[35m (1.0ms)[0m  [1m[32mINSERT INTO "schema_migrations" (version) VALUES (20260228120000) /*application='MeetingRails'*/[0m
  [1m[35m (0.5ms)[0m  [1m[32mINSERT INTO "schema_migrations" (version) VALUES
(20260228082050),
(20260228082044),
(20260228082038),
(20260228082013),
(20260228081804),
(20260228081758),
(20260228081751); /*application='MeetingRails'*/[0m
  [1m[35m (3.9ms)[0m  [1m[35mCREATE TABLE "ar_internal_metadata" ("key" character varying NOT NULL PRIMARY KEY, "value" character varying, "created_at" timestamp(6) NOT NULL, "updated_at" timestamp(6) NOT NULL) /*application='MeetingRails'*/[0m
  [1m[36mActiveRecord::InternalMetadata Load (1.0ms)[0m  [1m[34mSELECT * FROM "ar_internal_metadata" WHERE "ar_internal_metadata"."key" = 'environment' ORDER BY "ar_internal_metadata"."key" ASC LIMIT 1 /*application='MeetingRails'*/[0m
  [1m[36mActiveRecord::InternalMetadata Create (1.0ms)[0m  [1m[32mINSERT INTO "ar_internal_metadata" ("key", "value", "created_at", "updated_at") VALUES ('environment', 'development', '2026-02-28 14:03:20.714731', '2026-02-28 14:03:20.714735') RETURNING "key" /*application='MeetingRails'*/[0m
  [1m[36mActiveRecord::InternalMetadata Load (0.3ms)[0m  [1m[34mSELECT * FROM "ar_internal_metadata" WHERE "ar_internal_metadata"."key" = 'environment' ORDER BY "ar_internal_metadata"."key" ASC LIMIT 1 /*application='MeetingRails'*/[0m
  [1m[36mActiveRecord::InternalMetadata Load (0.3ms)[0m  [1m[34mSELECT * FROM "ar_internal_metadata" WHERE "ar_internal_metadata"."key" = 'schema_sha1' ORDER BY "ar_internal_metadata"."key" ASC LIMIT 1 /*application='MeetingRails'*/[0m
  [1m[36mActiveRecord::InternalMetadata Create (0.5ms)[0m  [1m[32mINSERT INTO "ar_internal_metadata" ("key", "value", "created_at", "updated_at") VALUES ('schema_sha1', '4a547b972cb39d8090fe3c925cae13c651fd7287', '2026-02-28 14:03:20.731948', '2026-02-28 14:03:20.731951') RETURNING "key" /*application='MeetingRails'*/[0m
  [1m[35mSQL (120.8ms)[0m  [1m[35mCREATE EXTENSION IF NOT EXISTS "plpgsql" SCHEMA pg_catalog /*application='MeetingRails'*/[0m
  [1m[35m (0.2ms)[0m  [1m[35mDROP TABLE IF EXISTS "organizations" CASCADE /*application='MeetingRails'*/[0m
  [1m[35m (52.8ms)[0m  [1m[35mCREATE TABLE "organizations" ("id" bigserial primary key, "active" boolean DEFAULT TRUE NOT NULL, "created_at" timestamp(6) NOT NULL, "name" character varying NOT NULL, "plan_id" bigint, "stripe_customer_id" character varying, "subdomain" character varying NOT NULL, "updated_at" timestamp(6) NOT NULL) /*application='MeetingRails'*/[0m
  [1m[35m (1.9ms)[0m  [1m[35mCREATE INDEX "index_organizations_on_plan_id" ON "organizations" ("plan_id") /*application='MeetingRails'*/[0m
  [1m[35m (1.9ms)[0m  [1m[35mCREATE UNIQUE INDEX "index_organizations_on_subdomain" ON "organizations" ("subdomain") /*application='MeetingRails'*/[0m
  [1m[35m (0.3ms)[0m  [1m[35mDROP TABLE IF EXISTS "plans" CASCADE /*application='MeetingRails'*/[0m
  [1m[35m (4.8ms)[0m  [1m[35mCREATE TABLE "plans" ("id" bigserial primary key, "created_at" timestamp(6) NOT NULL, "name" character varying, "price_cents" integer, "room_limit" integer, "stripe_price_id" character varying, "updated_at" timestamp(6) NOT NULL) /*application='MeetingRails'*/[0m
  [1m[35m (0.4ms)[0m  [1m[35mDROP TABLE IF EXISTS "reservations" CASCADE /*application='MeetingRails'*/[0m
  [1m[35m (5.0ms)[0m  [1m[35mCREATE TABLE "reservations" ("id" bigserial primary key, "created_at" timestamp(6) NOT NULL, "date" date, "end_time" time, "organization_id" bigint NOT NULL, "organizer" character varying, "password_digest" character varying, "purpose" character varying, "room_id" bigint NOT NULL, "start_time" time, "updated_at" timestamp(6) NOT NULL) /*application='MeetingRails'*/[0m
  [1m[35m (1.8ms)[0m  [1m[35mCREATE INDEX "index_reservations_on_organization_id" ON "reservations" ("organization_id") /*application='MeetingRails'*/[0m
  [1m[35m (1.7ms)[0m  [1m[35mCREATE INDEX "index_reservations_on_room_id_and_date" ON "reservations" ("room_id", "date") /*application='MeetingRails'*/[0m
  [1m[35m (1.7ms)[0m  [1m[35mCREATE INDEX "index_reservations_on_room_id" ON "reservations" ("room_id") /*application='MeetingRails'*/[0m
  [1m[35m (0.3ms)[0m  [1m[35mDROP TABLE IF EXISTS "rooms" CASCADE /*application='MeetingRails'*/[0m
  [1m[35m (4.8ms)[0m  [1m[35mCREATE TABLE "rooms" ("id" bigserial primary key, "active" boolean DEFAULT TRUE NOT NULL, "capacity" integer, "created_at" timestamp(6) NOT NULL, "floor" character varying, "name" character varying, "organization_id" bigint NOT NULL, "updated_at" timestamp(6) NOT NULL) /*application='MeetingRails'*/[0m
  [1m[35m (1.7ms)[0m  [1m[35mCREATE INDEX "index_rooms_on_organization_id_and_floor" ON "rooms" ("organization_id", "floor") /*application='MeetingRails'*/[0m
  [1m[35m (1.5ms)[0m  [1m[35mCREATE INDEX "index_rooms_on_organization_id" ON "rooms" ("organization_id") /*application='MeetingRails'*/[0m
  [1m[35m (0.3ms)[0m  [1m[35mDROP TABLE IF EXISTS "subscriptions" CASCADE /*application='MeetingRails'*/[0m
  [1m[35m (5.0ms)[0m  [1m[35mCREATE TABLE "subscriptions" ("id" bigserial primary key, "created_at" timestamp(6) NOT NULL, "current_period_end" timestamp(6), "organization_id" bigint NOT NULL, "plan_id" bigint NOT NULL, "status" character varying, "stripe_subscription_id" character varying, "updated_at" timestamp(6) NOT NULL) /*application='MeetingRails'*/[0m
  [1m[35m (1.8ms)[0m  [1m[35mCREATE UNIQUE INDEX "index_subscriptions_on_organization_id" ON "subscriptions" ("organization_id") /*application='MeetingRails'*/[0m
  [1m[35m (2.6ms)[0m  [1m[35mCREATE INDEX "index_subscriptions_on_plan_id" ON "subscriptions" ("plan_id") /*application='MeetingRails'*/[0m
  [1m[35m (1.8ms)[0m  [1m[35mCREATE UNIQUE INDEX "index_subscriptions_on_stripe_subscription_id" ON "subscriptions" ("stripe_subscription_id") WHERE (stripe_subscription_id IS NOT NULL) /*application='MeetingRails'*/[0m
  [1m[35m (0.2ms)[0m  [1m[35mDROP TABLE IF EXISTS "users" CASCADE /*application='MeetingRails'*/[0m
  [1m[35m (5.1ms)[0m  [1m[35mCREATE TABLE "users" ("id" bigserial primary key, "created_at" timestamp(6) NOT NULL, "email" character varying DEFAULT '' NOT NULL, "encrypted_password" character varying DEFAULT '' NOT NULL, "organization_id" bigint NOT NULL, "remember_created_at" timestamp(6), "reset_password_sent_at" timestamp(6), "reset_password_token" character varying, "role" integer, "updated_at" timestamp(6) NOT NULL) /*application='MeetingRails'*/[0m
  [1m[35m (1.6ms)[0m  [1m[35mCREATE UNIQUE INDEX "index_users_on_email" ON "users" ("email") /*application='MeetingRails'*/[0m
  [1m[35m (1.7ms)[0m  [1m[35mCREATE INDEX "index_users_on_organization_id" ON "users" ("organization_id") /*application='MeetingRails'*/[0m
  [1m[35m (1.2ms)[0m  [1m[35mCREATE UNIQUE INDEX "index_users_on_reset_password_token" ON "users" ("reset_password_token") /*application='MeetingRails'*/[0m
  [1m[35m (4.9ms)[0m  [1m[35mALTER TABLE "reservations" ADD CONSTRAINT "fk_rails_bf8a5a02cd"
FOREIGN KEY ("organization_id")
  REFERENCES "organizations" ("id")
 /*application='MeetingRails'*/[0m
  [1m[35m (2.4ms)[0m  [1m[35mALTER TABLE "reservations" ADD CONSTRAINT "fk_rails_78d1025283"
FOREIGN KEY ("room_id")
  REFERENCES "rooms" ("id")
 /*application='MeetingRails'*/[0m
  [1m[35m (1.2ms)[0m  [1m[35mALTER TABLE "rooms" ADD CONSTRAINT "fk_rails_c2da7dc036"
FOREIGN KEY ("organization_id")
  REFERENCES "organizations" ("id")
 /*application='MeetingRails'*/[0m
  [1m[35m (2.4ms)[0m  [1m[35mALTER TABLE "subscriptions" ADD CONSTRAINT "fk_rails_364213cc3e"
FOREIGN KEY ("organization_id")
  REFERENCES "organizations" ("id")
 /*application='MeetingRails'*/[0m
  [1m[35m (1.3ms)[0m  [1m[35mALTER TABLE "subscriptions" ADD CONSTRAINT "fk_rails_63d3df128b"
FOREIGN KEY ("plan_id")
  REFERENCES "plans" ("id")
 /*application='MeetingRails'*/[0m
  [1m[35m (2.4ms)[0m  [1m[35mALTER TABLE "users" ADD CONSTRAINT "fk_rails_d7b9ff90af"
FOREIGN KEY ("organization_id")
  REFERENCES "organizations" ("id")
 /*application='MeetingRails'*/[0m
  [1m[35m (3.0ms)[0m  [1m[35mCREATE TABLE "schema_migrations" ("version" character varying NOT NULL PRIMARY KEY) /*application='MeetingRails'*/[0m
  [1m[36mActiveRecord::SchemaMigration Load (0.9ms)[0m  [1m[34mSELECT "schema_migrations"."version" FROM "schema_migrations" ORDER BY "schema_migrations"."version" ASC /*application='MeetingRails'*/[0m
  [1m[35m (0.7ms)[0m  [1m[32mINSERT INTO "schema_migrations" (version) VALUES (20260228120000) /*application='MeetingRails'*/[0m
  [1m[35m (0.4ms)[0m  [1m[32mINSERT INTO "schema_migrations" (version) VALUES
(20260228082050),
(20260228082044),
(20260228082038),
(20260228082013),
(20260228081804),
(20260228081758),
(20260228081751); /*application='MeetingRails'*/[0m
  [1m[35m (3.9ms)[0m  [1m[35mCREATE TABLE "ar_internal_metadata" ("key" character varying NOT NULL PRIMARY KEY, "value" character varying, "created_at" timestamp(6) NOT NULL, "updated_at" timestamp(6) NOT NULL) /*application='MeetingRails'*/[0m
  [1m[36mActiveRecord::InternalMetadata Load (1.0ms)[0m  [1m[34mSELECT * FROM "ar_internal_metadata" WHERE "ar_internal_metadata"."key" = 'environment' ORDER BY "ar_internal_metadata"."key" ASC LIMIT 1 /*application='MeetingRails'*/[0m
  [1m[36mActiveRecord::InternalMetadata Create (0.8ms)[0m  [1m[32mINSERT INTO "ar_internal_metadata" ("key", "value", "created_at", "updated_at") VALUES ('environment', 'development', '2026-02-28 14:03:21.097847', '2026-02-28 14:03:21.097850') RETURNING "key" /*application='MeetingRails'*/[0m
  [1m[36mActiveRecord::InternalMetadata Load (0.2ms)[0m  [1m[34mSELECT * FROM "ar_internal_metadata" WHERE "ar_internal_metadata"."key" = 'environment' ORDER BY "ar_internal_metadata"."key" ASC LIMIT 1 /*application='MeetingRails'*/[0m
  [1m[36mActiveRecord::InternalMetadata Update (0.5ms)[0m  [1m[33mUPDATE "ar_internal_metadata" SET "value" = 'test', "updated_at" = '2026-02-28 14:03:21.103069' WHERE "ar_internal_metadata"."key" = 'environment' /*application='MeetingRails'*/[0m
  [1m[36mActiveRecord::InternalMetadata Load (0.2ms)[0m  [1m[34mSELECT * FROM "ar_internal_metadata" WHERE "ar_internal_metadata"."key" = 'schema_sha1' ORDER BY "ar_internal_metadata"."key" ASC LIMIT 1 /*application='MeetingRails'*/[0m
  [1m[36mActiveRecord::InternalMetadata Create (0.3ms)[0m  [1m[32mINSERT INTO "ar_internal_metadata" ("key", "value", "created_at", "updated_at") VALUES ('schema_sha1', '4a547b972cb39d8090fe3c925cae13c651fd7287', '2026-02-28 14:03:21.106101', '2026-02-28 14:03:21.106103') RETURNING "key" /*application='MeetingRails'*/[0m
  [1m[36mActiveRecord::SchemaMigration Load (1.2ms)[0m  [1m[34mSELECT "schema_migrations"."version" FROM "schema_migrations" ORDER BY "schema_migrations"."version" ASC /*application='MeetingRails'*/[0m
  [1m[36mPlan Load (1.0ms)[0m  [1m[34mSELECT "plans".* FROM "plans" WHERE "plans"."name" = 'free' LIMIT 1 /*application='MeetingRails'*/[0m
  [1m[36mTRANSACTION (0.2ms)[0m  [1m[35mBEGIN /*application='MeetingRails'*/[0m
  [1m[36mPlan Exists? (0.3ms)[0m  [1m[34mSELECT 1 AS one FROM "plans" WHERE "plans"."name" = 'free' LIMIT 1 /*application='MeetingRails'*/[0m
  [1m[36mPlan Create (0.9ms)[0m  [1m[32mINSERT INTO "plans" ("created_at", "name", "price_cents", "room_limit", "stripe_price_id", "updated_at") VALUES ('2026-02-28 14:03:21.297175', 'free', 0, 2, NULL, '2026-02-28 14:03:21.297175') RETURNING "id" /*application='MeetingRails'*/[0m
  [1m[36mTRANSACTION (0.9ms)[0m  [1m[35mCOMMIT /*application='MeetingRails'*/[0m
  [1m[36mPlan Load (0.3ms)[0m  [1m[34mSELECT "plans".* FROM "plans" WHERE "plans"."name" = 'basic' LIMIT 1 /*application='MeetingRails'*/[0m
  [1m[36mTRANSACTION (0.1ms)[0m  [1m[35mBEGIN /*application='MeetingRails'*/[0m
  [1m[36mPlan Exists? (3.1ms)[0m  [1m[34mSELECT 1 AS one FROM "plans" WHERE "plans"."name" = 'basic' LIMIT 1 /*application='MeetingRails'*/[0m
  [1m[36mPlan Create (0.3ms)[0m  [1m[32mINSERT INTO "plans" ("created_at", "name", "price_cents", "room_limit", "stripe_price_id", "updated_at") VALUES ('2026-02-28 14:03:21.312834', 'basic', 29000, 10, 'price_1T5mZcRz6rKcQpf6LPZSBZ20', '2026-02-28 14:03:21.312834') RETURNING "id" /*application='MeetingRails'*/[0m
  [1m[36mTRANSACTION (0.3ms)[0m  [1m[35mCOMMIT /*application='MeetingRails'*/[0m
  [1m[36mPlan Load (0.2ms)[0m  [1m[34mSELECT "plans".* FROM "plans" WHERE "plans"."name" = 'pro' LIMIT 1 /*application='MeetingRails'*/[0m
  [1m[36mTRANSACTION (0.1ms)[0m  [1m[35mBEGIN /*application='MeetingRails'*/[0m
  [1m[36mPlan Exists? (2.1ms)[0m  [1m[34mSELECT 1 AS one FROM "plans" WHERE "plans"."name" = 'pro' LIMIT 1 /*application='MeetingRails'*/[0m
  [1m[36mPlan Create (0.2ms)[0m  [1m[32mINSERT INTO "plans" ("created_at", "name", "price_cents", "room_limit", "stripe_price_id", "updated_at") VALUES ('2026-02-28 14:03:21.322205', 'pro', 99000, NULL, 'price_1T5mZcRz6rKcQpf6DPYvg8BQ', '2026-02-28 14:03:21.322205') RETURNING "id" /*application='MeetingRails'*/[0m
  [1m[36mTRANSACTION (0.2ms)[0m  [1m[35mCOMMIT /*application='MeetingRails'*/[0m
  [1m[36mPlan Load (0.2ms)[0m  [1m[34mSELECT "plans".* FROM "plans" WHERE "plans"."name" = 'basic' LIMIT 1 /*application='MeetingRails'*/[0m
  [1m[36mTRANSACTION (0.1ms)[0m  [1m[35mBEGIN /*application='MeetingRails'*/[0m
  [1m[36mPlan Exists? (0.2ms)[0m  [1m[34mSELECT 1 AS one FROM "plans" WHERE "plans"."name" = 'basic' AND "plans"."id" != 2 LIMIT 1 /*application='MeetingRails'*/[0m
  [1m[36mTRANSACTION (0.1ms)[0m  [1m[35mCOMMIT /*application='MeetingRails'*/[0m
  [1m[36mPlan Load (0.2ms)[0m  [1m[34mSELECT "plans".* FROM "plans" WHERE "plans"."name" = 'pro' LIMIT 1 /*application='MeetingRails'*/[0m
  [1m[36mTRANSACTION (0.1ms)[0m  [1m[35mBEGIN /*application='MeetingRails'*/[0m
  [1m[36mPlan Exists? (2.0ms)[0m  [1m[34mSELECT 1 AS one FROM "plans" WHERE "plans"."name" = 'pro' AND "plans"."id" != 3 LIMIT 1 /*application='MeetingRails'*/[0m
  [1m[36mTRANSACTION (0.1ms)[0m  [1m[35mCOMMIT /*application='MeetingRails'*/[0m
  [1m[36mPlan Count (0.2ms)[0m  [1m[34mSELECT COUNT(*) FROM "plans" /*application='MeetingRails'*/[0m
  [1m[36mOrganization Load (1.4ms)[0m  [1m[34mSELECT "organizations".* FROM "organizations" WHERE "organizations"."subdomain" = 'demo' LIMIT 1 /*application='MeetingRails'*/[0m
  [1m[36mTRANSACTION (0.1ms)[0m  [1m[35mBEGIN /*application='MeetingRails'*/[0m
  [1m[36mOrganization Exists? (0.4ms)[0m  [1m[34mSELECT 1 AS one FROM "organizations" WHERE "organizations"."subdomain" = 'demo' LIMIT 1 /*application='MeetingRails'*/[0m
  [1m[36mOrganization Create (1.1ms)[0m  [1m[32mINSERT INTO "organizations" ("active", "created_at", "name", "plan_id", "stripe_customer_id", "subdomain", "updated_at") VALUES (TRUE, '2026-02-28 14:03:21.385638', '데모 병원', 1, NULL, 'demo', '2026-02-28 14:03:21.385638') RETURNING "id" /*application='MeetingRails'*/[0m
  [1m[36mTRANSACTION (0.3ms)[0m  [1m[35mCOMMIT /*application='MeetingRails'*/[0m
  [1m[36mUser Load (2.3ms)[0m  [1m[34mSELECT "users".* FROM "users" WHERE "users"."email" = 'admin@demo.com' LIMIT 1 /*application='MeetingRails'*/[0m
  [1m[36mTRANSACTION (0.2ms)[0m  [1m[35mBEGIN /*application='MeetingRails'*/[0m
  [1m[36mUser Exists? (0.4ms)[0m  [1m[34mSELECT 1 AS one FROM "users" WHERE "users"."email" = 'admin@demo.com' LIMIT 1 /*application='MeetingRails'*/[0m
  [1m[36mUser Create (1.8ms)[0m  [1m[32mINSERT INTO "users" ("created_at", "email", "encrypted_password", "organization_id", "remember_created_at", "reset_password_sent_at", "reset_password_token", "role", "updated_at") VALUES ('2026-02-28 14:03:21.609644', 'admin@demo.com', '$2a$12$FKygiAy3xO5hFAC72O0m0ucTAuEQXvuZXfjX1cX2odGDeJQ0DJA9a', 1, NULL, NULL, NULL, 1, '2026-02-28 14:03:21.609644') RETURNING "id" /*application='MeetingRails'*/[0m
  [1m[36mTRANSACTION (0.5ms)[0m  [1m[35mCOMMIT /*application='MeetingRails'*/[0m
  [1m[36mSubscription Load (2.1ms)[0m  [1m[34mSELECT "subscriptions".* FROM "subscriptions" WHERE "subscriptions"."organization_id" = 1 LIMIT 1 /*application='MeetingRails'*/[0m
  [1m[36mTRANSACTION (0.3ms)[0m  [1m[35mBEGIN /*application='MeetingRails'*/[0m
  [1m[36mSubscription Create (4.5ms)[0m  [1m[32mINSERT INTO "subscriptions" ("created_at", "current_period_end", "organization_id", "plan_id", "status", "stripe_subscription_id", "updated_at") VALUES ('2026-02-28 14:03:21.636573', '2126-02-28 14:03:21.632208', 1, 1, 'active', NULL, '2026-02-28 14:03:21.636573') RETURNING "id" /*application='MeetingRails'*/[0m
  [1m[36mTRANSACTION (0.5ms)[0m  [1m[35mCOMMIT /*application='MeetingRails'*/[0m
  [1m[36mRoom Load (1.9ms)[0m  [1m[34mSELECT "rooms".* FROM "rooms" WHERE "rooms"."organization_id" = 1 AND "rooms"."name" = '소회의실 A' LIMIT 1 /*application='MeetingRails'*/[0m
  [1m[36mTRANSACTION (0.1ms)[0m  [1m[35mBEGIN /*application='MeetingRails'*/[0m
  [1m[36mRoom Create (1.5ms)[0m  [1m[32mINSERT INTO "rooms" ("active", "capacity", "created_at", "floor", "name", "organization_id", "updated_at") VALUES (TRUE, 6, '2026-02-28 14:03:21.661593', '1층', '소회의실 A', 1, '2026-02-28 14:03:21.661593') RETURNING "id" /*application='MeetingRails'*/[0m
  [1m[36mTRANSACTION (0.4ms)[0m  [1m[35mCOMMIT /*application='MeetingRails'*/[0m
  [1m[36mRoom Load (0.3ms)[0m  [1m[34mSELECT "rooms".* FROM "rooms" WHERE "rooms"."organization_id" = 1 AND "rooms"."name" = '소회의실 B' LIMIT 1 /*application='MeetingRails'*/[0m
  [1m[36mTRANSACTION (0.1ms)[0m  [1m[35mBEGIN /*application='MeetingRails'*/[0m
  [1m[36mRoom Create (2.5ms)[0m  [1m[32mINSERT INTO "rooms" ("active", "capacity", "created_at", "floor", "name", "organization_id", "updated_at") VALUES (TRUE, 8, '2026-02-28 14:03:21.669479', '1층', '소회의실 B', 1, '2026-02-28 14:03:21.669479') RETURNING "id" /*application='MeetingRails'*/[0m
  [1m[36mTRANSACTION (0.4ms)[0m  [1m[35mCOMMIT /*application='MeetingRails'*/[0m
  [1m[36mRoom Count (0.4ms)[0m  [1m[34mSELECT COUNT(*) FROM "rooms" WHERE "rooms"."organization_id" = 1 /*application='MeetingRails'*/[0m
[dotenv] Set [36mDB_PASSWORD[0m, [36mDB_USERNAME[0m, [36mSTRIPE_PRICE_BASIC[0m, [36mSTRIPE_PRICE_PRO[0m, [36mSTRIPE_SECRET_KEY[0m, [36mSTRIPE_WEBHOOK_SECRET[0m, [36mSUPER_ADMIN_PASSWORD[0m
[dotenv] Loaded [33m.env[0m
Started GET "/sw.js" for 127.0.0.1 at 2026-02-28 23:03:48 +0900
  [1m[36mActiveRecord::SchemaMigration Load (1.6ms)[0m  [1m[34mSELECT "schema_migrations"."version" FROM "schema_migrations" ORDER BY "schema_migrations"."version" ASC /*application='MeetingRails'*/[0m
  
ActionController::RoutingError (No route matches [GET] "/sw.js"):
  
Started GET "/users/sign_in" for 127.0.0.1 at 2026-02-28 23:03:48 +0900
Processing by Devise::SessionsController#new as HTML
  [1m[36mUser Load (2.4ms)[0m  [1m[34mSELECT "users".* FROM "users" WHERE "users"."id" = 2 ORDER BY "users"."id" ASC LIMIT 1 /*action='new',application='MeetingRails',controller='sessions'*/[0m
  Rendering layout layouts/application.html.erb
  Rendering devise/sessions/new.html.erb within layouts/application
  Rendered devise/shared/_links.html.erb (Duration: 0.6ms | GC: 0.0ms)
  Rendered devise/sessions/new.html.erb within layouts/application (Duration: 8.7ms | GC: 0.0ms)
  Rendered layout layouts/application.html.erb (Duration: 33.0ms | GC: 0.0ms)
Completed 200 OK in 229ms (Views: 43.2ms | ActiveRecord: 132.1ms (1 query, 0 cached) | GC: 0.0ms)


Started GET "/.well-known/appspecific/com.chrome.devtools.json" for 127.0.0.1 at 2026-02-28 23:03:48 +0900
  
ActionController::RoutingError (No route matches [GET] "/.well-known/appspecific/com.chrome.devtools.json"):
  
Started GET "/sw.js" for 127.0.0.1 at 2026-02-28 23:03:50 +0900
  
ActionController::RoutingError (No route matches [GET] "/sw.js"):
  
Started POST "/users/sign_in" for 127.0.0.1 at 2026-02-28 23:04:04 +0900
Processing by Devise::SessionsController#create as TURBO_STREAM
  Parameters: {"authenticity_token" => "[FILTERED]", "user" => {"email" => "[FILTERED]", "password" => "[FILTERED]", "remember_me" => "0"}, "commit" => "로그인"}
  [1m[36mUser Load (0.7ms)[0m  [1m[34mSELECT "users".* FROM "users" WHERE "users"."email" = 'admin@demo.com' ORDER BY "users"."id" ASC LIMIT 1 /*action='create',application='MeetingRails',controller='sessions'*/[0m
Completed 401 Unauthorized in 207ms (ActiveRecord: 0.7ms (1 query, 0 cached) | GC: 0.0ms)


Processing by Devise::SessionsController#new as TURBO_STREAM
  Parameters: {"authenticity_token" => "[FILTERED]", "user" => {"email" => "[FILTERED]", "password" => "[FILTERED]", "remember_me" => "0"}, "commit" => "로그인"}
  Rendering layout layouts/application.html.erb
  Rendering devise/sessions/new.html.erb within layouts/application
  Rendered devise/shared/_links.html.erb (Duration: 0.1ms | GC: 0.0ms)
  Rendered devise/sessions/new.html.erb within layouts/application (Duration: 1.3ms | GC: 0.0ms)
  Rendered layout layouts/application.html.erb (Duration: 2.4ms | GC: 0.0ms)
Completed 200 OK in 194ms (Views: 3.2ms | ActiveRecord: 0.0ms (0 queries, 0 cached) | GC: 0.0ms)


Started POST "/users/sign_in" for 127.0.0.1 at 2026-02-28 23:04:14 +0900
Processing by Devise::SessionsController#create as TURBO_STREAM
  Parameters: {"authenticity_token" => "[FILTERED]", "user" => {"email" => "[FILTERED]", "password" => "[FILTERED]", "remember_me" => "0"}, "commit" => "로그인"}
  [1m[36mUser Load (0.4ms)[0m  [1m[34mSELECT "users".* FROM "users" WHERE "users"."email" = 'admin@demo.com' ORDER BY "users"."id" ASC LIMIT 1 /*action='create',application='MeetingRails',controller='sessions'*/[0m
Redirected to http://localhost:3000/
Completed 303 See Other in 205ms (ActiveRecord: 0.4ms (1 query, 0 cached) | GC: 0.0ms)


Started GET "/" for 127.0.0.1 at 2026-02-28 23:04:14 +0900
Processing by LandingController#index as TURBO_STREAM
  Rendering layout layouts/application.html.erb
  Rendering landing/index.html.erb within layouts/application
  Rendered landing/index.html.erb within layouts/application (Duration: 0.7ms | GC: 0.0ms)
  [1m[36mUser Load (0.4ms)[0m  [1m[34mSELECT "users".* FROM "users" WHERE "users"."id" = 1 ORDER BY "users"."id" ASC LIMIT 1 /*action='index',application='MeetingRails',controller='landing'*/[0m
  ↳ app/views/layouts/application.html.erb:40
  Rendered layout layouts/application.html.erb (Duration: 3.9ms | GC: 0.0ms)
Completed 200 OK in 17ms (Views: 7.1ms | ActiveRecord: 0.4ms (1 query, 0 cached) | GC: 0.0ms)


Started GET "/admin" for 127.0.0.1 at 2026-02-28 23:04:18 +0900
  
ActionController::RoutingError (No route matches [GET] "/admin"):
  
Started GET "/sw.js" for 127.0.0.1 at 2026-02-28 23:04:20 +0900
  
ActionController::RoutingError (No route matches [GET] "/sw.js"):
  
Started GET "/" for 127.0.0.1 at 2026-02-28 23:04:21 +0900
Processing by LandingController#index as HTML
  Rendering layout layouts/application.html.erb
  Rendering landing/index.html.erb within layouts/application
  Rendered landing/index.html.erb within layouts/application (Duration: 0.3ms | GC: 0.0ms)
  [1m[36mUser Load (0.5ms)[0m  [1m[34mSELECT "users".* FROM "users" WHERE "users"."id" = 1 ORDER BY "users"."id" ASC LIMIT 1 /*action='index',application='MeetingRails',controller='landing'*/[0m
  ↳ app/views/layouts/application.html.erb:40
  Rendered layout layouts/application.html.erb (Duration: 4.8ms | GC: 0.0ms)
Completed 200 OK in 16ms (Views: 5.1ms | ActiveRecord: 0.5ms (1 query, 0 cached) | GC: 0.0ms)


Started GET "/.well-known/appspecific/com.chrome.devtools.json" for 127.0.0.1 at 2026-02-28 23:04:21 +0900
  
ActionController::RoutingError (No route matches [GET] "/.well-known/appspecific/com.chrome.devtools.json"):
  
Started GET "/registrations/new" for 127.0.0.1 at 2026-02-28 23:04:21 +0900
Processing by RegistrationsController#new as HTML
  Rendering layout layouts/application.html.erb
  Rendering registrations/new.html.erb within layouts/application
  Rendered registrations/new.html.erb within layouts/application (Duration: 1.4ms | GC: 0.0ms)
  [1m[36mUser Load (0.4ms)[0m  [1m[34mSELECT "users".* FROM "users" WHERE "users"."id" = 1 ORDER BY "users"."id" ASC LIMIT 1 /*action='new',application='MeetingRails',controller='registrations'*/[0m
  ↳ app/views/layouts/application.html.erb:40
  Rendered layout layouts/application.html.erb (Duration: 4.8ms | GC: 0.0ms)
Completed 200 OK in 31ms (Views: 8.6ms | ActiveRecord: 1.7ms (1 query, 0 cached) | GC: 0.0ms)


Started GET "/users/sign_in" for 127.0.0.1 at 2026-02-28 23:04:22 +0900
Processing by Devise::SessionsController#new as HTML
  [1m[36mUser Load (0.5ms)[0m  [1m[34mSELECT "users".* FROM "users" WHERE "users"."id" = 1 ORDER BY "users"."id" ASC LIMIT 1 /*action='new',application='MeetingRails',controller='sessions'*/[0m
Redirected to http://localhost:3000/
Filter chain halted as :require_no_authentication rendered or redirected
Completed 302 Found in 6ms (ActiveRecord: 0.5ms (1 query, 0 cached) | GC: 0.0ms)


Started GET "/" for 127.0.0.1 at 2026-02-28 23:04:22 +0900
Processing by LandingController#index as HTML
  Rendering layout layouts/application.html.erb
  Rendering landing/index.html.erb within layouts/application
  Rendered landing/index.html.erb within layouts/application (Duration: 0.3ms | GC: 0.0ms)
  [1m[36mUser Load (0.6ms)[0m  [1m[34mSELECT "users".* FROM "users" WHERE "users"."id" = 1 ORDER BY "users"."id" ASC LIMIT 1 /*action='index',application='MeetingRails',controller='landing'*/[0m
  ↳ app/views/layouts/application.html.erb:40
  Rendered layout layouts/application.html.erb (Duration: 4.4ms | GC: 0.0ms)
Completed 200 OK in 11ms (Views: 4.6ms | ActiveRecord: 0.5ms (1 query, 0 cached) | GC: 0.0ms)


Started GET "/registrations/new" for 127.0.0.1 at 2026-02-28 23:04:22 +0900
Processing by RegistrationsController#new as HTML
  Rendering layout layouts/application.html.erb
  Rendering registrations/new.html.erb within layouts/application
  Rendered registrations/new.html.erb within layouts/application (Duration: 0.9ms | GC: 0.0ms)
  [1m[36mUser Load (0.5ms)[0m  [1m[34mSELECT "users".* FROM "users" WHERE "users"."id" = 1 ORDER BY "users"."id" ASC LIMIT 1 /*action='new',application='MeetingRails',controller='registrations'*/[0m
  ↳ app/views/layouts/application.html.erb:40
  Rendered layout layouts/application.html.erb (Duration: 4.7ms | GC: 0.0ms)
Completed 200 OK in 13ms (Views: 5.1ms | ActiveRecord: 0.5ms (1 query, 0 cached) | GC: 0.0ms)


Started GET "/sw.js" for 127.0.0.1 at 2026-02-28 23:04:23 +0900
  
ActionController::RoutingError (No route matches [GET] "/sw.js"):
  
Started GET "/users/sign_in" for 127.0.0.1 at 2026-02-28 23:04:30 +0900
Processing by Devise::SessionsController#new as HTML
  [1m[36mUser Load (0.4ms)[0m  [1m[34mSELECT "users".* FROM "users" WHERE "users"."id" = 1 ORDER BY "users"."id" ASC LIMIT 1 /*action='new',application='MeetingRails',controller='sessions'*/[0m
Redirected to http://localhost:3000/
Filter chain halted as :require_no_authentication rendered or redirected
Completed 302 Found in 6ms (ActiveRecord: 0.4ms (1 query, 0 cached) | GC: 0.0ms)


Started GET "/" for 127.0.0.1 at 2026-02-28 23:04:30 +0900
Processing by LandingController#index as HTML
  Rendering layout layouts/application.html.erb
  Rendering landing/index.html.erb within layouts/application
  Rendered landing/index.html.erb within layouts/application (Duration: 0.2ms | GC: 0.0ms)
  [1m[36mUser Load (0.4ms)[0m  [1m[34mSELECT "users".* FROM "users" WHERE "users"."id" = 1 ORDER BY "users"."id" ASC LIMIT 1 /*action='index',application='MeetingRails',controller='landing'*/[0m
  ↳ app/views/layouts/application.html.erb:40
  Rendered layout layouts/application.html.erb (Duration: 4.1ms | GC: 0.0ms)
Completed 200 OK in 11ms (Views: 4.4ms | ActiveRecord: 0.4ms (1 query, 0 cached) | GC: 0.0ms)


Started GET "/users/sign_in" for 127.0.0.1 at 2026-02-28 23:04:32 +0900
Processing by Devise::SessionsController#new as HTML
  [1m[36mUser Load (0.5ms)[0m  [1m[34mSELECT "users".* FROM "users" WHERE "users"."id" = 1 ORDER BY "users"."id" ASC LIMIT 1 /*action='new',application='MeetingRails',controller='sessions'*/[0m
Redirected to http://localhost:3000/
Filter chain halted as :require_no_authentication rendered or redirected
Completed 302 Found in 5ms (ActiveRecord: 0.5ms (1 query, 0 cached) | GC: 0.0ms)


Started GET "/" for 127.0.0.1 at 2026-02-28 23:04:32 +0900
Processing by LandingController#index as HTML
  Rendering layout layouts/application.html.erb
  Rendering landing/index.html.erb within layouts/application
  Rendered landing/index.html.erb within layouts/application (Duration: 0.2ms | GC: 0.0ms)
  [1m[36mUser Load (0.4ms)[0m  [1m[34mSELECT "users".* FROM "users" WHERE "users"."id" = 1 ORDER BY "users"."id" ASC LIMIT 1 /*action='index',application='MeetingRails',controller='landing'*/[0m
  ↳ app/views/layouts/application.html.erb:40
  Rendered layout layouts/application.html.erb (Duration: 3.5ms | GC: 0.0ms)
Completed 200 OK in 11ms (Views: 3.7ms | ActiveRecord: 0.4ms (1 query, 0 cached) | GC: 0.0ms)


Started GET "/admin" for 127.0.0.1 at 2026-02-28 23:04:38 +0900
  
ActionController::RoutingError (No route matches [GET] "/admin"):
  
Started GET "/admin" for ::1 at 2026-02-28 23:10:53 +0900
  
ActionController::RoutingError (No route matches [GET] "/admin"):
  
Started GET "/sw.js" for ::1 at 2026-02-28 23:10:56 +0900
  
ActionController::RoutingError (No route matches [GET] "/sw.js"):
  
Started GET "/" for ::1 at 2026-02-28 23:10:56 +0900
Processing by LandingController#index as HTML
  Rendering layout layouts/application.html.erb
  Rendering landing/index.html.erb within layouts/application
  Rendered landing/index.html.erb within layouts/application (Duration: 0.2ms | GC: 0.0ms)
  [1m[36mUser Load (134.4ms)[0m  [1m[34mSELECT "users".* FROM "users" WHERE "users"."id" = 1 ORDER BY "users"."id" ASC LIMIT 1 /*action='index',application='MeetingRails',controller='landing'*/[0m
  ↳ app/views/layouts/application.html.erb:40
  Rendered layout layouts/application.html.erb (Duration: 140.3ms | GC: 0.0ms)
Completed 200 OK in 148ms (Views: -1.2ms | ActiveRecord: 142.2ms (1 query, 0 cached) | GC: 0.0ms)


Started GET "/.well-known/appspecific/com.chrome.devtools.json" for ::1 at 2026-02-28 23:10:56 +0900
  
ActionController::RoutingError (No route matches [GET] "/.well-known/appspecific/com.chrome.devtools.json"):
  
Started GET "/admin" for ::1 at 2026-02-28 23:10:57 +0900
  
ActionController::RoutingError (No route matches [GET] "/admin"):
  
Started GET "/sw.js" for ::1 at 2026-02-28 23:10:58 +0900
  
ActionController::RoutingError (No route matches [GET] "/sw.js"):
  
Started GET "/admin" for ::1 at 2026-02-28 23:11:11 +0900
  
ActionController::RoutingError (No route matches [GET] "/admin"):
  
Started GET "/sw.js" for ::1 at 2026-02-28 23:11:19 +0900
  
ActionController::RoutingError (No route matches [GET] "/sw.js"):
  
Started GET "/admin" for ::1 at 2026-02-28 23:11:19 +0900
  
ActionController::RoutingError (No route matches [GET] "/admin"):
  
Started GET "/.well-known/appspecific/com.chrome.devtools.json" for ::1 at 2026-02-28 23:11:19 +0900
  
ActionController::RoutingError (No route matches [GET] "/.well-known/appspecific/com.chrome.devtools.json"):
  
Started GET "/sw.js" for ::1 at 2026-02-28 23:11:21 +0900
  
ActionController::RoutingError (No route matches [GET] "/sw.js"):
  
Started GET "/sw.js" for ::1 at 2026-02-28 23:11:26 +0900
  
ActionController::RoutingError (No route matches [GET] "/sw.js"):
  
Started GET "/" for ::1 at 2026-02-28 23:11:26 +0900
Processing by LandingController#index as HTML
  Rendering layout layouts/application.html.erb
  Rendering landing/index.html.erb within layouts/application
  Rendered landing/index.html.erb within layouts/application (Duration: 0.2ms | GC: 0.0ms)
  [1m[36mUser Load (0.4ms)[0m  [1m[34mSELECT "users".* FROM "users" WHERE "users"."id" = 1 ORDER BY "users"."id" ASC LIMIT 1 /*action='index',application='MeetingRails',controller='landing'*/[0m
  ↳ app/views/layouts/application.html.erb:40
  Rendered layout layouts/application.html.erb (Duration: 4.0ms | GC: 0.0ms)
Completed 200 OK in 14ms (Views: 4.4ms | ActiveRecord: 0.4ms (1 query, 0 cached) | GC: 0.0ms)


Started GET "/.well-known/appspecific/com.chrome.devtools.json" for ::1 at 2026-02-28 23:11:26 +0900
  
ActionController::RoutingError (No route matches [GET] "/.well-known/appspecific/com.chrome.devtools.json"):
  
Started GET "/registrations/new" for ::1 at 2026-02-28 23:11:27 +0900
Processing by RegistrationsController#new as HTML
  Rendering layout layouts/application.html.erb
  Rendering registrations/new.html.erb within layouts/application
  Rendered registrations/new.html.erb within layouts/application (Duration: 1.0ms | GC: 0.0ms)
  [1m[36mUser Load (0.5ms)[0m  [1m[34mSELECT "users".* FROM "users" WHERE "users"."id" = 1 ORDER BY "users"."id" ASC LIMIT 1 /*action='new',application='MeetingRails',controller='registrations'*/[0m
  ↳ app/views/layouts/application.html.erb:40
  Rendered layout layouts/application.html.erb (Duration: 5.1ms | GC: 0.0ms)
Completed 200 OK in 14ms (Views: 5.3ms | ActiveRecord: 0.5ms (1 query, 0 cached) | GC: 0.0ms)


Started GET "/sw.js" for ::1 at 2026-02-28 23:11:28 +0900
Started GET "/admin" for ::1 at 2026-02-28 23:11:28 +0900
  
ActionController::RoutingError (No route matches [GET] "/sw.js"):
  
  
ActionController::RoutingError (No route matches [GET] "/admin"):
  
[dotenv] Set [36mDB_PASSWORD[0m, [36mDB_USERNAME[0m, [36mSTRIPE_PRICE_BASIC[0m, [36mSTRIPE_PRICE_PRO[0m, [36mSTRIPE_SECRET_KEY[0m, [36mSTRIPE_WEBHOOK_SECRET[0m, [36mSUPER_ADMIN_PASSWORD[0m
[dotenv] Loaded [33m.env[0m
Started GET "/admin" for ::1 at 2026-02-28 23:14:13 +0900
  [1m[36mActiveRecord::SchemaMigration Load (1.7ms)[0m  [1m[34mSELECT "schema_migrations"."version" FROM "schema_migrations" ORDER BY "schema_migrations"."version" ASC /*application='MeetingRails'*/[0m
Processing by Admin::DashboardController#index as HTML
  [1m[36mOrganization Load (2.1ms)[0m  [1m[34mSELECT "organizations".* FROM "organizations" WHERE "organizations"."subdomain" = 'abc-h' AND "organizations"."active" = TRUE LIMIT 1 /*action='index',application='MeetingRails',controller='dashboard'*/[0m
  ↳ app/controllers/application_controller.rb:20:in 'ApplicationController#set_current_tenant'
Redirected to 
↳ app/controllers/application_controller.rb:22:in 'ApplicationController#set_current_tenant'
Completed 500 Internal Server Error in 221ms (ActiveRecord: 31.4ms (1 query, 0 cached) | GC: 0.0ms)


  
ActionController::Redirecting::OpenRedirectError (Unsafe redirect to "http://localhost:3000/", pass allow_other_host: true to redirect anyway.)
Caused by: ActiveRecord::RecordNotFound (Couldn't find Organization with [WHERE "organizations"."subdomain" = $1 AND "organizations"."active" = $2])

Information for: ActionController::Redirecting::OpenRedirectError (Unsafe redirect to "http://localhost:3000/", pass allow_other_host: true to redirect anyway.):
  
app/controllers/application_controller.rb:22:in 'ApplicationController#set_current_tenant'

Information for cause: ActiveRecord::RecordNotFound (Couldn't find Organization with [WHERE "organizations"."subdomain" = $1 AND "organizations"."active" = $2]):
  
app/controllers/application_controller.rb:20:in 'ApplicationController#set_current_tenant'
Started GET "/favicon.ico" for ::1 at 2026-02-28 23:14:14 +0900
  
ActionController::RoutingError (No route matches [GET] "/favicon.ico"):
  
Started GET "/admin" for ::1 at 2026-02-28 23:14:23 +0900
  
ActionController::RoutingError (No route matches [GET] "/admin"):
  
Started GET "/sw.js" for ::1 at 2026-02-28 23:14:25 +0900
  
ActionController::RoutingError (No route matches [GET] "/sw.js"):
  
Started GET "/" for ::1 at 2026-02-28 23:14:30 +0900
Processing by LandingController#index as HTML
  Rendering layout layouts/application.html.erb
  Rendering landing/index.html.erb within layouts/application
  Rendered landing/index.html.erb within layouts/application (Duration: 0.7ms | GC: 0.0ms)
  [1m[36mUser Load (2.6ms)[0m  [1m[34mSELECT "users".* FROM "users" WHERE "users"."id" = 1 ORDER BY "users"."id" ASC LIMIT 1 /*action='index',application='MeetingRails',controller='landing'*/[0m
  ↳ app/views/layouts/application.html.erb:40
  [1m[36mOrganization Load (0.6ms)[0m  [1m[34mSELECT "organizations".* FROM "organizations" WHERE "organizations"."id" = 1 LIMIT 1 /*action='index',application='MeetingRails',controller='landing'*/[0m
  ↳ app/views/layouts/application.html.erb:43
  Rendered layout layouts/application.html.erb (Duration: 55.4ms | GC: 0.0ms)
Completed 200 OK in 72ms (Views: 56.2ms | ActiveRecord: 4.8ms (2 queries, 0 cached) | GC: 0.0ms)


Started GET "/sw.js" for ::1 at 2026-02-28 23:14:32 +0900
  
ActionController::RoutingError (No route matches [GET] "/sw.js"):
  
Started GET "/registrations/new" for ::1 at 2026-02-28 23:14:33 +0900
Processing by RegistrationsController#new as HTML
  Rendering layout layouts/application.html.erb
  Rendering registrations/new.html.erb within layouts/application
  Rendered registrations/new.html.erb within layouts/application (Duration: 1.7ms | GC: 0.0ms)
  [1m[36mUser Load (0.4ms)[0m  [1m[34mSELECT "users".* FROM "users" WHERE "users"."id" = 1 ORDER BY "users"."id" ASC LIMIT 1 /*action='new',application='MeetingRails',controller='registrations'*/[0m
  ↳ app/views/layouts/application.html.erb:40
  [1m[36mOrganization Load (0.3ms)[0m  [1m[34mSELECT "organizations".* FROM "organizations" WHERE "organizations"."id" = 1 LIMIT 1 /*action='new',application='MeetingRails',controller='registrations'*/[0m
  ↳ app/views/layouts/application.html.erb:43
  Rendered layout layouts/application.html.erb (Duration: 7.7ms | GC: 0.0ms)
Completed 200 OK in 22ms (Views: 12.2ms | ActiveRecord: 0.7ms (2 queries, 0 cached) | GC: 0.0ms)


Started DELETE "/users/sign_out?_method=delete" for ::1 at 2026-02-28 23:14:36 +0900
Processing by Devise::SessionsController#destroy as TURBO_STREAM
  [1m[36mUser Load (0.5ms)[0m  [1m[34mSELECT "users".* FROM "users" WHERE "users"."id" = 1 ORDER BY "users"."id" ASC LIMIT 1 /*action='destroy',application='MeetingRails',controller='sessions'*/[0m
Redirected to http://localhost:3000/
Completed 303 See Other in 19ms (ActiveRecord: 0.5ms (1 query, 0 cached) | GC: 0.0ms)


Started GET "/" for ::1 at 2026-02-28 23:14:36 +0900
Processing by LandingController#index as TURBO_STREAM
  Rendering layout layouts/application.html.erb
  Rendering landing/index.html.erb within layouts/application
  Rendered landing/index.html.erb within layouts/application (Duration: 0.2ms | GC: 0.0ms)
  Rendered layout layouts/application.html.erb (Duration: 2.5ms | GC: 0.0ms)
Completed 200 OK in 10ms (Views: 3.3ms | ActiveRecord: 0.0ms (0 queries, 0 cached) | GC: 0.0ms)


Started GET "/users/sign_in" for ::1 at 2026-02-28 23:14:36 +0900
Processing by Devise::SessionsController#new as HTML
  Rendering layout layouts/application.html.erb
  Rendering devise/sessions/new.html.erb within layouts/application
  Rendered devise/shared/_links.html.erb (Duration: 0.7ms | GC: 0.0ms)
  Rendered devise/sessions/new.html.erb within layouts/application (Duration: 10.0ms | GC: 0.0ms)
  Rendered layout layouts/application.html.erb (Duration: 11.3ms | GC: 0.0ms)
Completed 200 OK in 28ms (Views: 20.2ms | ActiveRecord: 0.0ms (0 queries, 0 cached) | GC: 0.0ms)


Started GET "/registrations/new" for ::1 at 2026-02-28 23:14:37 +0900
Processing by RegistrationsController#new as HTML
  Rendering layout layouts/application.html.erb
  Rendering registrations/new.html.erb within layouts/application
  Rendered registrations/new.html.erb within layouts/application (Duration: 1.0ms | GC: 0.0ms)
  Rendered layout layouts/application.html.erb (Duration: 2.3ms | GC: 0.0ms)
Completed 200 OK in 12ms (Views: 3.2ms | ActiveRecord: 0.0ms (0 queries, 0 cached) | GC: 0.0ms)


Started GET "/registrations/new" for ::1 at 2026-02-28 23:14:38 +0900
Processing by RegistrationsController#new as HTML
  Rendering layout layouts/application.html.erb
  Rendering registrations/new.html.erb within layouts/application
  Rendered registrations/new.html.erb within layouts/application (Duration: 0.6ms | GC: 0.0ms)
  Rendered layout layouts/application.html.erb (Duration: 2.1ms | GC: 0.0ms)
Completed 200 OK in 10ms (Views: 2.9ms | ActiveRecord: 0.0ms (0 queries, 0 cached) | GC: 0.0ms)


Started GET "/registrations/subdomain_availability?subdomain=abc-h" for ::1 at 2026-02-28 23:14:42 +0900
Processing by RegistrationsController#subdomain_availability as JSON
  Parameters: {"subdomain" => "abc-h"}
  [1m[36mOrganization Exists? (0.4ms)[0m  [1m[34mSELECT 1 AS one FROM "organizations" WHERE "organizations"."subdomain" = 'abc-h' LIMIT 1 /*action='subdomain_availability',application='MeetingRails',controller='registrations'*/[0m
  ↳ app/models/organization.rb:28:in 'Organization.subdomain_available?'
Completed 200 OK in 8ms (Views: 0.1ms | ActiveRecord: 0.4ms (1 query, 0 cached) | GC: 0.0ms)


Started GET "/registrations/subdomain_availability?subdomain=abc-h" for ::1 at 2026-02-28 23:14:43 +0900
Processing by RegistrationsController#subdomain_availability as JSON
  Parameters: {"subdomain" => "abc-h"}
  [1m[36mOrganization Exists? (0.5ms)[0m  [1m[34mSELECT 1 AS one FROM "organizations" WHERE "organizations"."subdomain" = 'abc-h' LIMIT 1 /*action='subdomain_availability',application='MeetingRails',controller='registrations'*/[0m
  ↳ app/models/organization.rb:28:in 'Organization.subdomain_available?'
Completed 200 OK in 9ms (Views: 0.1ms | ActiveRecord: 0.5ms (1 query, 0 cached) | GC: 0.0ms)


Started POST "/registrations" for ::1 at 2026-02-28 23:14:50 +0900
Processing by RegistrationsController#create as TURBO_STREAM
  Parameters: {"authenticity_token" => "[FILTERED]", "organization" => {"name" => "부산대병원", "subdomain" => "abc-h"}, "user" => {"email" => "[FILTERED]", "password" => "[FILTERED]", "password_confirmation" => "[FILTERED]"}}
  [1m[36mTRANSACTION (0.3ms)[0m  [1m[35mBEGIN /*action='create',application='MeetingRails',controller='registrations'*/[0m
  ↳ app/controllers/registrations_controller.rb:13:in 'block in RegistrationsController#create'
  [1m[36mPlan Load (1.6ms)[0m  [1m[34mSELECT "plans".* FROM "plans" WHERE "plans"."name" = 'free' LIMIT 1 /*action='create',application='MeetingRails',controller='registrations'*/[0m
  ↳ app/controllers/registrations_controller.rb:13:in 'block in RegistrationsController#create'
  [1m[36mOrganization Exists? (0.5ms)[0m  [1m[34mSELECT 1 AS one FROM "organizations" WHERE "organizations"."subdomain" = 'abc-h' LIMIT 1 /*action='create',application='MeetingRails',controller='registrations'*/[0m
  ↳ app/controllers/registrations_controller.rb:15:in 'block in RegistrationsController#create'
  [1m[36mOrganization Create (0.9ms)[0m  [1m[32mINSERT INTO "organizations" ("active", "created_at", "name", "plan_id", "stripe_customer_id", "subdomain", "updated_at") VALUES (TRUE, '2026-02-28 14:14:50.800592', '부산대병원', 1, NULL, 'abc-h', '2026-02-28 14:14:50.800592') RETURNING "id" /*action='create',application='MeetingRails',controller='registrations'*/[0m
  ↳ app/controllers/registrations_controller.rb:15:in 'block in RegistrationsController#create'
  [1m[36mUser Exists? (0.5ms)[0m  [1m[34mSELECT 1 AS one FROM "users" WHERE "users"."email" = 'dovi0628@gmail.com' LIMIT 1 /*action='create',application='MeetingRails',controller='registrations'*/[0m
  ↳ app/controllers/registrations_controller.rb:16:in 'block in RegistrationsController#create'
  [1m[36mUser Create (1.0ms)[0m  [1m[32mINSERT INTO "users" ("created_at", "email", "encrypted_password", "organization_id", "remember_created_at", "reset_password_sent_at", "reset_password_token", "role", "updated_at") VALUES ('2026-02-28 14:14:50.807931', 'dovi0628@gmail.com', '$2a$12$guYIN5umBTubXuMsXxfjx.2Qmei49jhBlJsgZ7O/wIXAmpsHWpkq.', 2, NULL, NULL, NULL, 1, '2026-02-28 14:14:50.807931') RETURNING "id" /*action='create',application='MeetingRails',controller='registrations'*/[0m
  ↳ app/controllers/registrations_controller.rb:16:in 'block in RegistrationsController#create'
  [1m[36mSubscription Create (1.3ms)[0m  [1m[32mINSERT INTO "subscriptions" ("created_at", "current_period_end", "organization_id", "plan_id", "status", "stripe_subscription_id", "updated_at") VALUES ('2026-02-28 14:14:50.822755', '2126-02-28 14:14:50.811166', 2, 1, 'active', NULL, '2026-02-28 14:14:50.822755') RETURNING "id" /*action='create',application='MeetingRails',controller='registrations'*/[0m
  ↳ app/controllers/registrations_controller.rb:17:in 'block in RegistrationsController#create'
  [1m[36mSubscription Load (2.2ms)[0m  [1m[34mSELECT "subscriptions".* FROM "subscriptions" WHERE "subscriptions"."organization_id" = 2 LIMIT 1 /*action='create',application='MeetingRails',controller='registrations'*/[0m
  ↳ app/controllers/registrations_controller.rb:17:in 'block in RegistrationsController#create'
  [1m[36mTRANSACTION (1.0ms)[0m  [1m[35mCOMMIT /*action='create',application='MeetingRails',controller='registrations'*/[0m
  ↳ app/controllers/registrations_controller.rb:12:in 'RegistrationsController#create'
Redirected to http://abc-h.localhost:3000/admin
↳ app/controllers/registrations_controller.rb:25:in 'RegistrationsController#create'
Completed 302 Found in 243ms (ActiveRecord: 14.3ms (7 queries, 0 cached) | GC: 0.0ms)


Started OPTIONS "/admin" for ::1 at 2026-02-28 23:14:50 +0900
  
ActionController::RoutingError (No route matches [OPTIONS] "/admin"):
  
Started POST "/registrations" for ::1 at 2026-02-28 23:14:56 +0900
Processing by RegistrationsController#create as TURBO_STREAM
  Parameters: {"authenticity_token" => "[FILTERED]", "organization" => {"name" => "부산대병원", "subdomain" => "abc-h"}, "user" => {"email" => "[FILTERED]", "password" => "[FILTERED]", "password_confirmation" => "[FILTERED]"}}
  [1m[36mTRANSACTION (0.2ms)[0m  [1m[35mBEGIN /*action='create',application='MeetingRails',controller='registrations'*/[0m
  ↳ app/controllers/registrations_controller.rb:13:in 'block in RegistrationsController#create'
  [1m[36mPlan Load (2.2ms)[0m  [1m[34mSELECT "plans".* FROM "plans" WHERE "plans"."name" = 'free' LIMIT 1 /*action='create',application='MeetingRails',controller='registrations'*/[0m
  ↳ app/controllers/registrations_controller.rb:13:in 'block in RegistrationsController#create'
  [1m[36mOrganization Exists? (0.4ms)[0m  [1m[34mSELECT 1 AS one FROM "organizations" WHERE "organizations"."subdomain" = 'abc-h' LIMIT 1 /*action='create',application='MeetingRails',controller='registrations'*/[0m
  ↳ app/controllers/registrations_controller.rb:15:in 'block in RegistrationsController#create'
  [1m[36mTRANSACTION (0.3ms)[0m  [1m[31mROLLBACK /*action='create',application='MeetingRails',controller='registrations'*/[0m
  ↳ app/controllers/registrations_controller.rb:12:in 'RegistrationsController#create'
  Rendering layout layouts/application.html.erb
  Rendering registrations/new.html.erb within layouts/application
  Rendered registrations/new.html.erb within layouts/application (Duration: 0.5ms | GC: 0.0ms)
  [1m[36mUser Load (0.5ms)[0m  [1m[34mSELECT "users".* FROM "users" WHERE "users"."id" = 2 ORDER BY "users"."id" ASC LIMIT 1 /*action='create',application='MeetingRails',controller='registrations'*/[0m
  ↳ app/views/layouts/application.html.erb:40
  [1m[36mOrganization Load (0.5ms)[0m  [1m[34mSELECT "organizations".* FROM "organizations" WHERE "organizations"."id" = 2 LIMIT 1 /*action='create',application='MeetingRails',controller='registrations'*/[0m
  ↳ app/views/layouts/application.html.erb:43
  Rendered layout layouts/application.html.erb (Duration: 7.4ms | GC: 0.0ms)
Completed 422 Unprocessable Content in 212ms (Views: 7.2ms | ActiveRecord: 4.1ms (4 queries, 0 cached) | GC: 0.0ms)


Started GET "/registrations/subdomain_availability?subdomain=abc-h" for ::1 at 2026-02-28 23:14:56 +0900
Processing by RegistrationsController#subdomain_availability as JSON
  Parameters: {"subdomain" => "abc-h"}
  [1m[36mOrganization Exists? (0.5ms)[0m  [1m[34mSELECT 1 AS one FROM "organizations" WHERE "organizations"."subdomain" = 'abc-h' LIMIT 1 /*action='subdomain_availability',application='MeetingRails',controller='registrations'*/[0m
  ↳ app/models/organization.rb:28:in 'Organization.subdomain_available?'
Completed 200 OK in 11ms (Views: 0.1ms | ActiveRecord: 0.5ms (1 query, 0 cached) | GC: 0.0ms)


Started GET "/" for ::1 at 2026-02-28 23:14:59 +0900
Processing by LandingController#index as HTML
  Rendering layout layouts/application.html.erb
  Rendering landing/index.html.erb within layouts/application
  Rendered landing/index.html.erb within layouts/application (Duration: 0.2ms | GC: 0.0ms)
  [1m[36mUser Load (0.5ms)[0m  [1m[34mSELECT "users".* FROM "users" WHERE "users"."id" = 2 ORDER BY "users"."id" ASC LIMIT 1 /*action='index',application='MeetingRails',controller='landing'*/[0m
  ↳ app/views/layouts/application.html.erb:40
  [1m[36mOrganization Load (0.4ms)[0m  [1m[34mSELECT "organizations".* FROM "organizations" WHERE "organizations"."id" = 2 LIMIT 1 /*action='index',application='MeetingRails',controller='landing'*/[0m
  ↳ app/views/layouts/application.html.erb:43
  Rendered layout layouts/application.html.erb (Duration: 7.0ms | GC: 0.0ms)
Completed 200 OK in 15ms (Views: 6.9ms | ActiveRecord: 0.9ms (2 queries, 0 cached) | GC: 0.0ms)


Started GET "/" for ::1 at 2026-02-28 23:15:01 +0900
Processing by LandingController#index as HTML
  Rendering layout layouts/application.html.erb
  Rendering landing/index.html.erb within layouts/application
  Rendered landing/index.html.erb within layouts/application (Duration: 0.2ms | GC: 0.0ms)
  [1m[36mUser Load (0.5ms)[0m  [1m[34mSELECT "users".* FROM "users" WHERE "users"."id" = 2 ORDER BY "users"."id" ASC LIMIT 1 /*action='index',application='MeetingRails',controller='landing'*/[0m
  ↳ app/views/layouts/application.html.erb:40
  [1m[36mOrganization Load (0.4ms)[0m  [1m[34mSELECT "organizations".* FROM "organizations" WHERE "organizations"."id" = 2 LIMIT 1 /*action='index',application='MeetingRails',controller='landing'*/[0m
  ↳ app/views/layouts/application.html.erb:43
  Rendered layout layouts/application.html.erb (Duration: 12.4ms | GC: 0.0ms)
Completed 200 OK in 23ms (Views: 13.0ms | ActiveRecord: 0.9ms (2 queries, 0 cached) | GC: 0.0ms)


Started GET "/users/sign_in" for ::1 at 2026-02-28 23:15:01 +0900
Processing by Devise::SessionsController#new as HTML
  [1m[36mUser Load (0.5ms)[0m  [1m[34mSELECT "users".* FROM "users" WHERE "users"."id" = 2 ORDER BY "users"."id" ASC LIMIT 1 /*action='new',application='MeetingRails',controller='sessions'*/[0m
Redirected to http://localhost:3000/
Filter chain halted as :require_no_authentication rendered or redirected
Completed 302 Found in 7ms (ActiveRecord: 0.5ms (1 query, 0 cached) | GC: 0.0ms)


Started GET "/" for ::1 at 2026-02-28 23:15:02 +0900
Processing by LandingController#index as HTML
  Rendering layout layouts/application.html.erb
  Rendering landing/index.html.erb within layouts/application
  Rendered landing/index.html.erb within layouts/application (Duration: 0.3ms | GC: 0.0ms)
  [1m[36mUser Load (0.4ms)[0m  [1m[34mSELECT "users".* FROM "users" WHERE "users"."id" = 2 ORDER BY "users"."id" ASC LIMIT 1 /*action='index',application='MeetingRails',controller='landing'*/[0m
  ↳ app/views/layouts/application.html.erb:40
  [1m[36mOrganization Load (0.4ms)[0m  [1m[34mSELECT "organizations".* FROM "organizations" WHERE "organizations"."id" = 2 LIMIT 1 /*action='index',application='MeetingRails',controller='landing'*/[0m
  ↳ app/views/layouts/application.html.erb:43
  Rendered layout layouts/application.html.erb (Duration: 6.7ms | GC: 0.0ms)
Completed 200 OK in 14ms (Views: 6.7ms | ActiveRecord: 0.8ms (2 queries, 0 cached) | GC: 0.0ms)


Started GET "/admin" for ::1 at 2026-02-28 23:15:02 +0900
Processing by Admin::DashboardController#index as HTML
  [1m[36mOrganization Load (0.6ms)[0m  [1m[34mSELECT "organizations".* FROM "organizations" WHERE "organizations"."subdomain" = 'abc-h' AND "organizations"."active" = TRUE LIMIT 1 /*action='index',application='MeetingRails',controller='dashboard'*/[0m
  ↳ app/controllers/application_controller.rb:20:in 'ApplicationController#set_current_tenant'
Completed 401 Unauthorized in 8ms (ActiveRecord: 0.6ms (1 query, 0 cached) | GC: 0.0ms)


Started GET "/users/sign_in" for ::1 at 2026-02-28 23:15:02 +0900
Processing by Devise::SessionsController#new as HTML
  Rendering layout layouts/application.html.erb
  Rendering devise/sessions/new.html.erb within layouts/application
  Rendered devise/shared/_links.html.erb (Duration: 0.1ms | GC: 0.0ms)
  Rendered devise/sessions/new.html.erb within layouts/application (Duration: 1.2ms | GC: 0.0ms)
  Rendered layout layouts/application.html.erb (Duration: 2.3ms | GC: 0.0ms)
Completed 200 OK in 15ms (Views: 3.2ms | ActiveRecord: 0.0ms (0 queries, 0 cached) | GC: 0.0ms)


Started POST "/users/sign_in" for ::1 at 2026-02-28 23:15:10 +0900
Processing by Devise::SessionsController#create as TURBO_STREAM
  Parameters: {"authenticity_token" => "[FILTERED]", "user" => {"email" => "[FILTERED]", "password" => "[FILTERED]", "remember_me" => "0"}, "commit" => "로그인"}
  [1m[36mUser Load (0.5ms)[0m  [1m[34mSELECT "users".* FROM "users" WHERE "users"."email" = 'dovi0628@gmail.com' ORDER BY "users"."id" ASC LIMIT 1 /*action='create',application='MeetingRails',controller='sessions'*/[0m
Redirected to http://abc-h.localhost:3000/admin
Completed 303 See Other in 292ms (ActiveRecord: 0.4ms (1 query, 0 cached) | GC: 0.0ms)


Started GET "/admin" for ::1 at 2026-02-28 23:15:11 +0900
Processing by Admin::DashboardController#index as TURBO_STREAM
  [1m[36mOrganization Load (0.5ms)[0m  [1m[34mSELECT "organizations".* FROM "organizations" WHERE "organizations"."subdomain" = 'abc-h' AND "organizations"."active" = TRUE LIMIT 1 /*action='index',application='MeetingRails',controller='dashboard'*/[0m
  ↳ app/controllers/application_controller.rb:20:in 'ApplicationController#set_current_tenant'
  [1m[36mUser Load (0.4ms)[0m  [1m[34mSELECT "users".* FROM "users" WHERE "users"."id" = 2 ORDER BY "users"."id" ASC LIMIT 1 /*action='index',application='MeetingRails',controller='dashboard'*/[0m
  [1m[36mRoom Count (2.0ms)[0m  [1m[34mSELECT COUNT(*) FROM "rooms" WHERE "rooms"."organization_id" = 2 AND "rooms"."active" = TRUE /*action='index',application='MeetingRails',controller='dashboard'*/[0m
  ↳ app/controllers/admin/dashboard_controller.rb:3:in 'Admin::DashboardController#index'
  [1m[36mReservation Count (2.3ms)[0m  [1m[34mSELECT COUNT(*) FROM "reservations" INNER JOIN "rooms" ON "reservations"."room_id" = "rooms"."id" WHERE "rooms"."organization_id" = 2 AND "reservations"."date" = '2026-02-28' /*action='index',application='MeetingRails',controller='dashboard'*/[0m
  ↳ app/controllers/admin/dashboard_controller.rb:4:in 'Admin::DashboardController#index'
  [1m[36mReservation Count (0.5ms)[0m  [1m[34mSELECT COUNT(*) FROM "reservations" INNER JOIN "rooms" ON "reservations"."room_id" = "rooms"."id" WHERE "rooms"."organization_id" = 2 AND "reservations"."date" BETWEEN '2026-02-01' AND '2026-02-28' /*action='index',application='MeetingRails',controller='dashboard'*/[0m
  ↳ app/controllers/admin/dashboard_controller.rb:7:in 'Admin::DashboardController#index'
  Rendering layout layouts/admin.html.erb
  Rendering admin/dashboard/index.html.erb within layouts/admin
  [1m[36mReservation Exists? (0.4ms)[0m  [1m[34mSELECT 1 AS one FROM "reservations" INNER JOIN "rooms" ON "reservations"."room_id" = "rooms"."id" WHERE "rooms"."organization_id" = 2 LIMIT 1 /*action='index',application='MeetingRails',controller='dashboard'*/[0m
  ↳ app/views/admin/dashboard/index.html.erb:21
  Rendered admin/dashboard/index.html.erb within layouts/admin (Duration: 2.3ms | GC: 0.0ms)
  Rendered layout layouts/admin.html.erb (Duration: 4.3ms | GC: 0.0ms)
Completed 200 OK in 88ms (Views: 5.4ms | ActiveRecord: 8.8ms (6 queries, 0 cached) | GC: 0.0ms)


Started GET "/admin" for ::1 at 2026-02-28 23:15:18 +0900
Processing by Admin::DashboardController#index as HTML
  [1m[36mOrganization Load (0.4ms)[0m  [1m[34mSELECT "organizations".* FROM "organizations" WHERE "organizations"."subdomain" = 'abc-h' AND "organizations"."active" = TRUE LIMIT 1 /*action='index',application='MeetingRails',controller='dashboard'*/[0m
  ↳ app/controllers/application_controller.rb:20:in 'ApplicationController#set_current_tenant'
  [1m[36mUser Load (0.4ms)[0m  [1m[34mSELECT "users".* FROM "users" WHERE "users"."id" = 2 ORDER BY "users"."id" ASC LIMIT 1 /*action='index',application='MeetingRails',controller='dashboard'*/[0m
  [1m[36mRoom Count (0.5ms)[0m  [1m[34mSELECT COUNT(*) FROM "rooms" WHERE "rooms"."organization_id" = 2 AND "rooms"."active" = TRUE /*action='index',application='MeetingRails',controller='dashboard'*/[0m
  ↳ app/controllers/admin/dashboard_controller.rb:3:in 'Admin::DashboardController#index'
  [1m[36mReservation Count (0.4ms)[0m  [1m[34mSELECT COUNT(*) FROM "reservations" INNER JOIN "rooms" ON "reservations"."room_id" = "rooms"."id" WHERE "rooms"."organization_id" = 2 AND "reservations"."date" = '2026-02-28' /*action='index',application='MeetingRails',controller='dashboard'*/[0m
  ↳ app/controllers/admin/dashboard_controller.rb:4:in 'Admin::DashboardController#index'
  [1m[36mReservation Count (0.5ms)[0m  [1m[34mSELECT COUNT(*) FROM "reservations" INNER JOIN "rooms" ON "reservations"."room_id" = "rooms"."id" WHERE "rooms"."organization_id" = 2 AND "reservations"."date" BETWEEN '2026-02-01' AND '2026-02-28' /*action='index',application='MeetingRails',controller='dashboard'*/[0m
  ↳ app/controllers/admin/dashboard_controller.rb:7:in 'Admin::DashboardController#index'
  Rendering layout layouts/admin.html.erb
  Rendering admin/dashboard/index.html.erb within layouts/admin
  [1m[36mReservation Exists? (0.4ms)[0m  [1m[34mSELECT 1 AS one FROM "reservations" INNER JOIN "rooms" ON "reservations"."room_id" = "rooms"."id" WHERE "rooms"."organization_id" = 2 LIMIT 1 /*action='index',application='MeetingRails',controller='dashboard'*/[0m
  ↳ app/views/admin/dashboard/index.html.erb:21
  Rendered admin/dashboard/index.html.erb within layouts/admin (Duration: 1.8ms | GC: 0.0ms)
  Rendered layout layouts/admin.html.erb (Duration: 2.9ms | GC: 0.0ms)
Completed 200 OK in 24ms (Views: 3.1ms | ActiveRecord: 2.5ms (6 queries, 0 cached) | GC: 0.0ms)


Started GET "/admin/rooms" for ::1 at 2026-02-28 23:15:18 +0900
Processing by Admin::RoomsController#index as HTML
  [1m[36mOrganization Load (0.5ms)[0m  [1m[34mSELECT "organizations".* FROM "organizations" WHERE "organizations"."subdomain" = 'abc-h' AND "organizations"."active" = TRUE LIMIT 1 /*action='index',application='MeetingRails',controller='rooms'*/[0m
  ↳ app/controllers/application_controller.rb:20:in 'ApplicationController#set_current_tenant'
  [1m[36mUser Load (0.6ms)[0m  [1m[34mSELECT "users".* FROM "users" WHERE "users"."id" = 2 ORDER BY "users"."id" ASC LIMIT 1 /*action='index',application='MeetingRails',controller='rooms'*/[0m
  Rendering layout layouts/admin.html.erb
  Rendering admin/rooms/index.html.erb within layouts/admin
  [1m[36mRoom Load (0.5ms)[0m  [1m[34mSELECT "rooms".* FROM "rooms" WHERE "rooms"."organization_id" = 2 ORDER BY "rooms"."floor" ASC, "rooms"."name" ASC /*action='index',application='MeetingRails',controller='rooms'*/[0m
  ↳ app/views/admin/rooms/index.html.erb:20
  Rendered admin/rooms/index.html.erb within layouts/admin (Duration: 2.7ms | GC: 0.0ms)
  Rendered layout layouts/admin.html.erb (Duration: 3.9ms | GC: 0.0ms)
Completed 200 OK in 22ms (Views: 4.2ms | ActiveRecord: 1.5ms (3 queries, 0 cached) | GC: 0.0ms)


Started GET "/admin/rooms/new" for ::1 at 2026-02-28 23:15:20 +0900
Processing by Admin::RoomsController#new as HTML
  [1m[36mOrganization Load (0.4ms)[0m  [1m[34mSELECT "organizations".* FROM "organizations" WHERE "organizations"."subdomain" = 'abc-h' AND "organizations"."active" = TRUE LIMIT 1 /*action='new',application='MeetingRails',controller='rooms'*/[0m
  ↳ app/controllers/application_controller.rb:20:in 'ApplicationController#set_current_tenant'
  [1m[36mUser Load (0.4ms)[0m  [1m[34mSELECT "users".* FROM "users" WHERE "users"."id" = 2 ORDER BY "users"."id" ASC LIMIT 1 /*action='new',application='MeetingRails',controller='rooms'*/[0m
  Rendering layout layouts/admin.html.erb
  Rendering admin/rooms/new.html.erb within layouts/admin
  Rendered admin/rooms/_form.html.erb (Duration: 12.6ms | GC: 0.0ms)
  Rendered admin/rooms/new.html.erb within layouts/admin (Duration: 15.4ms | GC: 0.0ms)
  Rendered layout layouts/admin.html.erb (Duration: 17.7ms | GC: 0.0ms)
Completed 200 OK in 40ms (Views: 18.4ms | ActiveRecord: 0.8ms (2 queries, 0 cached) | GC: 0.0ms)


Started POST "/admin/rooms" for ::1 at 2026-02-28 23:15:30 +0900
Processing by Admin::RoomsController#create as TURBO_STREAM
  Parameters: {"authenticity_token" => "[FILTERED]", "room" => {"floor" => "9층", "name" => "회의실", "capacity" => "10", "active" => "1"}, "commit" => "추가하기"}
  [1m[36mOrganization Load (0.4ms)[0m  [1m[34mSELECT "organizations".* FROM "organizations" WHERE "organizations"."subdomain" = 'abc-h' AND "organizations"."active" = TRUE LIMIT 1 /*action='create',application='MeetingRails',controller='rooms'*/[0m
  ↳ app/controllers/application_controller.rb:20:in 'ApplicationController#set_current_tenant'
  [1m[36mUser Load (0.5ms)[0m  [1m[34mSELECT "users".* FROM "users" WHERE "users"."id" = 2 ORDER BY "users"."id" ASC LIMIT 1 /*action='create',application='MeetingRails',controller='rooms'*/[0m
  [1m[36mPlan Load (0.4ms)[0m  [1m[34mSELECT "plans".* FROM "plans" WHERE "plans"."id" = 1 LIMIT 1 /*action='create',application='MeetingRails',controller='rooms'*/[0m
  ↳ app/controllers/admin/rooms_controller.rb:49:in 'Admin::RoomsController#check_room_limit'
  [1m[36mRoom Count (0.3ms)[0m  [1m[34mSELECT COUNT(*) FROM "rooms" WHERE "rooms"."organization_id" = 2 AND "rooms"."active" = TRUE /*action='create',application='MeetingRails',controller='rooms'*/[0m
  ↳ app/controllers/admin/rooms_controller.rb:52:in 'Admin::RoomsController#check_room_limit'
  [1m[36mTRANSACTION (0.1ms)[0m  [1m[35mBEGIN /*action='create',application='MeetingRails',controller='rooms'*/[0m
  ↳ app/controllers/admin/rooms_controller.rb:15:in 'Admin::RoomsController#create'
  [1m[36mRoom Create (2.9ms)[0m  [1m[32mINSERT INTO "rooms" ("active", "capacity", "created_at", "floor", "name", "organization_id", "updated_at") VALUES (TRUE, 10, '2026-02-28 14:15:30.981356', '9층', '회의실', 2, '2026-02-28 14:15:30.981356') RETURNING "id" /*action='create',application='MeetingRails',controller='rooms'*/[0m
  ↳ app/controllers/admin/rooms_controller.rb:15:in 'Admin::RoomsController#create'
  [1m[36mTRANSACTION (0.3ms)[0m  [1m[35mCOMMIT /*action='create',application='MeetingRails',controller='rooms'*/[0m
  ↳ app/controllers/admin/rooms_controller.rb:15:in 'Admin::RoomsController#create'
Redirected to http://abc-h.localhost:3000/admin/rooms
↳ app/controllers/admin/rooms_controller.rb:16:in 'Admin::RoomsController#create'
Completed 302 Found in 39ms (ActiveRecord: 5.0ms (5 queries, 0 cached) | GC: 0.0ms)


Started GET "/admin/rooms" for ::1 at 2026-02-28 23:15:31 +0900
Processing by Admin::RoomsController#index as TURBO_STREAM
  [1m[36mOrganization Load (0.3ms)[0m  [1m[34mSELECT "organizations".* FROM "organizations" WHERE "organizations"."subdomain" = 'abc-h' AND "organizations"."active" = TRUE LIMIT 1 /*action='index',application='MeetingRails',controller='rooms'*/[0m
  ↳ app/controllers/application_controller.rb:20:in 'ApplicationController#set_current_tenant'
  [1m[36mUser Load (0.3ms)[0m  [1m[34mSELECT "users".* FROM "users" WHERE "users"."id" = 2 ORDER BY "users"."id" ASC LIMIT 1 /*action='index',application='MeetingRails',controller='rooms'*/[0m
  Rendering layout layouts/admin.html.erb
  Rendering admin/rooms/index.html.erb within layouts/admin
  [1m[36mRoom Load (0.4ms)[0m  [1m[34mSELECT "rooms".* FROM "rooms" WHERE "rooms"."organization_id" = 2 ORDER BY "rooms"."floor" ASC, "rooms"."name" ASC /*action='index',application='MeetingRails',controller='rooms'*/[0m
  ↳ app/views/admin/rooms/index.html.erb:20
  Rendered admin/rooms/index.html.erb within layouts/admin (Duration: 4.2ms | GC: 0.0ms)
  Rendered layout layouts/admin.html.erb (Duration: 6.9ms | GC: 0.0ms)
Completed 200 OK in 28ms (Views: 7.3ms | ActiveRecord: 1.0ms (3 queries, 0 cached) | GC: 0.0ms)


Started GET "/admin/rooms/3/edit" for ::1 at 2026-02-28 23:15:32 +0900
Processing by Admin::RoomsController#edit as HTML
  Parameters: {"id" => "3"}
  [1m[36mOrganization Load (0.4ms)[0m  [1m[34mSELECT "organizations".* FROM "organizations" WHERE "organizations"."subdomain" = 'abc-h' AND "organizations"."active" = TRUE LIMIT 1 /*action='edit',application='MeetingRails',controller='rooms'*/[0m
  ↳ app/controllers/application_controller.rb:20:in 'ApplicationController#set_current_tenant'
  [1m[36mUser Load (0.6ms)[0m  [1m[34mSELECT "users".* FROM "users" WHERE "users"."id" = 2 ORDER BY "users"."id" ASC LIMIT 1 /*action='edit',application='MeetingRails',controller='rooms'*/[0m
  [1m[36mRoom Load (0.5ms)[0m  [1m[34mSELECT "rooms".* FROM "rooms" WHERE "rooms"."organization_id" = 2 AND "rooms"."id" = 3 LIMIT 1 /*action='edit',application='MeetingRails',controller='rooms'*/[0m
  ↳ app/controllers/admin/rooms_controller.rb:41:in 'Admin::RoomsController#set_room'
  Rendering layout layouts/admin.html.erb
  Rendering admin/rooms/edit.html.erb within layouts/admin
  Rendered admin/rooms/_form.html.erb (Duration: 1.0ms | GC: 0.0ms)
  Rendered admin/rooms/edit.html.erb within layouts/admin (Duration: 2.0ms | GC: 0.0ms)
  Rendered layout layouts/admin.html.erb (Duration: 3.1ms | GC: 0.0ms)
Completed 200 OK in 53ms (Views: 3.9ms | ActiveRecord: 1.5ms (3 queries, 0 cached) | GC: 0.2ms)


Started GET "/admin/reservations" for ::1 at 2026-02-28 23:15:33 +0900
Processing by Admin::ReservationsController#index as HTML
  [1m[36mOrganization Load (0.4ms)[0m  [1m[34mSELECT "organizations".* FROM "organizations" WHERE "organizations"."subdomain" = 'abc-h' AND "organizations"."active" = TRUE LIMIT 1 /*action='index',application='MeetingRails',controller='reservations'*/[0m
  ↳ app/controllers/application_controller.rb:20:in 'ApplicationController#set_current_tenant'
  [1m[36mUser Load (0.4ms)[0m  [1m[34mSELECT "users".* FROM "users" WHERE "users"."id" = 2 ORDER BY "users"."id" ASC LIMIT 1 /*action='index',application='MeetingRails',controller='reservations'*/[0m
  Rendering layout layouts/admin.html.erb
  Rendering admin/reservations/index.html.erb within layouts/admin
  [1m[36mReservation Load (0.9ms)[0m  [1m[34mSELECT "reservations".* FROM "reservations" INNER JOIN "rooms" ON "reservations"."room_id" = "rooms"."id" WHERE "rooms"."organization_id" = 2 AND "reservations"."date" = '2026-02-28' ORDER BY "reservations"."start_time" ASC /*action='index',application='MeetingRails',controller='reservations'*/[0m
  ↳ app/views/admin/reservations/index.html.erb:22
  Rendered admin/reservations/index.html.erb within layouts/admin (Duration: 25.3ms | GC: 0.0ms)
  Rendered layout layouts/admin.html.erb (Duration: 26.6ms | GC: 0.0ms)
Completed 200 OK in 46ms (Views: 26.6ms | ActiveRecord: 1.7ms (3 queries, 0 cached) | GC: 0.0ms)


Started GET "/admin/reservations" for ::1 at 2026-02-28 23:15:33 +0900
Processing by Admin::ReservationsController#index as HTML
  [1m[36mOrganization Load (0.4ms)[0m  [1m[34mSELECT "organizations".* FROM "organizations" WHERE "organizations"."subdomain" = 'abc-h' AND "organizations"."active" = TRUE LIMIT 1 /*action='index',application='MeetingRails',controller='reservations'*/[0m
  ↳ app/controllers/application_controller.rb:20:in 'ApplicationController#set_current_tenant'
  [1m[36mUser Load (0.4ms)[0m  [1m[34mSELECT "users".* FROM "users" WHERE "users"."id" = 2 ORDER BY "users"."id" ASC LIMIT 1 /*action='index',application='MeetingRails',controller='reservations'*/[0m
  Rendering layout layouts/admin.html.erb
  Rendering admin/reservations/index.html.erb within layouts/admin
  [1m[36mReservation Load (0.6ms)[0m  [1m[34mSELECT "reservations".* FROM "reservations" INNER JOIN "rooms" ON "reservations"."room_id" = "rooms"."id" WHERE "rooms"."organization_id" = 2 AND "reservations"."date" = '2026-02-28' ORDER BY "reservations"."start_time" ASC /*action='index',application='MeetingRails',controller='reservations'*/[0m
  ↳ app/views/admin/reservations/index.html.erb:22
  Rendered admin/reservations/index.html.erb within layouts/admin (Duration: 2.8ms | GC: 0.0ms)
  Rendered layout layouts/admin.html.erb (Duration: 4.0ms | GC: 0.0ms)
Completed 200 OK in 19ms (Views: 4.1ms | ActiveRecord: 1.4ms (3 queries, 0 cached) | GC: 0.0ms)


Started GET "/admin/subscription" for ::1 at 2026-02-28 23:15:34 +0900
Processing by Admin::SubscriptionsController#show as HTML
  [1m[36mOrganization Load (0.5ms)[0m  [1m[34mSELECT "organizations".* FROM "organizations" WHERE "organizations"."subdomain" = 'abc-h' AND "organizations"."active" = TRUE LIMIT 1 /*action='show',application='MeetingRails',controller='subscriptions'*/[0m
  ↳ app/controllers/application_controller.rb:20:in 'ApplicationController#set_current_tenant'
  [1m[36mUser Load (0.4ms)[0m  [1m[34mSELECT "users".* FROM "users" WHERE "users"."id" = 2 ORDER BY "users"."id" ASC LIMIT 1 /*action='show',application='MeetingRails',controller='subscriptions'*/[0m
  [1m[36mSubscription Load (0.3ms)[0m  [1m[34mSELECT "subscriptions".* FROM "subscriptions" WHERE "subscriptions"."organization_id" = 2 LIMIT 1 /*action='show',application='MeetingRails',controller='subscriptions'*/[0m
  ↳ app/controllers/admin/subscriptions_controller.rb:5:in 'Admin::SubscriptionsController#show'
  [1m[36mPlan Load (0.4ms)[0m  [1m[34mSELECT "plans".* FROM "plans" WHERE "plans"."id" = 1 LIMIT 1 /*action='show',application='MeetingRails',controller='subscriptions'*/[0m
  ↳ app/controllers/admin/subscriptions_controller.rb:6:in 'Admin::SubscriptionsController#show'
  Rendering layout layouts/admin.html.erb
  Rendering admin/subscriptions/show.html.erb within layouts/admin
  [1m[36mPlan Load (0.5ms)[0m  [1m[34mSELECT "plans".* FROM "plans" ORDER BY "plans"."price_cents" ASC /*action='show',application='MeetingRails',controller='subscriptions'*/[0m
  ↳ app/views/admin/subscriptions/show.html.erb:35
  Rendered admin/subscriptions/show.html.erb within layouts/admin (Duration: 6.7ms | GC: 0.0ms)
  Rendered layout layouts/admin.html.erb (Duration: 8.0ms | GC: 0.0ms)
Completed 200 OK in 26ms (Views: 8.3ms | ActiveRecord: 2.0ms (5 queries, 0 cached) | GC: 0.0ms)


Started GET "/admin/subscription" for ::1 at 2026-02-28 23:16:55 +0900
Processing by Admin::SubscriptionsController#show as HTML
  [1m[36mOrganization Load (0.6ms)[0m  [1m[34mSELECT "organizations".* FROM "organizations" WHERE "organizations"."subdomain" = 'abc-h' AND "organizations"."active" = TRUE LIMIT 1 /*action='show',application='MeetingRails',controller='subscriptions'*/[0m
  ↳ app/controllers/application_controller.rb:20:in 'ApplicationController#set_current_tenant'
  [1m[36mUser Load (0.4ms)[0m  [1m[34mSELECT "users".* FROM "users" WHERE "users"."id" = 2 ORDER BY "users"."id" ASC LIMIT 1 /*action='show',application='MeetingRails',controller='subscriptions'*/[0m
  [1m[36mSubscription Load (0.4ms)[0m  [1m[34mSELECT "subscriptions".* FROM "subscriptions" WHERE "subscriptions"."organization_id" = 2 LIMIT 1 /*action='show',application='MeetingRails',controller='subscriptions'*/[0m
  ↳ app/controllers/admin/subscriptions_controller.rb:5:in 'Admin::SubscriptionsController#show'
  [1m[36mPlan Load (0.3ms)[0m  [1m[34mSELECT "plans".* FROM "plans" WHERE "plans"."id" = 1 LIMIT 1 /*action='show',application='MeetingRails',controller='subscriptions'*/[0m
  ↳ app/controllers/admin/subscriptions_controller.rb:6:in 'Admin::SubscriptionsController#show'
  Rendering layout layouts/admin.html.erb
  Rendering admin/subscriptions/show.html.erb within layouts/admin
  [1m[36mPlan Load (0.3ms)[0m  [1m[34mSELECT "plans".* FROM "plans" ORDER BY "plans"."price_cents" ASC /*action='show',application='MeetingRails',controller='subscriptions'*/[0m
  ↳ app/views/admin/subscriptions/show.html.erb:35
  Rendered admin/subscriptions/show.html.erb within layouts/admin (Duration: 2.7ms | GC: 0.0ms)
  Rendered layout layouts/admin.html.erb (Duration: 3.8ms | GC: 0.0ms)
Completed 200 OK in 26ms (Views: 4.7ms | ActiveRecord: 2.0ms (5 queries, 0 cached) | GC: 0.0ms)


Started GET "/" for ::1 at 2026-02-28 23:16:55 +0900
Processing by LandingController#index as HTML
  Rendering layout layouts/application.html.erb
  Rendering landing/index.html.erb within layouts/application
  Rendered landing/index.html.erb within layouts/application (Duration: 0.2ms | GC: 0.0ms)
  [1m[36mUser Load (0.5ms)[0m  [1m[34mSELECT "users".* FROM "users" WHERE "users"."id" = 2 ORDER BY "users"."id" ASC LIMIT 1 /*action='index',application='MeetingRails',controller='landing'*/[0m
  ↳ app/views/layouts/application.html.erb:40
  [1m[36mOrganization Load (0.5ms)[0m  [1m[34mSELECT "organizations".* FROM "organizations" WHERE "organizations"."id" = 2 LIMIT 1 /*action='index',application='MeetingRails',controller='landing'*/[0m
  ↳ app/views/layouts/application.html.erb:43
  Rendered layout layouts/application.html.erb (Duration: 8.3ms | GC: 0.0ms)
Completed 200 OK in 15ms (Views: 8.0ms | ActiveRecord: 1.0ms (2 queries, 0 cached) | GC: 0.0ms)


Started GET "/users/sign_in" for ::1 at 2026-02-28 23:16:57 +0900
Processing by Devise::SessionsController#new as HTML
  [1m[36mUser Load (0.5ms)[0m  [1m[34mSELECT "users".* FROM "users" WHERE "users"."id" = 2 ORDER BY "users"."id" ASC LIMIT 1 /*action='new',application='MeetingRails',controller='sessions'*/[0m
Redirected to http://abc-h.localhost:3000/
Filter chain halted as :require_no_authentication rendered or redirected
Completed 302 Found in 7ms (ActiveRecord: 0.5ms (1 query, 0 cached) | GC: 0.0ms)


Started GET "/" for ::1 at 2026-02-28 23:16:57 +0900
Processing by LandingController#index as HTML
  Rendering layout layouts/application.html.erb
  Rendering landing/index.html.erb within layouts/application
  Rendered landing/index.html.erb within layouts/application (Duration: 0.2ms | GC: 0.0ms)
  [1m[36mUser Load (0.4ms)[0m  [1m[34mSELECT "users".* FROM "users" WHERE "users"."id" = 2 ORDER BY "users"."id" ASC LIMIT 1 /*action='index',application='MeetingRails',controller='landing'*/[0m
  ↳ app/views/layouts/application.html.erb:40
  [1m[36mOrganization Load (0.4ms)[0m  [1m[34mSELECT "organizations".* FROM "organizations" WHERE "organizations"."id" = 2 LIMIT 1 /*action='index',application='MeetingRails',controller='landing'*/[0m
  ↳ app/views/layouts/application.html.erb:43
  Rendered layout layouts/application.html.erb (Duration: 6.3ms | GC: 0.0ms)
Completed 200 OK in 13ms (Views: 6.2ms | ActiveRecord: 0.8ms (2 queries, 0 cached) | GC: 0.0ms)


Started GET "/admin" for ::1 at 2026-02-28 23:16:58 +0900
Processing by Admin::DashboardController#index as HTML
  [1m[36mOrganization Load (0.5ms)[0m  [1m[34mSELECT "organizations".* FROM "organizations" WHERE "organizations"."subdomain" = 'abc-h' AND "organizations"."active" = TRUE LIMIT 1 /*action='index',application='MeetingRails',controller='dashboard'*/[0m
  ↳ app/controllers/application_controller.rb:20:in 'ApplicationController#set_current_tenant'
  [1m[36mUser Load (0.3ms)[0m  [1m[34mSELECT "users".* FROM "users" WHERE "users"."id" = 2 ORDER BY "users"."id" ASC LIMIT 1 /*action='index',application='MeetingRails',controller='dashboard'*/[0m
  [1m[36mRoom Count (0.5ms)[0m  [1m[34mSELECT COUNT(*) FROM "rooms" WHERE "rooms"."organization_id" = 2 AND "rooms"."active" = TRUE /*action='index',application='MeetingRails',controller='dashboard'*/[0m
  ↳ app/controllers/admin/dashboard_controller.rb:3:in 'Admin::DashboardController#index'
  [1m[36mReservation Count (0.7ms)[0m  [1m[34mSELECT COUNT(*) FROM "reservations" INNER JOIN "rooms" ON "reservations"."room_id" = "rooms"."id" WHERE "rooms"."organization_id" = 2 AND "reservations"."date" = '2026-02-28' /*action='index',application='MeetingRails',controller='dashboard'*/[0m
  ↳ app/controllers/admin/dashboard_controller.rb:4:in 'Admin::DashboardController#index'
  [1m[36mReservation Count (0.8ms)[0m  [1m[34mSELECT COUNT(*) FROM "reservations" INNER JOIN "rooms" ON "reservations"."room_id" = "rooms"."id" WHERE "rooms"."organization_id" = 2 AND "reservations"."date" BETWEEN '2026-02-01' AND '2026-02-28' /*action='index',application='MeetingRails',controller='dashboard'*/[0m
  ↳ app/controllers/admin/dashboard_controller.rb:7:in 'Admin::DashboardController#index'
  Rendering layout layouts/admin.html.erb
  Rendering admin/dashboard/index.html.erb within layouts/admin
  [1m[36mReservation Exists? (0.4ms)[0m  [1m[34mSELECT 1 AS one FROM "reservations" INNER JOIN "rooms" ON "reservations"."room_id" = "rooms"."id" WHERE "rooms"."organization_id" = 2 LIMIT 1 /*action='index',application='MeetingRails',controller='dashboard'*/[0m
  ↳ app/views/admin/dashboard/index.html.erb:21
  Rendered admin/dashboard/index.html.erb within layouts/admin (Duration: 1.9ms | GC: 0.0ms)
  Rendered layout layouts/admin.html.erb (Duration: 3.1ms | GC: 0.0ms)
Completed 200 OK in 27ms (Views: 3.3ms | ActiveRecord: 3.1ms (6 queries, 0 cached) | GC: 0.0ms)


Started GET "/" for ::1 at 2026-02-28 23:17:00 +0900
Processing by LandingController#index as HTML
  Rendering layout layouts/application.html.erb
  Rendering landing/index.html.erb within layouts/application
  Rendered landing/index.html.erb within layouts/application (Duration: 0.2ms | GC: 0.0ms)
  [1m[36mUser Load (0.4ms)[0m  [1m[34mSELECT "users".* FROM "users" WHERE "users"."id" = 2 ORDER BY "users"."id" ASC LIMIT 1 /*action='index',application='MeetingRails',controller='landing'*/[0m
  ↳ app/views/layouts/application.html.erb:40
  [1m[36mOrganization Load (0.4ms)[0m  [1m[34mSELECT "organizations".* FROM "organizations" WHERE "organizations"."id" = 2 LIMIT 1 /*action='index',application='MeetingRails',controller='landing'*/[0m
  ↳ app/views/layouts/application.html.erb:43
  Rendered layout layouts/application.html.erb (Duration: 7.2ms | GC: 0.0ms)
Completed 200 OK in 16ms (Views: 7.1ms | ActiveRecord: 0.9ms (2 queries, 0 cached) | GC: 0.0ms)


Started GET "/admin/subscription" for ::1 at 2026-02-28 23:17:01 +0900
Processing by Admin::SubscriptionsController#show as HTML
  [1m[36mOrganization Load (0.5ms)[0m  [1m[34mSELECT "organizations".* FROM "organizations" WHERE "organizations"."subdomain" = 'abc-h' AND "organizations"."active" = TRUE LIMIT 1 /*action='show',application='MeetingRails',controller='subscriptions'*/[0m
  ↳ app/controllers/application_controller.rb:20:in 'ApplicationController#set_current_tenant'
  [1m[36mUser Load (0.5ms)[0m  [1m[34mSELECT "users".* FROM "users" WHERE "users"."id" = 2 ORDER BY "users"."id" ASC LIMIT 1 /*action='show',application='MeetingRails',controller='subscriptions'*/[0m
  [1m[36mSubscription Load (0.5ms)[0m  [1m[34mSELECT "subscriptions".* FROM "subscriptions" WHERE "subscriptions"."organization_id" = 2 LIMIT 1 /*action='show',application='MeetingRails',controller='subscriptions'*/[0m
  ↳ app/controllers/admin/subscriptions_controller.rb:5:in 'Admin::SubscriptionsController#show'
  [1m[36mPlan Load (0.3ms)[0m  [1m[34mSELECT "plans".* FROM "plans" WHERE "plans"."id" = 1 LIMIT 1 /*action='show',application='MeetingRails',controller='subscriptions'*/[0m
  ↳ app/controllers/admin/subscriptions_controller.rb:6:in 'Admin::SubscriptionsController#show'
  Rendering layout layouts/admin.html.erb
  Rendering admin/subscriptions/show.html.erb within layouts/admin
  [1m[36mPlan Load (0.3ms)[0m  [1m[34mSELECT "plans".* FROM "plans" ORDER BY "plans"."price_cents" ASC /*action='show',application='MeetingRails',controller='subscriptions'*/[0m
  ↳ app/views/admin/subscriptions/show.html.erb:35
  Rendered admin/subscriptions/show.html.erb within layouts/admin (Duration: 2.8ms | GC: 0.0ms)
  Rendered layout layouts/admin.html.erb (Duration: 3.9ms | GC: 0.0ms)
Completed 200 OK in 25ms (Views: 4.2ms | ActiveRecord: 2.0ms (5 queries, 0 cached) | GC: 0.0ms)


Started GET "/admin/rooms" for ::1 at 2026-02-28 23:17:10 +0900
Processing by Admin::RoomsController#index as HTML
  [1m[36mOrganization Load (0.4ms)[0m  [1m[34mSELECT "organizations".* FROM "organizations" WHERE "organizations"."subdomain" = 'abc-h' AND "organizations"."active" = TRUE LIMIT 1 /*action='index',application='MeetingRails',controller='rooms'*/[0m
  ↳ app/controllers/application_controller.rb:20:in 'ApplicationController#set_current_tenant'
  [1m[36mUser Load (0.5ms)[0m  [1m[34mSELECT "users".* FROM "users" WHERE "users"."id" = 2 ORDER BY "users"."id" ASC LIMIT 1 /*action='index',application='MeetingRails',controller='rooms'*/[0m
  Rendering layout layouts/admin.html.erb
  Rendering admin/rooms/index.html.erb within layouts/admin
  [1m[36mRoom Load (0.5ms)[0m  [1m[34mSELECT "rooms".* FROM "rooms" WHERE "rooms"."organization_id" = 2 ORDER BY "rooms"."floor" ASC, "rooms"."name" ASC /*action='index',application='MeetingRails',controller='rooms'*/[0m
  ↳ app/views/admin/rooms/index.html.erb:20
  Rendered admin/rooms/index.html.erb within layouts/admin (Duration: 2.8ms | GC: 0.0ms)
  Rendered layout layouts/admin.html.erb (Duration: 4.1ms | GC: 0.0ms)
Completed 200 OK in 18ms (Views: 4.4ms | ActiveRecord: 1.3ms (3 queries, 0 cached) | GC: 0.0ms)


Started GET "/admin" for ::1 at 2026-02-28 23:17:10 +0900
Processing by Admin::DashboardController#index as HTML
  [1m[36mOrganization Load (0.5ms)[0m  [1m[34mSELECT "organizations".* FROM "organizations" WHERE "organizations"."subdomain" = 'abc-h' AND "organizations"."active" = TRUE LIMIT 1 /*action='index',application='MeetingRails',controller='dashboard'*/[0m
  ↳ app/controllers/application_controller.rb:20:in 'ApplicationController#set_current_tenant'
  [1m[36mUser Load (0.4ms)[0m  [1m[34mSELECT "users".* FROM "users" WHERE "users"."id" = 2 ORDER BY "users"."id" ASC LIMIT 1 /*action='index',application='MeetingRails',controller='dashboard'*/[0m
  [1m[36mRoom Count (0.4ms)[0m  [1m[34mSELECT COUNT(*) FROM "rooms" WHERE "rooms"."organization_id" = 2 AND "rooms"."active" = TRUE /*action='index',application='MeetingRails',controller='dashboard'*/[0m
  ↳ app/controllers/admin/dashboard_controller.rb:3:in 'Admin::DashboardController#index'
  [1m[36mReservation Count (0.5ms)[0m  [1m[34mSELECT COUNT(*) FROM "reservations" INNER JOIN "rooms" ON "reservations"."room_id" = "rooms"."id" WHERE "rooms"."organization_id" = 2 AND "reservations"."date" = '2026-02-28' /*action='index',application='MeetingRails',controller='dashboard'*/[0m
  ↳ app/controllers/admin/dashboard_controller.rb:4:in 'Admin::DashboardController#index'
  [1m[36mReservation Count (0.4ms)[0m  [1m[34mSELECT COUNT(*) FROM "reservations" INNER JOIN "rooms" ON "reservations"."room_id" = "rooms"."id" WHERE "rooms"."organization_id" = 2 AND "reservations"."date" BETWEEN '2026-02-01' AND '2026-02-28' /*action='index',application='MeetingRails',controller='dashboard'*/[0m
  ↳ app/controllers/admin/dashboard_controller.rb:7:in 'Admin::DashboardController#index'
  Rendering layout layouts/admin.html.erb
  Rendering admin/dashboard/index.html.erb within layouts/admin
  [1m[36mReservation Exists? (0.7ms)[0m  [1m[34mSELECT 1 AS one FROM "reservations" INNER JOIN "rooms" ON "reservations"."room_id" = "rooms"."id" WHERE "rooms"."organization_id" = 2 LIMIT 1 /*action='index',application='MeetingRails',controller='dashboard'*/[0m
  ↳ app/views/admin/dashboard/index.html.erb:21
  Rendered admin/dashboard/index.html.erb within layouts/admin (Duration: 2.1ms | GC: 0.0ms)
  Rendered layout layouts/admin.html.erb (Duration: 3.6ms | GC: 0.0ms)
Completed 200 OK in 27ms (Views: 3.6ms | ActiveRecord: 2.8ms (6 queries, 0 cached) | GC: 0.0ms)


Started GET "/admin/rooms" for ::1 at 2026-02-28 23:17:11 +0900
Processing by Admin::RoomsController#index as HTML
  [1m[36mOrganization Load (0.4ms)[0m  [1m[34mSELECT "organizations".* FROM "organizations" WHERE "organizations"."subdomain" = 'abc-h' AND "organizations"."active" = TRUE LIMIT 1 /*action='index',application='MeetingRails',controller='rooms'*/[0m
  ↳ app/controllers/application_controller.rb:20:in 'ApplicationController#set_current_tenant'
  [1m[36mUser Load (0.4ms)[0m  [1m[34mSELECT "users".* FROM "users" WHERE "users"."id" = 2 ORDER BY "users"."id" ASC LIMIT 1 /*action='index',application='MeetingRails',controller='rooms'*/[0m
  Rendering layout layouts/admin.html.erb
  Rendering admin/rooms/index.html.erb within layouts/admin
  [1m[36mRoom Load (0.5ms)[0m  [1m[34mSELECT "rooms".* FROM "rooms" WHERE "rooms"."organization_id" = 2 ORDER BY "rooms"."floor" ASC, "rooms"."name" ASC /*action='index',application='MeetingRails',controller='rooms'*/[0m
  ↳ app/views/admin/rooms/index.html.erb:20
  Rendered admin/rooms/index.html.erb within layouts/admin (Duration: 5.7ms | GC: 0.0ms)
  Rendered layout layouts/admin.html.erb (Duration: 7.4ms | GC: 0.0ms)
Completed 200 OK in 24ms (Views: 7.7ms | ActiveRecord: 1.3ms (3 queries, 0 cached) | GC: 0.0ms)


Started GET "/admin/reservations" for ::1 at 2026-02-28 23:17:11 +0900
Processing by Admin::ReservationsController#index as HTML
  [1m[36mOrganization Load (0.4ms)[0m  [1m[34mSELECT "organizations".* FROM "organizations" WHERE "organizations"."subdomain" = 'abc-h' AND "organizations"."active" = TRUE LIMIT 1 /*action='index',application='MeetingRails',controller='reservations'*/[0m
  ↳ app/controllers/application_controller.rb:20:in 'ApplicationController#set_current_tenant'
  [1m[36mUser Load (0.4ms)[0m  [1m[34mSELECT "users".* FROM "users" WHERE "users"."id" = 2 ORDER BY "users"."id" ASC LIMIT 1 /*action='index',application='MeetingRails',controller='reservations'*/[0m
  Rendering layout layouts/admin.html.erb
  Rendering admin/reservations/index.html.erb within layouts/admin
  [1m[36mReservation Load (0.7ms)[0m  [1m[34mSELECT "reservations".* FROM "reservations" INNER JOIN "rooms" ON "reservations"."room_id" = "rooms"."id" WHERE "rooms"."organization_id" = 2 AND "reservations"."date" = '2026-02-28' ORDER BY "reservations"."start_time" ASC /*action='index',application='MeetingRails',controller='reservations'*/[0m
  ↳ app/views/admin/reservations/index.html.erb:22
  Rendered admin/reservations/index.html.erb within layouts/admin (Duration: 3.2ms | GC: 0.0ms)
  Rendered layout layouts/admin.html.erb (Duration: 4.7ms | GC: 0.0ms)
Completed 200 OK in 19ms (Views: 4.8ms | ActiveRecord: 1.4ms (3 queries, 0 cached) | GC: 0.0ms)


Started GET "/admin/rooms" for ::1 at 2026-02-28 23:17:11 +0900
Processing by Admin::RoomsController#index as HTML
  [1m[36mOrganization Load (0.5ms)[0m  [1m[34mSELECT "organizations".* FROM "organizations" WHERE "organizations"."subdomain" = 'abc-h' AND "organizations"."active" = TRUE LIMIT 1 /*action='index',application='MeetingRails',controller='rooms'*/[0m
  ↳ app/controllers/application_controller.rb:20:in 'ApplicationController#set_current_tenant'
  [1m[36mUser Load (0.3ms)[0m  [1m[34mSELECT "users".* FROM "users" WHERE "users"."id" = 2 ORDER BY "users"."id" ASC LIMIT 1 /*action='index',application='MeetingRails',controller='rooms'*/[0m
  Rendering layout layouts/admin.html.erb
  Rendering admin/rooms/index.html.erb within layouts/admin
  [1m[36mRoom Load (0.8ms)[0m  [1m[34mSELECT "rooms".* FROM "rooms" WHERE "rooms"."organization_id" = 2 ORDER BY "rooms"."floor" ASC, "rooms"."name" ASC /*action='index',application='MeetingRails',controller='rooms'*/[0m
  ↳ app/views/admin/rooms/index.html.erb:20
  Rendered admin/rooms/index.html.erb within layouts/admin (Duration: 3.2ms | GC: 0.0ms)
  Rendered layout layouts/admin.html.erb (Duration: 4.3ms | GC: 0.0ms)
Completed 200 OK in 19ms (Views: 4.1ms | ActiveRecord: 1.6ms (3 queries, 0 cached) | GC: 0.0ms)


Started GET "/admin" for ::1 at 2026-02-28 23:17:11 +0900
Processing by Admin::DashboardController#index as HTML
  [1m[36mOrganization Load (0.4ms)[0m  [1m[34mSELECT "organizations".* FROM "organizations" WHERE "organizations"."subdomain" = 'abc-h' AND "organizations"."active" = TRUE LIMIT 1 /*action='index',application='MeetingRails',controller='dashboard'*/[0m
  ↳ app/controllers/application_controller.rb:20:in 'ApplicationController#set_current_tenant'
  [1m[36mUser Load (0.4ms)[0m  [1m[34mSELECT "users".* FROM "users" WHERE "users"."id" = 2 ORDER BY "users"."id" ASC LIMIT 1 /*action='index',application='MeetingRails',controller='dashboard'*/[0m
  [1m[36mRoom Count (0.4ms)[0m  [1m[34mSELECT COUNT(*) FROM "rooms" WHERE "rooms"."organization_id" = 2 AND "rooms"."active" = TRUE /*action='index',application='MeetingRails',controller='dashboard'*/[0m
  ↳ app/controllers/admin/dashboard_controller.rb:3:in 'Admin::DashboardController#index'
  [1m[36mReservation Count (0.6ms)[0m  [1m[34mSELECT COUNT(*) FROM "reservations" INNER JOIN "rooms" ON "reservations"."room_id" = "rooms"."id" WHERE "rooms"."organization_id" = 2 AND "reservations"."date" = '2026-02-28' /*action='index',application='MeetingRails',controller='dashboard'*/[0m
  ↳ app/controllers/admin/dashboard_controller.rb:4:in 'Admin::DashboardController#index'
  [1m[36mReservation Count (0.6ms)[0m  [1m[34mSELECT COUNT(*) FROM "reservations" INNER JOIN "rooms" ON "reservations"."room_id" = "rooms"."id" WHERE "rooms"."organization_id" = 2 AND "reservations"."date" BETWEEN '2026-02-01' AND '2026-02-28' /*action='index',application='MeetingRails',controller='dashboard'*/[0m
  ↳ app/controllers/admin/dashboard_controller.rb:7:in 'Admin::DashboardController#index'
  Rendering layout layouts/admin.html.erb
  Rendering admin/dashboard/index.html.erb within layouts/admin
  [1m[36mReservation Exists? (0.5ms)[0m  [1m[34mSELECT 1 AS one FROM "reservations" INNER JOIN "rooms" ON "reservations"."room_id" = "rooms"."id" WHERE "rooms"."organization_id" = 2 LIMIT 1 /*action='index',application='MeetingRails',controller='dashboard'*/[0m
  ↳ app/views/admin/dashboard/index.html.erb:21
  Rendered admin/dashboard/index.html.erb within layouts/admin (Duration: 2.0ms | GC: 0.0ms)
  Rendered layout layouts/admin.html.erb (Duration: 3.6ms | GC: 0.0ms)
Completed 200 OK in 23ms (Views: 3.7ms | ActiveRecord: 2.9ms (6 queries, 0 cached) | GC: 0.0ms)


Started GET "/admin/rooms" for ::1 at 2026-02-28 23:17:12 +0900
Processing by Admin::RoomsController#index as HTML
  [1m[36mOrganization Load (0.4ms)[0m  [1m[34mSELECT "organizations".* FROM "organizations" WHERE "organizations"."subdomain" = 'abc-h' AND "organizations"."active" = TRUE LIMIT 1 /*action='index',application='MeetingRails',controller='rooms'*/[0m
  ↳ app/controllers/application_controller.rb:20:in 'ApplicationController#set_current_tenant'
  [1m[36mUser Load (0.4ms)[0m  [1m[34mSELECT "users".* FROM "users" WHERE "users"."id" = 2 ORDER BY "users"."id" ASC LIMIT 1 /*action='index',application='MeetingRails',controller='rooms'*/[0m
  Rendering layout layouts/admin.html.erb
  Rendering admin/rooms/index.html.erb within layouts/admin
  [1m[36mRoom Load (0.4ms)[0m  [1m[34mSELECT "rooms".* FROM "rooms" WHERE "rooms"."organization_id" = 2 ORDER BY "rooms"."floor" ASC, "rooms"."name" ASC /*action='index',application='MeetingRails',controller='rooms'*/[0m
  ↳ app/views/admin/rooms/index.html.erb:20
  Rendered admin/rooms/index.html.erb within layouts/admin (Duration: 3.1ms | GC: 0.0ms)
  Rendered layout layouts/admin.html.erb (Duration: 4.2ms | GC: 0.0ms)
Completed 200 OK in 19ms (Views: 4.5ms | ActiveRecord: 1.3ms (3 queries, 0 cached) | GC: 0.0ms)


Started GET "/admin" for ::1 at 2026-02-28 23:17:13 +0900
Processing by Admin::DashboardController#index as HTML
  [1m[36mOrganization Load (0.4ms)[0m  [1m[34mSELECT "organizations".* FROM "organizations" WHERE "organizations"."subdomain" = 'abc-h' AND "organizations"."active" = TRUE LIMIT 1 /*action='index',application='MeetingRails',controller='dashboard'*/[0m
  ↳ app/controllers/application_controller.rb:20:in 'ApplicationController#set_current_tenant'
  [1m[36mUser Load (0.4ms)[0m  [1m[34mSELECT "users".* FROM "users" WHERE "users"."id" = 2 ORDER BY "users"."id" ASC LIMIT 1 /*action='index',application='MeetingRails',controller='dashboard'*/[0m
  [1m[36mRoom Count (0.6ms)[0m  [1m[34mSELECT COUNT(*) FROM "rooms" WHERE "rooms"."organization_id" = 2 AND "rooms"."active" = TRUE /*action='index',application='MeetingRails',controller='dashboard'*/[0m
  ↳ app/controllers/admin/dashboard_controller.rb:3:in 'Admin::DashboardController#index'
  [1m[36mReservation Count (0.6ms)[0m  [1m[34mSELECT COUNT(*) FROM "reservations" INNER JOIN "rooms" ON "reservations"."room_id" = "rooms"."id" WHERE "rooms"."organization_id" = 2 AND "reservations"."date" = '2026-02-28' /*action='index',application='MeetingRails',controller='dashboard'*/[0m
  ↳ app/controllers/admin/dashboard_controller.rb:4:in 'Admin::DashboardController#index'
  [1m[36mReservation Count (0.6ms)[0m  [1m[34mSELECT COUNT(*) FROM "reservations" INNER JOIN "rooms" ON "reservations"."room_id" = "rooms"."id" WHERE "rooms"."organization_id" = 2 AND "reservations"."date" BETWEEN '2026-02-01' AND '2026-02-28' /*action='index',application='MeetingRails',controller='dashboard'*/[0m
  ↳ app/controllers/admin/dashboard_controller.rb:7:in 'Admin::DashboardController#index'
  Rendering layout layouts/admin.html.erb
  Rendering admin/dashboard/index.html.erb within layouts/admin
  [1m[36mReservation Exists? (0.5ms)[0m  [1m[34mSELECT 1 AS one FROM "reservations" INNER JOIN "rooms" ON "reservations"."room_id" = "rooms"."id" WHERE "rooms"."organization_id" = 2 LIMIT 1 /*action='index',application='MeetingRails',controller='dashboard'*/[0m
  ↳ app/views/admin/dashboard/index.html.erb:21
  Rendered admin/dashboard/index.html.erb within layouts/admin (Duration: 1.7ms | GC: 0.0ms)
  Rendered layout layouts/admin.html.erb (Duration: 2.8ms | GC: 0.0ms)
Completed 200 OK in 28ms (Views: 3.0ms | ActiveRecord: 3.1ms (6 queries, 0 cached) | GC: 0.0ms)


Started GET "/admin" for ::1 at 2026-02-28 23:17:14 +0900
Processing by Admin::DashboardController#index as HTML
  [1m[36mOrganization Load (0.4ms)[0m  [1m[34mSELECT "organizations".* FROM "organizations" WHERE "organizations"."subdomain" = 'abc-h' AND "organizations"."active" = TRUE LIMIT 1 /*action='index',application='MeetingRails',controller='dashboard'*/[0m
  ↳ app/controllers/application_controller.rb:20:in 'ApplicationController#set_current_tenant'
  [1m[36mUser Load (0.4ms)[0m  [1m[34mSELECT "users".* FROM "users" WHERE "users"."id" = 2 ORDER BY "users"."id" ASC LIMIT 1 /*action='index',application='MeetingRails',controller='dashboard'*/[0m
  [1m[36mRoom Count (0.3ms)[0m  [1m[34mSELECT COUNT(*) FROM "rooms" WHERE "rooms"."organization_id" = 2 AND "rooms"."active" = TRUE /*action='index',application='MeetingRails',controller='dashboard'*/[0m
  ↳ app/controllers/admin/dashboard_controller.rb:3:in 'Admin::DashboardController#index'
  [1m[36mReservation Count (0.5ms)[0m  [1m[34mSELECT COUNT(*) FROM "reservations" INNER JOIN "rooms" ON "reservations"."room_id" = "rooms"."id" WHERE "rooms"."organization_id" = 2 AND "reservations"."date" = '2026-02-28' /*action='index',application='MeetingRails',controller='dashboard'*/[0m
  ↳ app/controllers/admin/dashboard_controller.rb:4:in 'Admin::DashboardController#index'
  [1m[36mReservation Count (0.5ms)[0m  [1m[34mSELECT COUNT(*) FROM "reservations" INNER JOIN "rooms" ON "reservations"."room_id" = "rooms"."id" WHERE "rooms"."organization_id" = 2 AND "reservations"."date" BETWEEN '2026-02-01' AND '2026-02-28' /*action='index',application='MeetingRails',controller='dashboard'*/[0m
  ↳ app/controllers/admin/dashboard_controller.rb:7:in 'Admin::DashboardController#index'
  Rendering layout layouts/admin.html.erb
  Rendering admin/dashboard/index.html.erb within layouts/admin
  [1m[36mReservation Exists? (0.4ms)[0m  [1m[34mSELECT 1 AS one FROM "reservations" INNER JOIN "rooms" ON "reservations"."room_id" = "rooms"."id" WHERE "rooms"."organization_id" = 2 LIMIT 1 /*action='index',application='MeetingRails',controller='dashboard'*/[0m
  ↳ app/views/admin/dashboard/index.html.erb:21
  Rendered admin/dashboard/index.html.erb within layouts/admin (Duration: 1.7ms | GC: 0.0ms)
  Rendered layout layouts/admin.html.erb (Duration: 2.7ms | GC: 0.0ms)
Completed 200 OK in 23ms (Views: 2.8ms | ActiveRecord: 2.6ms (6 queries, 0 cached) | GC: 0.0ms)


Started GET "/admin/rooms" for ::1 at 2026-02-28 23:17:17 +0900
Processing by Admin::RoomsController#index as HTML
  [1m[36mOrganization Load (0.4ms)[0m  [1m[34mSELECT "organizations".* FROM "organizations" WHERE "organizations"."subdomain" = 'abc-h' AND "organizations"."active" = TRUE LIMIT 1 /*action='index',application='MeetingRails',controller='rooms'*/[0m
  ↳ app/controllers/application_controller.rb:20:in 'ApplicationController#set_current_tenant'
  [1m[36mUser Load (0.4ms)[0m  [1m[34mSELECT "users".* FROM "users" WHERE "users"."id" = 2 ORDER BY "users"."id" ASC LIMIT 1 /*action='index',application='MeetingRails',controller='rooms'*/[0m
  Rendering layout layouts/admin.html.erb
  Rendering admin/rooms/index.html.erb within layouts/admin
  [1m[36mRoom Load (0.4ms)[0m  [1m[34mSELECT "rooms".* FROM "rooms" WHERE "rooms"."organization_id" = 2 ORDER BY "rooms"."floor" ASC, "rooms"."name" ASC /*action='index',application='MeetingRails',controller='rooms'*/[0m
  ↳ app/views/admin/rooms/index.html.erb:20
  Rendered admin/rooms/index.html.erb within layouts/admin (Duration: 2.2ms | GC: 0.0ms)
  Rendered layout layouts/admin.html.erb (Duration: 3.1ms | GC: 0.0ms)
Completed 200 OK in 20ms (Views: 3.4ms | ActiveRecord: 1.2ms (3 queries, 0 cached) | GC: 0.0ms)


Started GET "/admin/reservations" for ::1 at 2026-02-28 23:17:18 +0900
Processing by Admin::ReservationsController#index as HTML
  [1m[36mOrganization Load (0.4ms)[0m  [1m[34mSELECT "organizations".* FROM "organizations" WHERE "organizations"."subdomain" = 'abc-h' AND "organizations"."active" = TRUE LIMIT 1 /*action='index',application='MeetingRails',controller='reservations'*/[0m
  ↳ app/controllers/application_controller.rb:20:in 'ApplicationController#set_current_tenant'
  [1m[36mUser Load (0.4ms)[0m  [1m[34mSELECT "users".* FROM "users" WHERE "users"."id" = 2 ORDER BY "users"."id" ASC LIMIT 1 /*action='index',application='MeetingRails',controller='reservations'*/[0m
  Rendering layout layouts/admin.html.erb
  Rendering admin/reservations/index.html.erb within layouts/admin
  [1m[36mReservation Load (0.6ms)[0m  [1m[34mSELECT "reservations".* FROM "reservations" INNER JOIN "rooms" ON "reservations"."room_id" = "rooms"."id" WHERE "rooms"."organization_id" = 2 AND "reservations"."date" = '2026-02-28' ORDER BY "reservations"."start_time" ASC /*action='index',application='MeetingRails',controller='reservations'*/[0m
  ↳ app/views/admin/reservations/index.html.erb:22
  Rendered admin/reservations/index.html.erb within layouts/admin (Duration: 2.7ms | GC: 0.0ms)
  Rendered layout layouts/admin.html.erb (Duration: 3.9ms | GC: 0.0ms)
Completed 200 OK in 19ms (Views: 4.0ms | ActiveRecord: 1.3ms (3 queries, 0 cached) | GC: 0.0ms)


Started GET "/admin/subscription" for ::1 at 2026-02-28 23:17:18 +0900
Processing by Admin::SubscriptionsController#show as HTML
  [1m[36mOrganization Load (0.4ms)[0m  [1m[34mSELECT "organizations".* FROM "organizations" WHERE "organizations"."subdomain" = 'abc-h' AND "organizations"."active" = TRUE LIMIT 1 /*action='show',application='MeetingRails',controller='subscriptions'*/[0m
  ↳ app/controllers/application_controller.rb:20:in 'ApplicationController#set_current_tenant'
  [1m[36mUser Load (0.4ms)[0m  [1m[34mSELECT "users".* FROM "users" WHERE "users"."id" = 2 ORDER BY "users"."id" ASC LIMIT 1 /*action='show',application='MeetingRails',controller='subscriptions'*/[0m
  [1m[36mSubscription Load (0.4ms)[0m  [1m[34mSELECT "subscriptions".* FROM "subscriptions" WHERE "subscriptions"."organization_id" = 2 LIMIT 1 /*action='show',application='MeetingRails',controller='subscriptions'*/[0m
  ↳ app/controllers/admin/subscriptions_controller.rb:5:in 'Admin::SubscriptionsController#show'
  [1m[36mPlan Load (0.4ms)[0m  [1m[34mSELECT "plans".* FROM "plans" WHERE "plans"."id" = 1 LIMIT 1 /*action='show',application='MeetingRails',controller='subscriptions'*/[0m
  ↳ app/controllers/admin/subscriptions_controller.rb:6:in 'Admin::SubscriptionsController#show'
  Rendering layout layouts/admin.html.erb
  Rendering admin/subscriptions/show.html.erb within layouts/admin
  [1m[36mPlan Load (0.4ms)[0m  [1m[34mSELECT "plans".* FROM "plans" ORDER BY "plans"."price_cents" ASC /*action='show',application='MeetingRails',controller='subscriptions'*/[0m
  ↳ app/views/admin/subscriptions/show.html.erb:35
  Rendered admin/subscriptions/show.html.erb within layouts/admin (Duration: 3.2ms | GC: 0.0ms)
  Rendered layout layouts/admin.html.erb (Duration: 4.4ms | GC: 0.0ms)
Completed 200 OK in 23ms (Views: 4.7ms | ActiveRecord: 1.9ms (5 queries, 0 cached) | GC: 0.0ms)


Started GET "/" for ::1 at 2026-02-28 23:17:18 +0900
Processing by LandingController#index as HTML
  Rendering layout layouts/application.html.erb
  Rendering landing/index.html.erb within layouts/application
  Rendered landing/index.html.erb within layouts/application (Duration: 0.2ms | GC: 0.0ms)
  [1m[36mUser Load (0.4ms)[0m  [1m[34mSELECT "users".* FROM "users" WHERE "users"."id" = 2 ORDER BY "users"."id" ASC LIMIT 1 /*action='index',application='MeetingRails',controller='landing'*/[0m
  ↳ app/views/layouts/application.html.erb:40
  [1m[36mOrganization Load (0.3ms)[0m  [1m[34mSELECT "organizations".* FROM "organizations" WHERE "organizations"."id" = 2 LIMIT 1 /*action='index',application='MeetingRails',controller='landing'*/[0m
  ↳ app/views/layouts/application.html.erb:43
  Rendered layout layouts/application.html.erb (Duration: 6.2ms | GC: 0.0ms)
Completed 200 OK in 13ms (Views: 6.1ms | ActiveRecord: 0.8ms (2 queries, 0 cached) | GC: 0.0ms)


Started GET "/registrations/new" for ::1 at 2026-02-28 23:17:20 +0900
Processing by RegistrationsController#new as HTML
  Rendering layout layouts/application.html.erb
  Rendering registrations/new.html.erb within layouts/application
  Rendered registrations/new.html.erb within layouts/application (Duration: 0.9ms | GC: 0.0ms)
  [1m[36mUser Load (0.5ms)[0m  [1m[34mSELECT "users".* FROM "users" WHERE "users"."id" = 2 ORDER BY "users"."id" ASC LIMIT 1 /*action='new',application='MeetingRails',controller='registrations'*/[0m
  ↳ app/views/layouts/application.html.erb:40
  [1m[36mOrganization Load (0.4ms)[0m  [1m[34mSELECT "organizations".* FROM "organizations" WHERE "organizations"."id" = 2 LIMIT 1 /*action='new',application='MeetingRails',controller='registrations'*/[0m
  ↳ app/views/layouts/application.html.erb:43
  Rendered layout layouts/application.html.erb (Duration: 17.6ms | GC: 0.0ms)
Completed 200 OK in 28ms (Views: 17.4ms | ActiveRecord: 0.9ms (2 queries, 0 cached) | GC: 0.0ms)


Started GET "/registrations/new" for ::1 at 2026-02-28 23:17:31 +0900
Processing by RegistrationsController#new as HTML
  Rendering layout layouts/application.html.erb
  Rendering registrations/new.html.erb within layouts/application
  Rendered registrations/new.html.erb within layouts/application (Duration: 0.9ms | GC: 0.0ms)
  [1m[36mUser Load (0.4ms)[0m  [1m[34mSELECT "users".* FROM "users" WHERE "users"."id" = 2 ORDER BY "users"."id" ASC LIMIT 1 /*action='new',application='MeetingRails',controller='registrations'*/[0m
  ↳ app/views/layouts/application.html.erb:40
  [1m[36mOrganization Load (0.4ms)[0m  [1m[34mSELECT "organizations".* FROM "organizations" WHERE "organizations"."id" = 2 LIMIT 1 /*action='new',application='MeetingRails',controller='registrations'*/[0m
  ↳ app/views/layouts/application.html.erb:43
  Rendered layout layouts/application.html.erb (Duration: 8.1ms | GC: 0.0ms)
Completed 200 OK in 17ms (Views: 8.0ms | ActiveRecord: 0.8ms (2 queries, 0 cached) | GC: 0.0ms)


Started GET "/admin" for ::1 at 2026-02-28 23:17:33 +0900
Processing by Admin::DashboardController#index as HTML
  [1m[36mOrganization Load (0.4ms)[0m  [1m[34mSELECT "organizations".* FROM "organizations" WHERE "organizations"."subdomain" = 'abc-h' AND "organizations"."active" = TRUE LIMIT 1 /*action='index',application='MeetingRails',controller='dashboard'*/[0m
  ↳ app/controllers/application_controller.rb:20:in 'ApplicationController#set_current_tenant'
  [1m[36mUser Load (0.5ms)[0m  [1m[34mSELECT "users".* FROM "users" WHERE "users"."id" = 2 ORDER BY "users"."id" ASC LIMIT 1 /*action='index',application='MeetingRails',controller='dashboard'*/[0m
  [1m[36mRoom Count (0.5ms)[0m  [1m[34mSELECT COUNT(*) FROM "rooms" WHERE "rooms"."organization_id" = 2 AND "rooms"."active" = TRUE /*action='index',application='MeetingRails',controller='dashboard'*/[0m
  ↳ app/controllers/admin/dashboard_controller.rb:3:in 'Admin::DashboardController#index'
  [1m[36mReservation Count (0.5ms)[0m  [1m[34mSELECT COUNT(*) FROM "reservations" INNER JOIN "rooms" ON "reservations"."room_id" = "rooms"."id" WHERE "rooms"."organization_id" = 2 AND "reservations"."date" = '2026-02-28' /*action='index',application='MeetingRails',controller='dashboard'*/[0m
  ↳ app/controllers/admin/dashboard_controller.rb:4:in 'Admin::DashboardController#index'
  [1m[36mReservation Count (0.4ms)[0m  [1m[34mSELECT COUNT(*) FROM "reservations" INNER JOIN "rooms" ON "reservations"."room_id" = "rooms"."id" WHERE "rooms"."organization_id" = 2 AND "reservations"."date" BETWEEN '2026-02-01' AND '2026-02-28' /*action='index',application='MeetingRails',controller='dashboard'*/[0m
  ↳ app/controllers/admin/dashboard_controller.rb:7:in 'Admin::DashboardController#index'
  Rendering layout layouts/admin.html.erb
  Rendering admin/dashboard/index.html.erb within layouts/admin
  [1m[36mReservation Exists? (0.4ms)[0m  [1m[34mSELECT 1 AS one FROM "reservations" INNER JOIN "rooms" ON "reservations"."room_id" = "rooms"."id" WHERE "rooms"."organization_id" = 2 LIMIT 1 /*action='index',application='MeetingRails',controller='dashboard'*/[0m
  ↳ app/views/admin/dashboard/index.html.erb:21
  Rendered admin/dashboard/index.html.erb within layouts/admin (Duration: 1.9ms | GC: 0.0ms)
  Rendered layout layouts/admin.html.erb (Duration: 3.7ms | GC: 0.0ms)
Completed 200 OK in 25ms (Views: 4.0ms | ActiveRecord: 2.7ms (6 queries, 0 cached) | GC: 0.0ms)


Started GET "/admin/rooms" for ::1 at 2026-02-28 23:17:35 +0900
Processing by Admin::RoomsController#index as HTML
  [1m[36mOrganization Load (0.4ms)[0m  [1m[34mSELECT "organizations".* FROM "organizations" WHERE "organizations"."subdomain" = 'abc-h' AND "organizations"."active" = TRUE LIMIT 1 /*action='index',application='MeetingRails',controller='rooms'*/[0m
  ↳ app/controllers/application_controller.rb:20:in 'ApplicationController#set_current_tenant'
  [1m[36mUser Load (0.4ms)[0m  [1m[34mSELECT "users".* FROM "users" WHERE "users"."id" = 2 ORDER BY "users"."id" ASC LIMIT 1 /*action='index',application='MeetingRails',controller='rooms'*/[0m
  Rendering layout layouts/admin.html.erb
  Rendering admin/rooms/index.html.erb within layouts/admin
  [1m[36mRoom Load (0.3ms)[0m  [1m[34mSELECT "rooms".* FROM "rooms" WHERE "rooms"."organization_id" = 2 ORDER BY "rooms"."floor" ASC, "rooms"."name" ASC /*action='index',application='MeetingRails',controller='rooms'*/[0m
  ↳ app/views/admin/rooms/index.html.erb:20
  Rendered admin/rooms/index.html.erb within layouts/admin (Duration: 2.8ms | GC: 0.0ms)
  Rendered layout layouts/admin.html.erb (Duration: 4.0ms | GC: 0.0ms)
Completed 200 OK in 18ms (Views: 4.4ms | ActiveRecord: 1.2ms (3 queries, 0 cached) | GC: 0.0ms)


Started GET "/admin/reservations" for ::1 at 2026-02-28 23:17:36 +0900
Processing by Admin::ReservationsController#index as HTML
  [1m[36mOrganization Load (0.4ms)[0m  [1m[34mSELECT "organizations".* FROM "organizations" WHERE "organizations"."subdomain" = 'abc-h' AND "organizations"."active" = TRUE LIMIT 1 /*action='index',application='MeetingRails',controller='reservations'*/[0m
  ↳ app/controllers/application_controller.rb:20:in 'ApplicationController#set_current_tenant'
  [1m[36mUser Load (0.4ms)[0m  [1m[34mSELECT "users".* FROM "users" WHERE "users"."id" = 2 ORDER BY "users"."id" ASC LIMIT 1 /*action='index',application='MeetingRails',controller='reservations'*/[0m
  Rendering layout layouts/admin.html.erb
  Rendering admin/reservations/index.html.erb within layouts/admin
  [1m[36mReservation Load (0.7ms)[0m  [1m[34mSELECT "reservations".* FROM "reservations" INNER JOIN "rooms" ON "reservations"."room_id" = "rooms"."id" WHERE "rooms"."organization_id" = 2 AND "reservations"."date" = '2026-02-28' ORDER BY "reservations"."start_time" ASC /*action='index',application='MeetingRails',controller='reservations'*/[0m
  ↳ app/views/admin/reservations/index.html.erb:22
  Rendered admin/reservations/index.html.erb within layouts/admin (Duration: 2.8ms | GC: 0.0ms)
  Rendered layout layouts/admin.html.erb (Duration: 4.2ms | GC: 0.0ms)
Completed 200 OK in 21ms (Views: 4.3ms | ActiveRecord: 1.5ms (3 queries, 0 cached) | GC: 0.0ms)


Started GET "/admin" for ::1 at 2026-02-28 23:17:40 +0900
Processing by Admin::DashboardController#index as HTML
  [1m[36mOrganization Load (0.5ms)[0m  [1m[34mSELECT "organizations".* FROM "organizations" WHERE "organizations"."subdomain" = 'abc-h' AND "organizations"."active" = TRUE LIMIT 1 /*action='index',application='MeetingRails',controller='dashboard'*/[0m
  ↳ app/controllers/application_controller.rb:20:in 'ApplicationController#set_current_tenant'
  [1m[36mUser Load (0.5ms)[0m  [1m[34mSELECT "users".* FROM "users" WHERE "users"."id" = 2 ORDER BY "users"."id" ASC LIMIT 1 /*action='index',application='MeetingRails',controller='dashboard'*/[0m
  [1m[36mRoom Count (0.4ms)[0m  [1m[34mSELECT COUNT(*) FROM "rooms" WHERE "rooms"."organization_id" = 2 AND "rooms"."active" = TRUE /*action='index',application='MeetingRails',controller='dashboard'*/[0m
  ↳ app/controllers/admin/dashboard_controller.rb:3:in 'Admin::DashboardController#index'
  [1m[36mReservation Count (0.4ms)[0m  [1m[34mSELECT COUNT(*) FROM "reservations" INNER JOIN "rooms" ON "reservations"."room_id" = "rooms"."id" WHERE "rooms"."organization_id" = 2 AND "reservations"."date" = '2026-02-28' /*action='index',application='MeetingRails',controller='dashboard'*/[0m
  ↳ app/controllers/admin/dashboard_controller.rb:4:in 'Admin::DashboardController#index'
  [1m[36mReservation Count (0.4ms)[0m  [1m[34mSELECT COUNT(*) FROM "reservations" INNER JOIN "rooms" ON "reservations"."room_id" = "rooms"."id" WHERE "rooms"."organization_id" = 2 AND "reservations"."date" BETWEEN '2026-02-01' AND '2026-02-28' /*action='index',application='MeetingRails',controller='dashboard'*/[0m
  ↳ app/controllers/admin/dashboard_controller.rb:7:in 'Admin::DashboardController#index'
  Rendering layout layouts/admin.html.erb
  Rendering admin/dashboard/index.html.erb within layouts/admin
  [1m[36mReservation Exists? (0.4ms)[0m  [1m[34mSELECT 1 AS one FROM "reservations" INNER JOIN "rooms" ON "reservations"."room_id" = "rooms"."id" WHERE "rooms"."organization_id" = 2 LIMIT 1 /*action='index',application='MeetingRails',controller='dashboard'*/[0m
  ↳ app/views/admin/dashboard/index.html.erb:21
  Rendered admin/dashboard/index.html.erb within layouts/admin (Duration: 2.2ms | GC: 0.0ms)
  Rendered layout layouts/admin.html.erb (Duration: 3.7ms | GC: 0.0ms)
Completed 200 OK in 25ms (Views: 4.0ms | ActiveRecord: 2.6ms (6 queries, 0 cached) | GC: 0.0ms)


Started GET "/admin/rooms" for ::1 at 2026-02-28 23:23:18 +0900
Processing by Admin::RoomsController#index as HTML
  [1m[36mOrganization Load (1.7ms)[0m  [1m[34mSELECT "organizations".* FROM "organizations" WHERE "organizations"."subdomain" = 'abc-h' AND "organizations"."active" = TRUE LIMIT 1 /*action='index',application='MeetingRails',controller='rooms'*/[0m
  ↳ app/controllers/application_controller.rb:20:in 'ApplicationController#set_current_tenant'
  [1m[36mUser Load (2.9ms)[0m  [1m[34mSELECT "users".* FROM "users" WHERE "users"."id" = 2 ORDER BY "users"."id" ASC LIMIT 1 /*action='index',application='MeetingRails',controller='rooms'*/[0m
  Rendering layout layouts/admin.html.erb
  Rendering admin/rooms/index.html.erb within layouts/admin
  [1m[36mRoom Load (2.1ms)[0m  [1m[34mSELECT "rooms".* FROM "rooms" WHERE "rooms"."organization_id" = 2 ORDER BY "rooms"."floor" ASC, "rooms"."name" ASC /*action='index',application='MeetingRails',controller='rooms'*/[0m
  ↳ app/views/admin/rooms/index.html.erb:20
  Rendered admin/rooms/index.html.erb within layouts/admin (Duration: 4.8ms | GC: 0.0ms)
  Rendered layout layouts/admin.html.erb (Duration: 6.5ms | GC: 0.0ms)
Completed 200 OK in 138ms (Views: 5.3ms | ActiveRecord: 13.4ms (3 queries, 0 cached) | GC: 0.0ms)


Started GET "/admin/subscription" for ::1 at 2026-02-28 23:23:18 +0900
Processing by Admin::SubscriptionsController#show as HTML
  [1m[36mOrganization Load (0.4ms)[0m  [1m[34mSELECT "organizations".* FROM "organizations" WHERE "organizations"."subdomain" = 'abc-h' AND "organizations"."active" = TRUE LIMIT 1 /*action='show',application='MeetingRails',controller='subscriptions'*/[0m
  ↳ app/controllers/application_controller.rb:20:in 'ApplicationController#set_current_tenant'
  [1m[36mUser Load (0.4ms)[0m  [1m[34mSELECT "users".* FROM "users" WHERE "users"."id" = 2 ORDER BY "users"."id" ASC LIMIT 1 /*action='show',application='MeetingRails',controller='subscriptions'*/[0m
  [1m[36mSubscription Load (2.3ms)[0m  [1m[34mSELECT "subscriptions".* FROM "subscriptions" WHERE "subscriptions"."organization_id" = 2 LIMIT 1 /*action='show',application='MeetingRails',controller='subscriptions'*/[0m
  ↳ app/controllers/admin/subscriptions_controller.rb:5:in 'Admin::SubscriptionsController#show'
  [1m[36mPlan Load (1.6ms)[0m  [1m[34mSELECT "plans".* FROM "plans" WHERE "plans"."id" = 1 LIMIT 1 /*action='show',application='MeetingRails',controller='subscriptions'*/[0m
  ↳ app/controllers/admin/subscriptions_controller.rb:6:in 'Admin::SubscriptionsController#show'
  Rendering layout layouts/admin.html.erb
  Rendering admin/subscriptions/show.html.erb within layouts/admin
  [1m[36mPlan Load (0.4ms)[0m  [1m[34mSELECT "plans".* FROM "plans" ORDER BY "plans"."price_cents" ASC /*action='show',application='MeetingRails',controller='subscriptions'*/[0m
  ↳ app/views/admin/subscriptions/show.html.erb:35
  Rendered admin/subscriptions/show.html.erb within layouts/admin (Duration: 2.6ms | GC: 0.0ms)
  Rendered layout layouts/admin.html.erb (Duration: 3.9ms | GC: 0.0ms)
Completed 200 OK in 25ms (Views: 4.1ms | ActiveRecord: 5.0ms (5 queries, 0 cached) | GC: 0.0ms)


Started GET "/admin" for ::1 at 2026-02-28 23:23:19 +0900
Processing by Admin::DashboardController#index as HTML
  [1m[36mOrganization Load (0.5ms)[0m  [1m[34mSELECT "organizations".* FROM "organizations" WHERE "organizations"."subdomain" = 'abc-h' AND "organizations"."active" = TRUE LIMIT 1 /*action='index',application='MeetingRails',controller='dashboard'*/[0m
  ↳ app/controllers/application_controller.rb:20:in 'ApplicationController#set_current_tenant'
  [1m[36mUser Load (0.7ms)[0m  [1m[34mSELECT "users".* FROM "users" WHERE "users"."id" = 2 ORDER BY "users"."id" ASC LIMIT 1 /*action='index',application='MeetingRails',controller='dashboard'*/[0m
  [1m[36mRoom Count (0.7ms)[0m  [1m[34mSELECT COUNT(*) FROM "rooms" WHERE "rooms"."organization_id" = 2 AND "rooms"."active" = TRUE /*action='index',application='MeetingRails',controller='dashboard'*/[0m
  ↳ app/controllers/admin/dashboard_controller.rb:3:in 'Admin::DashboardController#index'
  [1m[36mReservation Count (3.6ms)[0m  [1m[34mSELECT COUNT(*) FROM "reservations" INNER JOIN "rooms" ON "reservations"."room_id" = "rooms"."id" WHERE "rooms"."organization_id" = 2 AND "reservations"."date" = '2026-02-28' /*action='index',application='MeetingRails',controller='dashboard'*/[0m
  ↳ app/controllers/admin/dashboard_controller.rb:4:in 'Admin::DashboardController#index'
  [1m[36mReservation Count (0.9ms)[0m  [1m[34mSELECT COUNT(*) FROM "reservations" INNER JOIN "rooms" ON "reservations"."room_id" = "rooms"."id" WHERE "rooms"."organization_id" = 2 AND "reservations"."date" BETWEEN '2026-02-01' AND '2026-02-28' /*action='index',application='MeetingRails',controller='dashboard'*/[0m
  ↳ app/controllers/admin/dashboard_controller.rb:7:in 'Admin::DashboardController#index'
  Rendering layout layouts/admin.html.erb
  Rendering admin/dashboard/index.html.erb within layouts/admin
  [1m[36mReservation Exists? (0.7ms)[0m  [1m[34mSELECT 1 AS one FROM "reservations" INNER JOIN "rooms" ON "reservations"."room_id" = "rooms"."id" WHERE "rooms"."organization_id" = 2 LIMIT 1 /*action='index',application='MeetingRails',controller='dashboard'*/[0m
  ↳ app/views/admin/dashboard/index.html.erb:21
  Rendered admin/dashboard/index.html.erb within layouts/admin (Duration: 3.0ms | GC: 0.0ms)
  Rendered layout layouts/admin.html.erb (Duration: 4.8ms | GC: 0.0ms)
Completed 200 OK in 36ms (Views: 5.0ms | ActiveRecord: 7.1ms (6 queries, 0 cached) | GC: 0.0ms)


Started GET "/" for ::1 at 2026-02-28 23:24:30 +0900
Processing by LandingController#index as HTML
  Rendering layout layouts/application.html.erb
  Rendering landing/index.html.erb within layouts/application
  Rendered landing/index.html.erb within layouts/application (Duration: 0.3ms | GC: 0.0ms)
  [1m[36mUser Load (0.6ms)[0m  [1m[34mSELECT "users".* FROM "users" WHERE "users"."id" = 2 ORDER BY "users"."id" ASC LIMIT 1 /*action='index',application='MeetingRails',controller='landing'*/[0m
  ↳ app/views/layouts/application.html.erb:40
  [1m[36mOrganization Load (0.4ms)[0m  [1m[34mSELECT "organizations".* FROM "organizations" WHERE "organizations"."id" = 2 LIMIT 1 /*action='index',application='MeetingRails',controller='landing'*/[0m
  ↳ app/views/layouts/application.html.erb:43
  Rendered layout layouts/application.html.erb (Duration: 7.3ms | GC: 0.0ms)
Completed 200 OK in 14ms (Views: 7.0ms | ActiveRecord: 1.0ms (2 queries, 0 cached) | GC: 0.0ms)


Started GET "/registrations/new" for ::1 at 2026-02-28 23:24:32 +0900
Processing by RegistrationsController#new as HTML
  Rendering layout layouts/application.html.erb
  Rendering registrations/new.html.erb within layouts/application
  Rendered registrations/new.html.erb within layouts/application (Duration: 0.7ms | GC: 0.0ms)
  [1m[36mUser Load (0.4ms)[0m  [1m[34mSELECT "users".* FROM "users" WHERE "users"."id" = 2 ORDER BY "users"."id" ASC LIMIT 1 /*action='new',application='MeetingRails',controller='registrations'*/[0m
  ↳ app/views/layouts/application.html.erb:40
  [1m[36mOrganization Load (0.3ms)[0m  [1m[34mSELECT "organizations".* FROM "organizations" WHERE "organizations"."id" = 2 LIMIT 1 /*action='new',application='MeetingRails',controller='registrations'*/[0m
  ↳ app/views/layouts/application.html.erb:43
  Rendered layout layouts/application.html.erb (Duration: 5.7ms | GC: 0.0ms)
Completed 200 OK in 13ms (Views: 5.8ms | ActiveRecord: 0.7ms (2 queries, 0 cached) | GC: 0.0ms)


Started GET "/" for ::1 at 2026-02-28 23:24:36 +0900
Processing by LandingController#index as HTML
  Rendering layout layouts/application.html.erb
  Rendering landing/index.html.erb within layouts/application
  Rendered landing/index.html.erb within layouts/application (Duration: 0.2ms | GC: 0.0ms)
  [1m[36mUser Load (0.4ms)[0m  [1m[34mSELECT "users".* FROM "users" WHERE "users"."id" = 2 ORDER BY "users"."id" ASC LIMIT 1 /*action='index',application='MeetingRails',controller='landing'*/[0m
  ↳ app/views/layouts/application.html.erb:40
  [1m[36mOrganization Load (0.2ms)[0m  [1m[34mSELECT "organizations".* FROM "organizations" WHERE "organizations"."id" = 2 LIMIT 1 /*action='index',application='MeetingRails',controller='landing'*/[0m
  ↳ app/views/layouts/application.html.erb:43
  Rendered layout layouts/application.html.erb (Duration: 4.9ms | GC: 0.0ms)
Completed 200 OK in 13ms (Views: 4.8ms | ActiveRecord: 0.6ms (2 queries, 0 cached) | GC: 0.0ms)


Started GET "/registrations/new" for ::1 at 2026-02-28 23:24:38 +0900
Processing by RegistrationsController#new as HTML
  Rendering layout layouts/application.html.erb
  Rendering registrations/new.html.erb within layouts/application
  Rendered registrations/new.html.erb within layouts/application (Duration: 0.8ms | GC: 0.0ms)
  [1m[36mUser Load (0.5ms)[0m  [1m[34mSELECT "users".* FROM "users" WHERE "users"."id" = 2 ORDER BY "users"."id" ASC LIMIT 1 /*action='new',application='MeetingRails',controller='registrations'*/[0m
  ↳ app/views/layouts/application.html.erb:40
  [1m[36mOrganization Load (0.4ms)[0m  [1m[34mSELECT "organizations".* FROM "organizations" WHERE "organizations"."id" = 2 LIMIT 1 /*action='new',application='MeetingRails',controller='registrations'*/[0m
  ↳ app/views/layouts/application.html.erb:43
  Rendered layout layouts/application.html.erb (Duration: 7.6ms | GC: 0.0ms)
Completed 200 OK in 14ms (Views: 7.5ms | ActiveRecord: 0.8ms (2 queries, 0 cached) | GC: 0.0ms)


Started GET "/users/sign_in" for ::1 at 2026-02-28 23:24:38 +0900
Processing by Devise::SessionsController#new as HTML
  [1m[36mUser Load (0.5ms)[0m  [1m[34mSELECT "users".* FROM "users" WHERE "users"."id" = 2 ORDER BY "users"."id" ASC LIMIT 1 /*action='new',application='MeetingRails',controller='sessions'*/[0m
Redirected to http://abc-h.localhost:3000/
Filter chain halted as :require_no_authentication rendered or redirected
Completed 302 Found in 6ms (ActiveRecord: 0.5ms (1 query, 0 cached) | GC: 0.0ms)


Started GET "/" for ::1 at 2026-02-28 23:24:38 +0900
Processing by LandingController#index as HTML
  Rendering layout layouts/application.html.erb
  Rendering landing/index.html.erb within layouts/application
  Rendered landing/index.html.erb within layouts/application (Duration: 0.2ms | GC: 0.0ms)
  [1m[36mUser Load (0.5ms)[0m  [1m[34mSELECT "users".* FROM "users" WHERE "users"."id" = 2 ORDER BY "users"."id" ASC LIMIT 1 /*action='index',application='MeetingRails',controller='landing'*/[0m
  ↳ app/views/layouts/application.html.erb:40
  [1m[36mOrganization Load (0.3ms)[0m  [1m[34mSELECT "organizations".* FROM "organizations" WHERE "organizations"."id" = 2 LIMIT 1 /*action='index',application='MeetingRails',controller='landing'*/[0m
  ↳ app/views/layouts/application.html.erb:43
  Rendered layout layouts/application.html.erb (Duration: 6.2ms | GC: 0.0ms)
Completed 200 OK in 14ms (Views: 6.2ms | ActiveRecord: 0.7ms (2 queries, 0 cached) | GC: 0.0ms)


Started GET "/users/sign_in" for ::1 at 2026-02-28 23:24:39 +0900
Processing by Devise::SessionsController#new as HTML
  [1m[36mUser Load (0.4ms)[0m  [1m[34mSELECT "users".* FROM "users" WHERE "users"."id" = 2 ORDER BY "users"."id" ASC LIMIT 1 /*action='new',application='MeetingRails',controller='sessions'*/[0m
Redirected to http://abc-h.localhost:3000/
Filter chain halted as :require_no_authentication rendered or redirected
Completed 302 Found in 6ms (ActiveRecord: 0.4ms (1 query, 0 cached) | GC: 0.0ms)


Started GET "/" for ::1 at 2026-02-28 23:24:39 +0900
Processing by LandingController#index as HTML
  Rendering layout layouts/application.html.erb
  Rendering landing/index.html.erb within layouts/application
  Rendered landing/index.html.erb within layouts/application (Duration: 0.3ms | GC: 0.0ms)
  [1m[36mUser Load (0.4ms)[0m  [1m[34mSELECT "users".* FROM "users" WHERE "users"."id" = 2 ORDER BY "users"."id" ASC LIMIT 1 /*action='index',application='MeetingRails',controller='landing'*/[0m
  ↳ app/views/layouts/application.html.erb:40
  [1m[36mOrganization Load (0.3ms)[0m  [1m[34mSELECT "organizations".* FROM "organizations" WHERE "organizations"."id" = 2 LIMIT 1 /*action='index',application='MeetingRails',controller='landing'*/[0m
  ↳ app/views/layouts/application.html.erb:43
  Rendered layout layouts/application.html.erb (Duration: 7.0ms | GC: 0.0ms)
Completed 200 OK in 14ms (Views: 6.9ms | ActiveRecord: 0.7ms (2 queries, 0 cached) | GC: 0.0ms)


